"status","kind","path","url","title","headings","content_lead","internal_link_count","error"
"200","account","/account/forgot-password/","http://www.thuccoffee.com.vn/account/forgot-password/","Thức Coffee - Open 24/7 - Forgot Password","H1: Nhập email của bạn | H4: THỨC COFFEE - OPEN 24/7 Hotline: 1800 6230 | H4: © 2018. All Right Reserved. Thức Coffee","Thức Coffee - Open 24/7 - Forgot Password Trang chủ Menu Chuyện của Thức Về chúng tôi Cửa hàng Chính sách thành viên Tuyển Dụng Liên Hệ Đăng Nhập Nhận tin khuyến mãi của Thức 1800 6230 info.thuccoffee247@gmail.com 1800 6230 Menu Chuyện của Thức Về chúng tôi Cửa hàng Chính sách thành viên Tuyển Dụng Liên Hệ Thức uống Tin tức Trang chủ Forgot Password Nhập email của bạn Gửi THỨC COFFEE - OPEN 24/7 Hotline: 1800 6230 Trang chủ Menu Chuyện của Thức Về chúng tôi Cửa hàng Tuyển Dụng Liên Hệ Cookie & P","11",
"200","account","/account/login/","http://www.thuccoffee.com.vn/account/login/","Thức Coffee - Open 24/7 - Đăng Nhập","H1: Đăng nhập | H4: THỨC COFFEE - OPEN 24/7 Hotline: 1800 6230 | H4: © 2018. All Right Reserved. Thức Coffee","Thức Coffee - Open 24/7 - Đăng Nhập Trang chủ Menu Chuyện của Thức Về chúng tôi Cửa hàng Chính sách thành viên Tuyển Dụng Liên Hệ Đăng Nhập Nhận tin khuyến mãi của Thức 1800 6230 info.thuccoffee247@gmail.com 1800 6230 Menu Chuyện của Thức Về chúng tôi Cửa hàng Chính sách thành viên Tuyển Dụng Liên Hệ Thức uống Tin tức Trang chủ Đăng Nhập Đăng nhập Email Mật khẩu Ghi nhớ đăng nhập Quên mật khẩu Đăng nhập THỨC COFFEE - OPEN 24/7 Hotline: 1800 6230 Trang chủ Menu Chuyện của Thức Về chúng tôi Cửa hà","12",
"200","home","/","http://www.thuccoffee.com.vn/","Thức Coffee - Open 24/7 - Trang chủ","H2: Top thức uống được ưa thích | H2: Ưu đãi khi đến với Thức | H2: Chuyện của Thức | H2: Hệ thống cửa hàng | H4: Thức Coffee - 40D Lý Tự Trọng | H4: Thức Coffee - Đường 41 | H4: Thức Coffee - 42 Cống Quỳnh | H4: Thức Coffee - 42 Hoa Phượng | H4: Thức Coffee - 45 Nguyễn Oanh | H4: Thức Coffee - 320 Nguyễn Thái Sơn | H4: Thức Coffee - 37 Lý Tự Trọng | H2: Bộ sưu tập của Thức | H4: THỨC COFFEE - OPEN 24/7 Hotline: 1800 6230 | H4: © 2018. All Right Reserved. Thức Coffee","Thức Coffee - Open 24/7 - Trang chủ Trang chủ Menu Chuyện của Thức Về chúng tôi Cửa hàng Chính sách thành viên Tuyển Dụng Liên Hệ Đăng Nhập Nhận tin khuyến mãi của Thức 1800 6230 info.thuccoffee247@gmail.com 1800 6230 Menu Chuyện của Thức Về chúng tôi Cửa hàng Chính sách thành viên Tuyển Dụng Liên Hệ Thức uống Tin tức Top thức uống được ưa thích SẢN PHẨM MỚI BERRY MANGO 59.000đ SẢN PHẨM MỚI COCO MANGO 59.000đ SẢN PHẨM MỚI LYCHEE MANGO 59.000đ SẢN PHẨM MỚI HONEY LEMON COLD BREW 55.000đ SẢN PHẨM M","38",
"500","menu-category","/menu/banh-trung-thu-t1p1s587/","http://www.thuccoffee.com.vn/menu/banh-trung-thu-t1p1s587/","","","","0","The remote server returned an error: (500) Internal Server Error."
"500","menu-category","/menu/banh-trung-thu-t1p1s763/","http://www.thuccoffee.com.vn/menu/banh-trung-thu-t1p1s763/","","","","0","The remote server returned an error: (500) Internal Server Error."
"200","menu-category","/menu/blended-t1p1s119/","http://www.thuccoffee.com.vn/menu/blended-t1p1s119/","Thức Coffee - Open 24/7 - BLENDED","H2: Thức Menu | H2: BLENDED | H2: Ưu đãi khi đến với Thức | H4: THỨC COFFEE - OPEN 24/7 Hotline: 1800 6230 | H4: © 2018. All Right Reserved. Thức Coffee","Thức Coffee - Open 24/7 - BLENDED Trang chủ Menu Chuyện của Thức Về chúng tôi Cửa hàng Chính sách thành viên Tuyển Dụng Liên Hệ Đăng Nhập Nhận tin khuyến mãi của Thức 1800 6230 info.thuccoffee247@gmail.com 1800 6230 Menu Chuyện của Thức Về chúng tôi Cửa hàng Chính sách thành viên Tuyển Dụng Liên Hệ Thức uống Tin tức Trang chủ Menu BLENDED Thức Menu SẢN PHẨM MỚI Yêu thích nhất MANGO BREEZE COLD BREW ORIGINS COFFEE NON-COFFEE TEA MILK TEA BLENDED CAKE SẢN PHẨM MỚI Yêu thích nhất MANGO BREEZE COLD ","27",
"200","menu-category","/menu/cake-t1p1s136/","http://www.thuccoffee.com.vn/menu/cake-t1p1s136/","Thức Coffee - Open 24/7 - CAKE","H2: Thức Menu | H2: CAKE | H2: Ưu đãi khi đến với Thức | H4: THỨC COFFEE - OPEN 24/7 Hotline: 1800 6230 | H4: © 2018. All Right Reserved. Thức Coffee","Thức Coffee - Open 24/7 - CAKE Trang chủ Menu Chuyện của Thức Về chúng tôi Cửa hàng Chính sách thành viên Tuyển Dụng Liên Hệ Đăng Nhập Nhận tin khuyến mãi của Thức 1800 6230 info.thuccoffee247@gmail.com 1800 6230 Menu Chuyện của Thức Về chúng tôi Cửa hàng Chính sách thành viên Tuyển Dụng Liên Hệ Thức uống Tin tức Trang chủ Menu CAKE Thức Menu SẢN PHẨM MỚI Yêu thích nhất MANGO BREEZE COLD BREW ORIGINS COFFEE NON-COFFEE TEA MILK TEA BLENDED CAKE SẢN PHẨM MỚI Yêu thích nhất MANGO BREEZE COLD BREW O","26",
"500","menu-category","/menu/christmas-collection-t1p1s649/","http://www.thuccoffee.com.vn/menu/christmas-collection-t1p1s649/","","","","0","The remote server returned an error: (500) Internal Server Error."
"200","menu-category","/menu/coffee-t1p1s494/","http://www.thuccoffee.com.vn/menu/coffee-t1p1s494/","Thức Coffee - Open 24/7 - COFFEE","H2: Thức Menu | H2: COFFEE | H2: Ưu đãi khi đến với Thức | H4: THỨC COFFEE - OPEN 24/7 Hotline: 1800 6230 | H4: © 2018. All Right Reserved. Thức Coffee","Thức Coffee - Open 24/7 - COFFEE Trang chủ Menu Chuyện của Thức Về chúng tôi Cửa hàng Chính sách thành viên Tuyển Dụng Liên Hệ Đăng Nhập Nhận tin khuyến mãi của Thức 1800 6230 info.thuccoffee247@gmail.com 1800 6230 Menu Chuyện của Thức Về chúng tôi Cửa hàng Chính sách thành viên Tuyển Dụng Liên Hệ Thức uống Tin tức Trang chủ Menu COFFEE Thức Menu SẢN PHẨM MỚI Yêu thích nhất MANGO BREEZE COLD BREW ORIGINS COFFEE NON-COFFEE TEA MILK TEA BLENDED CAKE SẢN PHẨM MỚI Yêu thích nhất MANGO BREEZE COLD BR","34",
"200","menu-category","/menu/cold-brew-origins-t1p1s1408/","http://www.thuccoffee.com.vn/menu/cold-brew-origins-t1p1s1408/","Thức Coffee - Open 24/7 - COLD BREW ORIGINS","H2: Thức Menu | H2: COLD BREW ORIGINS | H2: Ưu đãi khi đến với Thức | H4: THỨC COFFEE - OPEN 24/7 Hotline: 1800 6230 | H4: © 2018. All Right Reserved. Thức Coffee","Thức Coffee - Open 24/7 - COLD BREW ORIGINS Trang chủ Menu Chuyện của Thức Về chúng tôi Cửa hàng Chính sách thành viên Tuyển Dụng Liên Hệ Đăng Nhập Nhận tin khuyến mãi của Thức 1800 6230 info.thuccoffee247@gmail.com 1800 6230 Menu Chuyện của Thức Về chúng tôi Cửa hàng Chính sách thành viên Tuyển Dụng Liên Hệ Thức uống Tin tức Trang chủ Menu COLD BREW ORIGINS Thức Menu SẢN PHẨM MỚI Yêu thích nhất MANGO BREEZE COLD BREW ORIGINS COFFEE NON-COFFEE TEA MILK TEA BLENDED CAKE SẢN PHẨM MỚI Yêu thích nhấ","25",
"200","menu-category","/menu/mango-breeze-t1p1s1470/","http://www.thuccoffee.com.vn/menu/mango-breeze-t1p1s1470/","Thức Coffee - Open 24/7 - MANGO BREEZE","H2: Thức Menu | H2: MANGO BREEZE | H2: Ưu đãi khi đến với Thức | H4: THỨC COFFEE - OPEN 24/7 Hotline: 1800 6230 | H4: © 2018. All Right Reserved. Thức Coffee","Thức Coffee - Open 24/7 - MANGO BREEZE Trang chủ Menu Chuyện của Thức Về chúng tôi Cửa hàng Chính sách thành viên Tuyển Dụng Liên Hệ Đăng Nhập Nhận tin khuyến mãi của Thức 1800 6230 info.thuccoffee247@gmail.com 1800 6230 Menu Chuyện của Thức Về chúng tôi Cửa hàng Chính sách thành viên Tuyển Dụng Liên Hệ Thức uống Tin tức Trang chủ Menu MANGO BREEZE Thức Menu SẢN PHẨM MỚI Yêu thích nhất MANGO BREEZE COLD BREW ORIGINS COFFEE NON-COFFEE TEA MILK TEA BLENDED CAKE SẢN PHẨM MỚI Yêu thích nhất MANGO BR","25",
"200","menu-category","/menu/milk-tea-t1p1s139/","http://www.thuccoffee.com.vn/menu/milk-tea-t1p1s139/","Thức Coffee - Open 24/7 - MILK TEA","H2: Thức Menu | H2: MILK TEA | H2: Ưu đãi khi đến với Thức | H4: THỨC COFFEE - OPEN 24/7 Hotline: 1800 6230 | H4: © 2018. All Right Reserved. Thức Coffee","Thức Coffee - Open 24/7 - MILK TEA Trang chủ Menu Chuyện của Thức Về chúng tôi Cửa hàng Chính sách thành viên Tuyển Dụng Liên Hệ Đăng Nhập Nhận tin khuyến mãi của Thức 1800 6230 info.thuccoffee247@gmail.com 1800 6230 Menu Chuyện của Thức Về chúng tôi Cửa hàng Chính sách thành viên Tuyển Dụng Liên Hệ Thức uống Tin tức Trang chủ Menu MILK TEA Thức Menu SẢN PHẨM MỚI Yêu thích nhất MANGO BREEZE COLD BREW ORIGINS COFFEE NON-COFFEE TEA MILK TEA BLENDED CAKE SẢN PHẨM MỚI Yêu thích nhất MANGO BREEZE COL","25",
"200","menu-category","/menu/non-coffee-t1p1s138/","http://www.thuccoffee.com.vn/menu/non-coffee-t1p1s138/","Thức Coffee - Open 24/7 - NON-COFFEE","H2: Thức Menu | H2: NON-COFFEE | H2: Ưu đãi khi đến với Thức | H4: THỨC COFFEE - OPEN 24/7 Hotline: 1800 6230 | H4: © 2018. All Right Reserved. Thức Coffee","Thức Coffee - Open 24/7 - NON-COFFEE Trang chủ Menu Chuyện của Thức Về chúng tôi Cửa hàng Chính sách thành viên Tuyển Dụng Liên Hệ Đăng Nhập Nhận tin khuyến mãi của Thức 1800 6230 info.thuccoffee247@gmail.com 1800 6230 Menu Chuyện của Thức Về chúng tôi Cửa hàng Chính sách thành viên Tuyển Dụng Liên Hệ Thức uống Tin tức Trang chủ Menu NON-COFFEE Thức Menu SẢN PHẨM MỚI Yêu thích nhất MANGO BREEZE COLD BREW ORIGINS COFFEE NON-COFFEE TEA MILK TEA BLENDED CAKE SẢN PHẨM MỚI Yêu thích nhất MANGO BREEZE","26",
"200","menu-category","/menu/san-pham-moi-t5p1s549/","http://www.thuccoffee.com.vn/menu/san-pham-moi-t5p1s549/","Thức Coffee - Open 24/7 - Menu","H2: Thức Menu | H2: SẢN PHẨM MỚI | H2: Ưu đãi khi đến với Thức | H4: THỨC COFFEE - OPEN 24/7 Hotline: 1800 6230 | H4: © 2018. All Right Reserved. Thức Coffee","Thức Coffee - Open 24/7 - Menu Trang chủ Menu Chuyện của Thức Về chúng tôi Cửa hàng Chính sách thành viên Tuyển Dụng Liên Hệ Đăng Nhập Nhận tin khuyến mãi của Thức 1800 6230 info.thuccoffee247@gmail.com 1800 6230 Menu Chuyện của Thức Về chúng tôi Cửa hàng Chính sách thành viên Tuyển Dụng Liên Hệ Thức uống Tin tức Trang chủ Menu Thức Menu SẢN PHẨM MỚI Yêu thích nhất MANGO BREEZE COLD BREW ORIGINS COFFEE NON-COFFEE TEA MILK TEA BLENDED CAKE SẢN PHẨM MỚI Yêu thích nhất MANGO BREEZE COLD BREW ORIGIN","38",
"200","menu-category","/menu/tea-t1p1s123/","http://www.thuccoffee.com.vn/menu/tea-t1p1s123/","Thức Coffee - Open 24/7 - TEA","H2: Thức Menu | H2: TEA | H2: Ưu đãi khi đến với Thức | H4: THỨC COFFEE - OPEN 24/7 Hotline: 1800 6230 | H4: © 2018. All Right Reserved. Thức Coffee","Thức Coffee - Open 24/7 - TEA Trang chủ Menu Chuyện của Thức Về chúng tôi Cửa hàng Chính sách thành viên Tuyển Dụng Liên Hệ Đăng Nhập Nhận tin khuyến mãi của Thức 1800 6230 info.thuccoffee247@gmail.com 1800 6230 Menu Chuyện của Thức Về chúng tôi Cửa hàng Chính sách thành viên Tuyển Dụng Liên Hệ Thức uống Tin tức Trang chủ Menu TEA Thức Menu SẢN PHẨM MỚI Yêu thích nhất MANGO BREEZE COLD BREW ORIGINS COFFEE NON-COFFEE TEA MILK TEA BLENDED CAKE SẢN PHẨM MỚI Yêu thích nhất MANGO BREEZE COLD BREW ORI","30",
"200","menu-category","/menu/yeu-thich-nhat-t5p1s548/","http://www.thuccoffee.com.vn/menu/yeu-thich-nhat-t5p1s548/","Thức Coffee - Open 24/7 - Menu","H2: Thức Menu | H2: Yêu thích nhất | H2: Ưu đãi khi đến với Thức | H4: THỨC COFFEE - OPEN 24/7 Hotline: 1800 6230 | H4: © 2018. All Right Reserved. Thức Coffee","Thức Coffee - Open 24/7 - Menu Trang chủ Menu Chuyện của Thức Về chúng tôi Cửa hàng Chính sách thành viên Tuyển Dụng Liên Hệ Đăng Nhập Nhận tin khuyến mãi của Thức 1800 6230 info.thuccoffee247@gmail.com 1800 6230 Menu Chuyện của Thức Về chúng tôi Cửa hàng Chính sách thành viên Tuyển Dụng Liên Hệ Thức uống Tin tức Trang chủ Menu Thức Menu SẢN PHẨM MỚI Yêu thích nhất MANGO BREEZE COLD BREW ORIGINS COFFEE NON-COFFEE TEA MILK TEA BLENDED CAKE SẢN PHẨM MỚI Yêu thích nhất MANGO BREEZE COLD BREW ORIGIN","41",
"200","menu-list","/menu/","http://www.thuccoffee.com.vn/menu/","Thức Coffee - Open 24/7 - Menu","H2: Thức Menu | H2: SẢN PHẨM MỚI | H2: Ưu đãi khi đến với Thức | H4: THỨC COFFEE - OPEN 24/7 Hotline: 1800 6230 | H4: © 2018. All Right Reserved. Thức Coffee","Thức Coffee - Open 24/7 - Menu Trang chủ Menu Chuyện của Thức Về chúng tôi Cửa hàng Chính sách thành viên Tuyển Dụng Liên Hệ Đăng Nhập Nhận tin khuyến mãi của Thức 1800 6230 info.thuccoffee247@gmail.com 1800 6230 Menu Chuyện của Thức Về chúng tôi Cửa hàng Chính sách thành viên Tuyển Dụng Liên Hệ Thức uống Tin tức Trang chủ Menu Thức Menu SẢN PHẨM MỚI Yêu thích nhất MANGO BREEZE COLD BREW ORIGINS COFFEE NON-COFFEE TEA MILK TEA BLENDED CAKE SẢN PHẨM MỚI Yêu thích nhất MANGO BREEZE COLD BREW ORIGIN","38",
"200","product-detail","/menu/americano-s153t2/","http://www.thuccoffee.com.vn/menu/americano-s153t2/","Thức Coffee - Open 24/7 - AMERICANO","H1: AMERICANO | H2: Sản phẩm cùng danh mục | H4: THỨC COFFEE - OPEN 24/7 Hotline: 1800 6230 | H4: © 2018. All Right Reserved. Thức Coffee","Thức Coffee - Open 24/7 - AMERICANO Trang chủ Menu Chuyện của Thức Về chúng tôi Cửa hàng Chính sách thành viên Tuyển Dụng Liên Hệ Đăng Nhập Nhận tin khuyến mãi của Thức 1800 6230 info.thuccoffee247@gmail.com 1800 6230 Menu Chuyện của Thức Về chúng tôi Cửa hàng Chính sách thành viên Tuyển Dụng Liên Hệ Thức uống Tin tức Trang chủ Menu AMERICANO AMERICANO AMERICANO (HOT) Lạnh (Size M) 45.000đ Lạnh (Size L) 55.000đ Nóng 45.000đ Order xin gọi: 1800 6230 Trở Lại Sản phẩm cùng danh mục SẢN PHẨM MỚI BLA","15",
"200","product-detail","/menu/berry-mango-s1473t2/","http://www.thuccoffee.com.vn/menu/berry-mango-s1473t2/","Thức Coffee - Open 24/7 - BERRY MANGO","H1: BERRY MANGO | H2: Sản phẩm cùng danh mục | H4: THỨC COFFEE - OPEN 24/7 Hotline: 1800 6230 | H4: © 2018. All Right Reserved. Thức Coffee","Thức Coffee - Open 24/7 - BERRY MANGO Trang chủ Menu Chuyện của Thức Về chúng tôi Cửa hàng Chính sách thành viên Tuyển Dụng Liên Hệ Đăng Nhập Nhận tin khuyến mãi của Thức 1800 6230 info.thuccoffee247@gmail.com 1800 6230 Menu Chuyện của Thức Về chúng tôi Cửa hàng Chính sách thành viên Tuyển Dụng Liên Hệ Thức uống Tin tức Trang chủ Menu BERRY MANGO BERRY MANGO Xoài Dâu Đá Xay - vị chua thanh của dâu tây mix cùng độ ngọt thơm của xoài, thêm topping dâu sấy giòn vui miệng, uống một ngụm là ""bật công","13",
"200","product-detail","/menu/biscuit-sticks-with-creamfoam-s1001t2/","http://www.thuccoffee.com.vn/menu/biscuit-sticks-with-creamfoam-s1001t2/","Thức Coffee - Open 24/7 - BISCUIT STICKS WITH CREAMFOAM","H1: BISCUIT STICKS WITH CREAMFOAM | H2: Sản phẩm cùng danh mục | H4: THỨC COFFEE - OPEN 24/7 Hotline: 1800 6230 | H4: © 2018. All Right Reserved. Thức Coffee","Thức Coffee - Open 24/7 - BISCUIT STICKS WITH CREAMFOAM Trang chủ Menu Chuyện của Thức Về chúng tôi Cửa hàng Chính sách thành viên Tuyển Dụng Liên Hệ Đăng Nhập Nhận tin khuyến mãi của Thức 1800 6230 info.thuccoffee247@gmail.com 1800 6230 Menu Chuyện của Thức Về chúng tôi Cửa hàng Chính sách thành viên Tuyển Dụng Liên Hệ Thức uống Tin tức Trang chủ Menu BISCUIT STICKS WITH CREAMFOAM BISCUIT STICKS WITH CREAMFOAM BÁNH QUE CHẤM KEM mang vị mặn nhè nhẹ của bánh, chấm lớp kem sữa beo béo, tuy đơn giả","14",
"200","product-detail","/menu/black-coffee-s145t2/","http://www.thuccoffee.com.vn/menu/black-coffee-s145t2/","Thức Coffee - Open 24/7 - BLACK COFFEE","H1: BLACK COFFEE | H2: Sản phẩm cùng danh mục | H4: THỨC COFFEE - OPEN 24/7 Hotline: 1800 6230 | H4: © 2018. All Right Reserved. Thức Coffee","Thức Coffee - Open 24/7 - BLACK COFFEE Trang chủ Menu Chuyện của Thức Về chúng tôi Cửa hàng Chính sách thành viên Tuyển Dụng Liên Hệ Đăng Nhập Nhận tin khuyến mãi của Thức 1800 6230 info.thuccoffee247@gmail.com 1800 6230 Menu Chuyện của Thức Về chúng tôi Cửa hàng Chính sách thành viên Tuyển Dụng Liên Hệ Thức uống Tin tức Trang chủ Menu BLACK COFFEE BLACK COFFEE CÀ PHÊ ĐEN Lạnh (size S) 35.000đ Lạnh (size M) 39.000đ Lạnh (size L) 49.000đ Nóng 39.000đ Order xin gọi: 1800 6230 Trở Lại Sản phẩm cùng","15",
"200","product-detail","/menu/black-cold-brew-coffee-s1378t2/","http://www.thuccoffee.com.vn/menu/black-cold-brew-coffee-s1378t2/","Thức Coffee - Open 24/7 - BLACK COLD BREW COFFEE","H1: BLACK COLD BREW COFFEE | H2: Sản phẩm cùng danh mục | H4: THỨC COFFEE - OPEN 24/7 Hotline: 1800 6230 | H4: © 2018. All Right Reserved. Thức Coffee","Thức Coffee - Open 24/7 - BLACK COLD BREW COFFEE Trang chủ Menu Chuyện của Thức Về chúng tôi Cửa hàng Chính sách thành viên Tuyển Dụng Liên Hệ Đăng Nhập Nhận tin khuyến mãi của Thức 1800 6230 info.thuccoffee247@gmail.com 1800 6230 Menu Chuyện của Thức Về chúng tôi Cửa hàng Chính sách thành viên Tuyển Dụng Liên Hệ Thức uống Tin tức Trang chủ Menu BLACK COLD BREW COFFEE BLACK COLD BREW COFFEE Capacity: 230ML with 100% Arabica 55.000đ Order xin gọi: 1800 6230 Trở Lại Sản phẩm cùng danh mục SẢN PHẨM","15",
"200","product-detail","/menu/cappuccino-s155t2/","http://www.thuccoffee.com.vn/menu/cappuccino-s155t2/","Thức Coffee - Open 24/7 - CAPPUCCINO","H1: CAPPUCCINO | H2: Sản phẩm cùng danh mục | H4: THỨC COFFEE - OPEN 24/7 Hotline: 1800 6230 | H4: © 2018. All Right Reserved. Thức Coffee","Thức Coffee - Open 24/7 - CAPPUCCINO Trang chủ Menu Chuyện của Thức Về chúng tôi Cửa hàng Chính sách thành viên Tuyển Dụng Liên Hệ Đăng Nhập Nhận tin khuyến mãi của Thức 1800 6230 info.thuccoffee247@gmail.com 1800 6230 Menu Chuyện của Thức Về chúng tôi Cửa hàng Chính sách thành viên Tuyển Dụng Liên Hệ Thức uống Tin tức Trang chủ Menu CAPPUCCINO CAPPUCCINO Lạnh (Size M) 50.000đ Lạnh (Size L) 60.000đ Nóng 50.000đ Order xin gọi: 1800 6230 Trở Lại Sản phẩm cùng danh mục SẢN PHẨM MỚI BLACK COLD BREW ","15",
"200","product-detail","/menu/caramel-coffee-jelly-ib-s259t2/","http://www.thuccoffee.com.vn/menu/caramel-coffee-jelly-ib-s259t2/","Thức Coffee - Open 24/7 - CARAMEL COFFEE JELLY IB","H1: CARAMEL COFFEE JELLY IB | H2: Sản phẩm cùng danh mục | H4: THỨC COFFEE - OPEN 24/7 Hotline: 1800 6230 | H4: © 2018. All Right Reserved. Thức Coffee","Thức Coffee - Open 24/7 - CARAMEL COFFEE JELLY IB Trang chủ Menu Chuyện của Thức Về chúng tôi Cửa hàng Chính sách thành viên Tuyển Dụng Liên Hệ Đăng Nhập Nhận tin khuyến mãi của Thức 1800 6230 info.thuccoffee247@gmail.com 1800 6230 Menu Chuyện của Thức Về chúng tôi Cửa hàng Chính sách thành viên Tuyển Dụng Liên Hệ Thức uống Tin tức Trang chủ Menu CARAMEL COFFEE JELLY IB CARAMEL COFFEE JELLY IB CÀ PHÊ CARAMEL ĐÁ XAY SIZE M 55.000đ SIZE L 65.000đ Order xin gọi: 1800 6230 Trở Lại Sản phẩm cùng danh","15",
"200","product-detail","/menu/chocolate-ib-s263t2/","http://www.thuccoffee.com.vn/menu/chocolate-ib-s263t2/","Thức Coffee - Open 24/7 - CHOCOLATE IB","H1: CHOCOLATE IB | H2: Sản phẩm cùng danh mục | H4: THỨC COFFEE - OPEN 24/7 Hotline: 1800 6230 | H4: © 2018. All Right Reserved. Thức Coffee","Thức Coffee - Open 24/7 - CHOCOLATE IB Trang chủ Menu Chuyện của Thức Về chúng tôi Cửa hàng Chính sách thành viên Tuyển Dụng Liên Hệ Đăng Nhập Nhận tin khuyến mãi của Thức 1800 6230 info.thuccoffee247@gmail.com 1800 6230 Menu Chuyện của Thức Về chúng tôi Cửa hàng Chính sách thành viên Tuyển Dụng Liên Hệ Thức uống Tin tức Trang chủ Menu CHOCOLATE IB CHOCOLATE IB SÔ-CÔ-LA ĐÁ XAY SIZE M 55.000đ SIZE L 65.000đ Order xin gọi: 1800 6230 Trở Lại Sản phẩm cùng danh mục Yêu thích nhất KUMQUAT COOLER 65.0","15",
"200","product-detail","/menu/chocolate-s167t2/","http://www.thuccoffee.com.vn/menu/chocolate-s167t2/","Thức Coffee - Open 24/7 - CHOCOLATE","H1: CHOCOLATE | H2: Sản phẩm cùng danh mục | H4: THỨC COFFEE - OPEN 24/7 Hotline: 1800 6230 | H4: © 2018. All Right Reserved. Thức Coffee","Thức Coffee - Open 24/7 - CHOCOLATE Trang chủ Menu Chuyện của Thức Về chúng tôi Cửa hàng Chính sách thành viên Tuyển Dụng Liên Hệ Đăng Nhập Nhận tin khuyến mãi của Thức 1800 6230 info.thuccoffee247@gmail.com 1800 6230 Menu Chuyện của Thức Về chúng tôi Cửa hàng Chính sách thành viên Tuyển Dụng Liên Hệ Thức uống Tin tức Trang chủ Menu CHOCOLATE CHOCOLATE SÔ-CÔ-LA SỮA Lạnh (Size M) 55.000đ Lạnh (Size L) 65.000đ HOT 55.000đ Order xin gọi: 1800 6230 Trở Lại Sản phẩm cùng danh mục SẢN PHẨM MỚI COCO MA","14",
"500","product-detail","/menu/christmas-vanilla-peppermint-s652t2/","http://www.thuccoffee.com.vn/menu/christmas-vanilla-peppermint-s652t2/","","","","0","The remote server returned an error: (500) Internal Server Error."
"200","product-detail","/menu/cinnamon-orange-cold-brew-s1435t2/","http://www.thuccoffee.com.vn/menu/cinnamon-orange-cold-brew-s1435t2/","Thức Coffee - Open 24/7 - CINNAMON ORANGE COLD BREW","H1: CINNAMON ORANGE COLD BREW | H2: Sản phẩm cùng danh mục | H4: THỨC COFFEE - OPEN 24/7 Hotline: 1800 6230 | H4: © 2018. All Right Reserved. Thức Coffee","Thức Coffee - Open 24/7 - CINNAMON ORANGE COLD BREW Trang chủ Menu Chuyện của Thức Về chúng tôi Cửa hàng Chính sách thành viên Tuyển Dụng Liên Hệ Đăng Nhập Nhận tin khuyến mãi của Thức 1800 6230 info.thuccoffee247@gmail.com 1800 6230 Menu Chuyện của Thức Về chúng tôi Cửa hàng Chính sách thành viên Tuyển Dụng Liên Hệ Thức uống Tin tức Trang chủ Menu CINNAMON ORANGE COLD BREW CINNAMON ORANGE COLD BREW Cà phê ủ lạnh Cam Quế được mix match từ nước cam tươi và cà phê ủ lạnh thanh mát thoang thoảng hư","13",
"200","product-detail","/menu/cinnamon-tea-s181t2/","http://www.thuccoffee.com.vn/menu/cinnamon-tea-s181t2/","Thức Coffee - Open 24/7 - CINNAMON TEA","H1: CINNAMON TEA | H2: Sản phẩm cùng danh mục | H4: THỨC COFFEE - OPEN 24/7 Hotline: 1800 6230 | H4: © 2018. All Right Reserved. Thức Coffee","Thức Coffee - Open 24/7 - CINNAMON TEA Trang chủ Menu Chuyện của Thức Về chúng tôi Cửa hàng Chính sách thành viên Tuyển Dụng Liên Hệ Đăng Nhập Nhận tin khuyến mãi của Thức 1800 6230 info.thuccoffee247@gmail.com 1800 6230 Menu Chuyện của Thức Về chúng tôi Cửa hàng Chính sách thành viên Tuyển Dụng Liên Hệ Thức uống Tin tức Trang chủ Menu CINNAMON TEA CINNAMON TEA TRÀ QUẾ HOA HỒI COLD (SIZE S) 45.000đ HOT 45.000đ Order xin gọi: 1800 6230 Trở Lại Sản phẩm cùng danh mục SẢN PHẨM MỚI GOLDEN BERRY PASS","15",
"200","product-detail","/menu/coco-coffee-iceblend-s1138t2/","http://www.thuccoffee.com.vn/menu/coco-coffee-iceblend-s1138t2/","Thức Coffee - Open 24/7 - COCO COFFEE ICEBLEND","H1: COCO COFFEE ICEBLEND | H2: Sản phẩm cùng danh mục | H4: THỨC COFFEE - OPEN 24/7 Hotline: 1800 6230 | H4: © 2018. All Right Reserved. Thức Coffee","Thức Coffee - Open 24/7 - COCO COFFEE ICEBLEND Trang chủ Menu Chuyện của Thức Về chúng tôi Cửa hàng Chính sách thành viên Tuyển Dụng Liên Hệ Đăng Nhập Nhận tin khuyến mãi của Thức 1800 6230 info.thuccoffee247@gmail.com 1800 6230 Menu Chuyện của Thức Về chúng tôi Cửa hàng Chính sách thành viên Tuyển Dụng Liên Hệ Thức uống Tin tức Trang chủ Menu COCO COFFEE ICEBLEND COCO COFFEE ICEBLEND COCO COFFEE ICEBLEND (Cà Phê Dừa) sự kết hợp độc đáo từ cà phê và dừa trên nền đá xay mát lạnh, thoảng chút đắng","15",
"200","product-detail","/menu/coco-cold-brew-s1434t2/","http://www.thuccoffee.com.vn/menu/coco-cold-brew-s1434t2/","Thức Coffee - Open 24/7 - COCO COLD BREW","H1: COCO COLD BREW | H2: Sản phẩm cùng danh mục | H4: THỨC COFFEE - OPEN 24/7 Hotline: 1800 6230 | H4: © 2018. All Right Reserved. Thức Coffee","Thức Coffee - Open 24/7 - COCO COLD BREW Trang chủ Menu Chuyện của Thức Về chúng tôi Cửa hàng Chính sách thành viên Tuyển Dụng Liên Hệ Đăng Nhập Nhận tin khuyến mãi của Thức 1800 6230 info.thuccoffee247@gmail.com 1800 6230 Menu Chuyện của Thức Về chúng tôi Cửa hàng Chính sách thành viên Tuyển Dụng Liên Hệ Thức uống Tin tức Trang chủ Menu COCO COLD BREW COCO COLD BREW Cà phê ủ lạnh Dừa sự kết hợp thanh mát từ nước dừa mang vị ngọt nhẹ cùng cà phê ủ lạnh đặc trưng Thức Coffee. 55.000đ Order xin gọ","13",
"200","product-detail","/menu/coco-latte-s1400t2/","http://www.thuccoffee.com.vn/menu/coco-latte-s1400t2/","Thức Coffee - Open 24/7 - COCO LATTE","H1: COCO LATTE | H2: Sản phẩm cùng danh mục | H4: THỨC COFFEE - OPEN 24/7 Hotline: 1800 6230 | H4: © 2018. All Right Reserved. Thức Coffee","Thức Coffee - Open 24/7 - COCO LATTE Trang chủ Menu Chuyện của Thức Về chúng tôi Cửa hàng Chính sách thành viên Tuyển Dụng Liên Hệ Đăng Nhập Nhận tin khuyến mãi của Thức 1800 6230 info.thuccoffee247@gmail.com 1800 6230 Menu Chuyện của Thức Về chúng tôi Cửa hàng Chính sách thành viên Tuyển Dụng Liên Hệ Thức uống Tin tức Trang chủ Menu COCO LATTE COCO LATTE CÀ PHÊ SỮA DỪA 60.000đ Order xin gọi: 1800 6230 Trở Lại Sản phẩm cùng danh mục SẢN PHẨM MỚI BLACK COLD BREW COFFEE 55.000đ SẢN PHẨM MỚI EGG CO","15",
"200","product-detail","/menu/coco-mango-s1472t2/","http://www.thuccoffee.com.vn/menu/coco-mango-s1472t2/","Thức Coffee - Open 24/7 - COCO MANGO","H1: COCO MANGO | H2: Sản phẩm cùng danh mục | H4: THỨC COFFEE - OPEN 24/7 Hotline: 1800 6230 | H4: © 2018. All Right Reserved. Thức Coffee","Thức Coffee - Open 24/7 - COCO MANGO Trang chủ Menu Chuyện của Thức Về chúng tôi Cửa hàng Chính sách thành viên Tuyển Dụng Liên Hệ Đăng Nhập Nhận tin khuyến mãi của Thức 1800 6230 info.thuccoffee247@gmail.com 1800 6230 Menu Chuyện của Thức Về chúng tôi Cửa hàng Chính sách thành viên Tuyển Dụng Liên Hệ Thức uống Tin tức Trang chủ Menu COCO MANGO COCO MANGO Xoài Dừa Đá Xay - Gấp đôi sự nhiệt đới với vị béo nhẹ từ dừa nhấn nhá trên nền xoài ngọt dịu, cuốn cuốn, dính dính không thể rời môi. 59.000đ ","13",
"200","product-detail","/menu/coco-matcha-s1403t2/","http://www.thuccoffee.com.vn/menu/coco-matcha-s1403t2/","Thức Coffee - Open 24/7 - COCO MATCHA","H1: COCO MATCHA | H2: Sản phẩm cùng danh mục | H4: THỨC COFFEE - OPEN 24/7 Hotline: 1800 6230 | H4: © 2018. All Right Reserved. Thức Coffee","Thức Coffee - Open 24/7 - COCO MATCHA Trang chủ Menu Chuyện của Thức Về chúng tôi Cửa hàng Chính sách thành viên Tuyển Dụng Liên Hệ Đăng Nhập Nhận tin khuyến mãi của Thức 1800 6230 info.thuccoffee247@gmail.com 1800 6230 Menu Chuyện của Thức Về chúng tôi Cửa hàng Chính sách thành viên Tuyển Dụng Liên Hệ Thức uống Tin tức Trang chủ Menu COCO MATCHA COCO MATCHA 65.000đ Order xin gọi: 1800 6230 Trở Lại Sản phẩm cùng danh mục SẢN PHẨM MỚI SALTED CREAMFOAM CHOCO 65.000đ MATCHA TEA LATTE 55.000đ CHOCOL","14",
"500","product-detail","/menu/combo-christmas-vanilla-peppermint-frozen-cake-s653t2/","http://www.thuccoffee.com.vn/menu/combo-christmas-vanilla-peppermint-frozen-cake-s653t2/","","","","0","The remote server returned an error: (500) Internal Server Error."
"500","product-detail","/menu/combo-frozen-blue-ocean-frozen-cake-s654t2/","http://www.thuccoffee.com.vn/menu/combo-frozen-blue-ocean-frozen-cake-s654t2/","","","","0","The remote server returned an error: (500) Internal Server Error."
"200","product-detail","/menu/cookie-matcha-land-s201t2/","http://www.thuccoffee.com.vn/menu/cookie-matcha-land-s201t2/","Thức Coffee - Open 24/7 - COOKIE MATCHA LAND","H1: COOKIE MATCHA LAND | H2: Sản phẩm cùng danh mục | H4: THỨC COFFEE - OPEN 24/7 Hotline: 1800 6230 | H4: © 2018. All Right Reserved. Thức Coffee","Thức Coffee - Open 24/7 - COOKIE MATCHA LAND Trang chủ Menu Chuyện của Thức Về chúng tôi Cửa hàng Chính sách thành viên Tuyển Dụng Liên Hệ Đăng Nhập Nhận tin khuyến mãi của Thức 1800 6230 info.thuccoffee247@gmail.com 1800 6230 Menu Chuyện của Thức Về chúng tôi Cửa hàng Chính sách thành viên Tuyển Dụng Liên Hệ Thức uống Tin tức Trang chủ Menu COOKIE MATCHA LAND COOKIE MATCHA LAND TRÀ XANH OREO ĐÁ XAY 65.000đ Order xin gọi: 1800 6230 Trở Lại Sản phẩm cùng danh mục Yêu thích nhất KUMQUAT COOLER 65.","15",
"200","product-detail","/menu/egg-coffee-s1243t2/","http://www.thuccoffee.com.vn/menu/egg-coffee-s1243t2/","Thức Coffee - Open 24/7 - EGG COFFEE","H1: EGG COFFEE | H2: Sản phẩm cùng danh mục | H4: THỨC COFFEE - OPEN 24/7 Hotline: 1800 6230 | H4: © 2018. All Right Reserved. Thức Coffee","Thức Coffee - Open 24/7 - EGG COFFEE Trang chủ Menu Chuyện của Thức Về chúng tôi Cửa hàng Chính sách thành viên Tuyển Dụng Liên Hệ Đăng Nhập Nhận tin khuyến mãi của Thức 1800 6230 info.thuccoffee247@gmail.com 1800 6230 Menu Chuyện của Thức Về chúng tôi Cửa hàng Chính sách thành viên Tuyển Dụng Liên Hệ Thức uống Tin tức Trang chủ Menu EGG COFFEE EGG COFFEE Cà Phê Trứng một món cà phê nóng được biến tấu cùng kem trứng béo mịn, vị đắng nhẹ của cà phê và vị béo của trứng hoà quyện vô cùng hấp dẫn. L","15",
"200","product-detail","/menu/espresso-s152t2/","http://www.thuccoffee.com.vn/menu/espresso-s152t2/","Thức Coffee - Open 24/7 - ESPRESSO","H1: ESPRESSO | H2: Sản phẩm cùng danh mục | H4: THỨC COFFEE - OPEN 24/7 Hotline: 1800 6230 | H4: © 2018. All Right Reserved. Thức Coffee","Thức Coffee - Open 24/7 - ESPRESSO Trang chủ Menu Chuyện của Thức Về chúng tôi Cửa hàng Chính sách thành viên Tuyển Dụng Liên Hệ Đăng Nhập Nhận tin khuyến mãi của Thức 1800 6230 info.thuccoffee247@gmail.com 1800 6230 Menu Chuyện của Thức Về chúng tôi Cửa hàng Chính sách thành viên Tuyển Dụng Liên Hệ Thức uống Tin tức Trang chủ Menu ESPRESSO ESPRESSO Nóng (size M) 39.000đ Nóng (size L) 49.000đ Order xin gọi: 1800 6230 Trở Lại Sản phẩm cùng danh mục SẢN PHẨM MỚI BLACK COLD BREW COFFEE 55.000đ SẢN ","15",
"200","product-detail","/menu/flan-gato-s1016t2/","http://www.thuccoffee.com.vn/menu/flan-gato-s1016t2/","Thức Coffee - Open 24/7 - FLAN GATO","H1: FLAN GATO | H2: Sản phẩm cùng danh mục | H4: THỨC COFFEE - OPEN 24/7 Hotline: 1800 6230 | H4: © 2018. All Right Reserved. Thức Coffee","Thức Coffee - Open 24/7 - FLAN GATO Trang chủ Menu Chuyện của Thức Về chúng tôi Cửa hàng Chính sách thành viên Tuyển Dụng Liên Hệ Đăng Nhập Nhận tin khuyến mãi của Thức 1800 6230 info.thuccoffee247@gmail.com 1800 6230 Menu Chuyện của Thức Về chúng tôi Cửa hàng Chính sách thành viên Tuyển Dụng Liên Hệ Thức uống Tin tức Trang chủ Menu FLAN GATO FLAN GATO Flan Gato vớt cốt bông lan mềm cùng lớp flan caramel béo ngậy, rất hợp vị team thích béo. 39.000đ Order xin gọi: 1800 6230 Trở Lại Sản phẩm cùng ","14",
"500","product-detail","/menu/frozen-blue-ocean-s651t2/","http://www.thuccoffee.com.vn/menu/frozen-blue-ocean-s651t2/","","","","0","The remote server returned an error: (500) Internal Server Error."
"500","product-detail","/menu/frozen-cake-s650t2/","http://www.thuccoffee.com.vn/menu/frozen-cake-s650t2/","","","","0","The remote server returned an error: (500) Internal Server Error."
"200","product-detail","/menu/golden-berry-passion-tea-s1406t2/","http://www.thuccoffee.com.vn/menu/golden-berry-passion-tea-s1406t2/","Thức Coffee - Open 24/7 - GOLDEN BERRY PASSION TEA","H1: GOLDEN BERRY PASSION TEA | H2: Sản phẩm cùng danh mục | H4: THỨC COFFEE - OPEN 24/7 Hotline: 1800 6230 | H4: © 2018. All Right Reserved. Thức Coffee","Thức Coffee - Open 24/7 - GOLDEN BERRY PASSION TEA Trang chủ Menu Chuyện của Thức Về chúng tôi Cửa hàng Chính sách thành viên Tuyển Dụng Liên Hệ Đăng Nhập Nhận tin khuyến mãi của Thức 1800 6230 info.thuccoffee247@gmail.com 1800 6230 Menu Chuyện của Thức Về chúng tôi Cửa hàng Chính sách thành viên Tuyển Dụng Liên Hệ Thức uống Tin tức Trang chủ Menu GOLDEN BERRY PASSION TEA GOLDEN BERRY PASSION TEA TRÀ TẦM BÓP CHANH DÂY HẠT ĐÁC 65.000đ Order xin gọi: 1800 6230 Trở Lại Sản phẩm cùng danh mục Yêu th","15",
"200","product-detail","/menu/honey-lemon-cold-brew-s1436t2/","http://www.thuccoffee.com.vn/menu/honey-lemon-cold-brew-s1436t2/","Thức Coffee - Open 24/7 - HONEY LEMON COLD BREW","H1: HONEY LEMON COLD BREW | H2: Sản phẩm cùng danh mục | H4: THỨC COFFEE - OPEN 24/7 Hotline: 1800 6230 | H4: © 2018. All Right Reserved. Thức Coffee","Thức Coffee - Open 24/7 - HONEY LEMON COLD BREW Trang chủ Menu Chuyện của Thức Về chúng tôi Cửa hàng Chính sách thành viên Tuyển Dụng Liên Hệ Đăng Nhập Nhận tin khuyến mãi của Thức 1800 6230 info.thuccoffee247@gmail.com 1800 6230 Menu Chuyện của Thức Về chúng tôi Cửa hàng Chính sách thành viên Tuyển Dụng Liên Hệ Thức uống Tin tức Trang chủ Menu HONEY LEMON COLD BREW HONEY LEMON COLD BREW Cà phê ủ lạnh Chanh Mật Ong mang vị chua nhẹ từ chanh cùng vị ngọt thanh từ mật ong trên nền cà phê ủ lạnh dị","13",
"200","product-detail","/menu/kumquat-cooler-s235t2/","http://www.thuccoffee.com.vn/menu/kumquat-cooler-s235t2/","Thức Coffee - Open 24/7 - KUMQUAT COOLER","H1: KUMQUAT COOLER | H2: Sản phẩm cùng danh mục | H4: THỨC COFFEE - OPEN 24/7 Hotline: 1800 6230 | H4: © 2018. All Right Reserved. Thức Coffee","Thức Coffee - Open 24/7 - KUMQUAT COOLER Trang chủ Menu Chuyện của Thức Về chúng tôi Cửa hàng Chính sách thành viên Tuyển Dụng Liên Hệ Đăng Nhập Nhận tin khuyến mãi của Thức 1800 6230 info.thuccoffee247@gmail.com 1800 6230 Menu Chuyện của Thức Về chúng tôi Cửa hàng Chính sách thành viên Tuyển Dụng Liên Hệ Thức uống Tin tức Trang chủ Menu KUMQUAT COOLER KUMQUAT COOLER SODA TẮC - XÍ MUỘI ĐÁ XAY 65.000đ Order xin gọi: 1800 6230 Trở Lại Sản phẩm cùng danh mục COOKIE MATCHA LAND 65.000đ CHOCOLATE IB ","15",
"200","product-detail","/menu/latte-coffee-s157t2/","http://www.thuccoffee.com.vn/menu/latte-coffee-s157t2/","Thức Coffee - Open 24/7 - LATTE COFFEE","H1: LATTE COFFEE | H2: Sản phẩm cùng danh mục | H4: THỨC COFFEE - OPEN 24/7 Hotline: 1800 6230 | H4: © 2018. All Right Reserved. Thức Coffee","Thức Coffee - Open 24/7 - LATTE COFFEE Trang chủ Menu Chuyện của Thức Về chúng tôi Cửa hàng Chính sách thành viên Tuyển Dụng Liên Hệ Đăng Nhập Nhận tin khuyến mãi của Thức 1800 6230 info.thuccoffee247@gmail.com 1800 6230 Menu Chuyện của Thức Về chúng tôi Cửa hàng Chính sách thành viên Tuyển Dụng Liên Hệ Thức uống Tin tức Trang chủ Menu LATTE COFFEE LATTE COFFEE Lạnh (Size M) 50.000đ Lạnh (Size L) 60.000đ Nóng 50.000đ Order xin gọi: 1800 6230 Trở Lại Sản phẩm cùng danh mục SẢN PHẨM MỚI BLACK COLD","15",
"200","product-detail","/menu/lemon-black-tea-s177t2/","http://www.thuccoffee.com.vn/menu/lemon-black-tea-s177t2/","Thức Coffee - Open 24/7 - LEMON BLACK TEA","H1: LEMON BLACK TEA | H2: Sản phẩm cùng danh mục | H4: THỨC COFFEE - OPEN 24/7 Hotline: 1800 6230 | H4: © 2018. All Right Reserved. Thức Coffee","Thức Coffee - Open 24/7 - LEMON BLACK TEA Trang chủ Menu Chuyện của Thức Về chúng tôi Cửa hàng Chính sách thành viên Tuyển Dụng Liên Hệ Đăng Nhập Nhận tin khuyến mãi của Thức 1800 6230 info.thuccoffee247@gmail.com 1800 6230 Menu Chuyện của Thức Về chúng tôi Cửa hàng Chính sách thành viên Tuyển Dụng Liên Hệ Thức uống Tin tức Trang chủ Menu LEMON BLACK TEA LEMON BLACK TEA HỒNG TRÀ CHANH COLD (SIZE S) 45.000đ HOT 45.000đ Order xin gọi: 1800 6230 Trở Lại Sản phẩm cùng danh mục SẢN PHẨM MỚI GOLDEN BE","15",
"200","product-detail","/menu/longan-tea-s1405t2/","http://www.thuccoffee.com.vn/menu/longan-tea-s1405t2/","Thức Coffee - Open 24/7 - LONGAN TEA","H1: LONGAN TEA | H2: Sản phẩm cùng danh mục | H4: THỨC COFFEE - OPEN 24/7 Hotline: 1800 6230 | H4: © 2018. All Right Reserved. Thức Coffee","Thức Coffee - Open 24/7 - LONGAN TEA Trang chủ Menu Chuyện của Thức Về chúng tôi Cửa hàng Chính sách thành viên Tuyển Dụng Liên Hệ Đăng Nhập Nhận tin khuyến mãi của Thức 1800 6230 info.thuccoffee247@gmail.com 1800 6230 Menu Chuyện của Thức Về chúng tôi Cửa hàng Chính sách thành viên Tuyển Dụng Liên Hệ Thức uống Tin tức Trang chủ Menu LONGAN TEA LONGAN TEA TRÀ NHÃN HẠT CHIA 59.000đ Order xin gọi: 1800 6230 Trở Lại Sản phẩm cùng danh mục SẢN PHẨM MỚI GOLDEN BERRY PASSION TEA 65.000đ Yêu thích nhất","15",
"200","product-detail","/menu/lychee-mango-s1471t2/","http://www.thuccoffee.com.vn/menu/lychee-mango-s1471t2/","Thức Coffee - Open 24/7 - LYCHEE MANGO","H1: LYCHEE MANGO | H2: Sản phẩm cùng danh mục | H4: THỨC COFFEE - OPEN 24/7 Hotline: 1800 6230 | H4: © 2018. All Right Reserved. Thức Coffee","Thức Coffee - Open 24/7 - LYCHEE MANGO Trang chủ Menu Chuyện của Thức Về chúng tôi Cửa hàng Chính sách thành viên Tuyển Dụng Liên Hệ Đăng Nhập Nhận tin khuyến mãi của Thức 1800 6230 info.thuccoffee247@gmail.com 1800 6230 Menu Chuyện của Thức Về chúng tôi Cửa hàng Chính sách thành viên Tuyển Dụng Liên Hệ Thức uống Tin tức Trang chủ Menu LYCHEE MANGO LYCHEE MANGO Xoài Vải Đá Xay - sự kết hợp nhân đôi sự mọng nước, quả vải thơm lừng quyện cùng xoài chín, mang đến cảm giác mát lành như một cơn gió m","13",
"200","product-detail","/menu/lychee-tea-s1404t2/","http://www.thuccoffee.com.vn/menu/lychee-tea-s1404t2/","Thức Coffee - Open 24/7 - LYCHEE TEA","H1: LYCHEE TEA | H2: Sản phẩm cùng danh mục | H4: THỨC COFFEE - OPEN 24/7 Hotline: 1800 6230 | H4: © 2018. All Right Reserved. Thức Coffee","Thức Coffee - Open 24/7 - LYCHEE TEA Trang chủ Menu Chuyện của Thức Về chúng tôi Cửa hàng Chính sách thành viên Tuyển Dụng Liên Hệ Đăng Nhập Nhận tin khuyến mãi của Thức 1800 6230 info.thuccoffee247@gmail.com 1800 6230 Menu Chuyện của Thức Về chúng tôi Cửa hàng Chính sách thành viên Tuyển Dụng Liên Hệ Thức uống Tin tức Trang chủ Menu LYCHEE TEA LYCHEE TEA TRÀ VẢI HẠT CHIA 59.000đ Order xin gọi: 1800 6230 Trở Lại Sản phẩm cùng danh mục SẢN PHẨM MỚI GOLDEN BERRY PASSION TEA 65.000đ Yêu thích nhất ","15",
"200","product-detail","/menu/matcha-ib-s258t2/","http://www.thuccoffee.com.vn/menu/matcha-ib-s258t2/","Thức Coffee - Open 24/7 - MATCHA IB","H1: MATCHA IB | H2: Sản phẩm cùng danh mục | H4: THỨC COFFEE - OPEN 24/7 Hotline: 1800 6230 | H4: © 2018. All Right Reserved. Thức Coffee","Thức Coffee - Open 24/7 - MATCHA IB Trang chủ Menu Chuyện của Thức Về chúng tôi Cửa hàng Chính sách thành viên Tuyển Dụng Liên Hệ Đăng Nhập Nhận tin khuyến mãi của Thức 1800 6230 info.thuccoffee247@gmail.com 1800 6230 Menu Chuyện của Thức Về chúng tôi Cửa hàng Chính sách thành viên Tuyển Dụng Liên Hệ Thức uống Tin tức Trang chủ Menu MATCHA IB MATCHA IB TRÀ XANH ĐÁ XAY SIZE M 55.000đ SIZE L 65.000đ Order xin gọi: 1800 6230 Trở Lại Sản phẩm cùng danh mục Yêu thích nhất KUMQUAT COOLER 65.000đ COOKI","15",
"200","product-detail","/menu/matcha-tea-latte-s169t2/","http://www.thuccoffee.com.vn/menu/matcha-tea-latte-s169t2/","Thức Coffee - Open 24/7 - MATCHA TEA LATTE","H1: MATCHA TEA LATTE | H2: Sản phẩm cùng danh mục | H4: THỨC COFFEE - OPEN 24/7 Hotline: 1800 6230 | H4: © 2018. All Right Reserved. Thức Coffee","Thức Coffee - Open 24/7 - MATCHA TEA LATTE Trang chủ Menu Chuyện của Thức Về chúng tôi Cửa hàng Chính sách thành viên Tuyển Dụng Liên Hệ Đăng Nhập Nhận tin khuyến mãi của Thức 1800 6230 info.thuccoffee247@gmail.com 1800 6230 Menu Chuyện của Thức Về chúng tôi Cửa hàng Chính sách thành viên Tuyển Dụng Liên Hệ Thức uống Tin tức Trang chủ Menu MATCHA TEA LATTE MATCHA TEA LATTE TRÀ XANH LATTE Lạnh (Size M) 55.000đ Lạnh (Size L) 65.000đ HOT 55.000đ Order xin gọi: 1800 6230 Trở Lại Sản phẩm cùng danh m","14",
"200","product-detail","/menu/oolong-bubble-milk-tea-s184t2/","http://www.thuccoffee.com.vn/menu/oolong-bubble-milk-tea-s184t2/","Thức Coffee - Open 24/7 - OOLONG BUBBLE MILK TEA","H1: OOLONG BUBBLE MILK TEA | H2: Sản phẩm cùng danh mục | H4: THỨC COFFEE - OPEN 24/7 Hotline: 1800 6230 | H4: © 2018. All Right Reserved. Thức Coffee","Thức Coffee - Open 24/7 - OOLONG BUBBLE MILK TEA Trang chủ Menu Chuyện của Thức Về chúng tôi Cửa hàng Chính sách thành viên Tuyển Dụng Liên Hệ Đăng Nhập Nhận tin khuyến mãi của Thức 1800 6230 info.thuccoffee247@gmail.com 1800 6230 Menu Chuyện của Thức Về chúng tôi Cửa hàng Chính sách thành viên Tuyển Dụng Liên Hệ Thức uống Tin tức Trang chủ Menu OOLONG BUBBLE MILK TEA OOLONG BUBBLE MILK TEA TRÀ SỮA Ô LONG Lạnh(Size M) 45.000đ Lạnh (Size L) 55.000đ HOT 45.000đ Order xin gọi: 1800 6230 Trở Lại Sản","13",
"200","product-detail","/menu/orange-juice-s212t2/","http://www.thuccoffee.com.vn/menu/orange-juice-s212t2/","Thức Coffee - Open 24/7 - ORANGE JUICE","H1: ORANGE JUICE | H2: Sản phẩm cùng danh mục | H4: THỨC COFFEE - OPEN 24/7 Hotline: 1800 6230 | H4: © 2018. All Right Reserved. Thức Coffee","Thức Coffee - Open 24/7 - ORANGE JUICE Trang chủ Menu Chuyện của Thức Về chúng tôi Cửa hàng Chính sách thành viên Tuyển Dụng Liên Hệ Đăng Nhập Nhận tin khuyến mãi của Thức 1800 6230 info.thuccoffee247@gmail.com 1800 6230 Menu Chuyện của Thức Về chúng tôi Cửa hàng Chính sách thành viên Tuyển Dụng Liên Hệ Thức uống Tin tức Trang chủ Menu ORANGE JUICE ORANGE JUICE NƯỚC ÉP CAM 50.000đ Order xin gọi: 1800 6230 Trở Lại Sản phẩm cùng danh mục SẢN PHẨM MỚI GOLDEN BERRY PASSION TEA 65.000đ Yêu thích nhất","15",
"200","product-detail","/menu/paloma-ice-tea-s743t2/","http://www.thuccoffee.com.vn/menu/paloma-ice-tea-s743t2/","Thức Coffee - Open 24/7 - PALOMA ICE TEA","H1: PALOMA ICE TEA | H2: Sản phẩm cùng danh mục | H4: THỨC COFFEE - OPEN 24/7 Hotline: 1800 6230 | H4: © 2018. All Right Reserved. Thức Coffee","Thức Coffee - Open 24/7 - PALOMA ICE TEA Trang chủ Menu Chuyện của Thức Về chúng tôi Cửa hàng Chính sách thành viên Tuyển Dụng Liên Hệ Đăng Nhập Nhận tin khuyến mãi của Thức 1800 6230 info.thuccoffee247@gmail.com 1800 6230 Menu Chuyện của Thức Về chúng tôi Cửa hàng Chính sách thành viên Tuyển Dụng Liên Hệ Thức uống Tin tức Trang chủ Menu PALOMA ICE TEA PALOMA ICE TEA Còn được gọi là ""Trà bưởi hồng - chanh dây hạt đác"" với sự kết hợp vị thanh chua nhẹ của bưởi hồng và chanh dây tươi cùng với hươn","15",
"200","product-detail","/menu/passion-mango-cheese-s1018t2/","http://www.thuccoffee.com.vn/menu/passion-mango-cheese-s1018t2/","Thức Coffee - Open 24/7 - PASSION MANGO CHEESE","H1: PASSION MANGO CHEESE | H2: Sản phẩm cùng danh mục | H4: THỨC COFFEE - OPEN 24/7 Hotline: 1800 6230 | H4: © 2018. All Right Reserved. Thức Coffee","Thức Coffee - Open 24/7 - PASSION MANGO CHEESE Trang chủ Menu Chuyện của Thức Về chúng tôi Cửa hàng Chính sách thành viên Tuyển Dụng Liên Hệ Đăng Nhập Nhận tin khuyến mãi của Thức 1800 6230 info.thuccoffee247@gmail.com 1800 6230 Menu Chuyện của Thức Về chúng tôi Cửa hàng Chính sách thành viên Tuyển Dụng Liên Hệ Thức uống Tin tức Trang chủ Menu PASSION MANGO CHEESE PASSION MANGO CHEESE Passion Mango Cheese - sự kết hợp từ xoài và chanh dây luôn tạo nên những hương vị đặc biệt, bánh có vị chua nhẹ","14",
"200","product-detail","/menu/rice-milk-tea-s1231t2/","http://www.thuccoffee.com.vn/menu/rice-milk-tea-s1231t2/","Thức Coffee - Open 24/7 - RICE MILK TEA","H1: RICE MILK TEA | H2: Sản phẩm cùng danh mục | H4: THỨC COFFEE - OPEN 24/7 Hotline: 1800 6230 | H4: © 2018. All Right Reserved. Thức Coffee","Thức Coffee - Open 24/7 - RICE MILK TEA Trang chủ Menu Chuyện của Thức Về chúng tôi Cửa hàng Chính sách thành viên Tuyển Dụng Liên Hệ Đăng Nhập Nhận tin khuyến mãi của Thức 1800 6230 info.thuccoffee247@gmail.com 1800 6230 Menu Chuyện của Thức Về chúng tôi Cửa hàng Chính sách thành viên Tuyển Dụng Liên Hệ Thức uống Tin tức Trang chủ Menu RICE MILK TEA RICE MILK TEA WHITE RICE MILK TEA (English: Roasted Rice Milk Tea) Trà Sữa Gạo Rang - vị trà đậm đà, hương gạo rang thơm ngát hoà quyện cùng vị béo","13",
"200","product-detail","/menu/salted-creamfoam-choco-s1401t2/","http://www.thuccoffee.com.vn/menu/salted-creamfoam-choco-s1401t2/","Thức Coffee - Open 24/7 - SALTED CREAMFOAM CHOCO","H1: SALTED CREAMFOAM CHOCO | H2: Sản phẩm cùng danh mục | H4: THỨC COFFEE - OPEN 24/7 Hotline: 1800 6230 | H4: © 2018. All Right Reserved. Thức Coffee","Thức Coffee - Open 24/7 - SALTED CREAMFOAM CHOCO Trang chủ Menu Chuyện của Thức Về chúng tôi Cửa hàng Chính sách thành viên Tuyển Dụng Liên Hệ Đăng Nhập Nhận tin khuyến mãi của Thức 1800 6230 info.thuccoffee247@gmail.com 1800 6230 Menu Chuyện của Thức Về chúng tôi Cửa hàng Chính sách thành viên Tuyển Dụng Liên Hệ Thức uống Tin tức Trang chủ Menu SALTED CREAMFOAM CHOCO SALTED CREAMFOAM CHOCO SÔ-CÔ-LA KEM MUỐI 65.000đ Order xin gọi: 1800 6230 Trở Lại Sản phẩm cùng danh mục SẢN PHẨM MỚI COCO MATCHA","14",
"200","product-detail","/menu/salted-milkfoam-coffee-s1000t2/","http://www.thuccoffee.com.vn/menu/salted-milkfoam-coffee-s1000t2/","Thức Coffee - Open 24/7 - SALTED MILKFOAM COFFEE","H1: SALTED MILKFOAM COFFEE | H2: Sản phẩm cùng danh mục | H4: THỨC COFFEE - OPEN 24/7 Hotline: 1800 6230 | H4: © 2018. All Right Reserved. Thức Coffee","Thức Coffee - Open 24/7 - SALTED MILKFOAM COFFEE Trang chủ Menu Chuyện của Thức Về chúng tôi Cửa hàng Chính sách thành viên Tuyển Dụng Liên Hệ Đăng Nhập Nhận tin khuyến mãi của Thức 1800 6230 info.thuccoffee247@gmail.com 1800 6230 Menu Chuyện của Thức Về chúng tôi Cửa hàng Chính sách thành viên Tuyển Dụng Liên Hệ Thức uống Tin tức Trang chủ Menu SALTED MILKFOAM COFFEE SALTED MILKFOAM COFFEE Sự kết hợp hoàn hảo từ hương vị cà phê đặc trưng của Thức, cùng lớp kem mặn béo ngậy đậm đà, CÀ PHÊ MUỐI T","15",
"200","product-detail","/menu/special-white-coffee-s882t2/","http://www.thuccoffee.com.vn/menu/special-white-coffee-s882t2/","Thức Coffee - Open 24/7 - SPECIAL WHITE COFFEE","H1: SPECIAL WHITE COFFEE | H2: Sản phẩm cùng danh mục | H4: THỨC COFFEE - OPEN 24/7 Hotline: 1800 6230 | H4: © 2018. All Right Reserved. Thức Coffee","Thức Coffee - Open 24/7 - SPECIAL WHITE COFFEE Trang chủ Menu Chuyện của Thức Về chúng tôi Cửa hàng Chính sách thành viên Tuyển Dụng Liên Hệ Đăng Nhập Nhận tin khuyến mãi của Thức 1800 6230 info.thuccoffee247@gmail.com 1800 6230 Menu Chuyện của Thức Về chúng tôi Cửa hàng Chính sách thành viên Tuyển Dụng Liên Hệ Thức uống Tin tức Trang chủ Menu SPECIAL WHITE COFFEE SPECIAL WHITE COFFEE BẠC XỈU VIỆT NAM Lạnh (size M) 45.000đ Lạnh (size L) 55.000đ Nóng 45.000đ Order xin gọi: 1800 6230 Trở Lại Sản p","15",
"200","product-detail","/menu/strawberry-peach-tea-s1402t2/","http://www.thuccoffee.com.vn/menu/strawberry-peach-tea-s1402t2/","Thức Coffee - Open 24/7 - STRAWBERRY PEACH TEA","H1: STRAWBERRY PEACH TEA | H2: Sản phẩm cùng danh mục | H4: THỨC COFFEE - OPEN 24/7 Hotline: 1800 6230 | H4: © 2018. All Right Reserved. Thức Coffee","Thức Coffee - Open 24/7 - STRAWBERRY PEACH TEA Trang chủ Menu Chuyện của Thức Về chúng tôi Cửa hàng Chính sách thành viên Tuyển Dụng Liên Hệ Đăng Nhập Nhận tin khuyến mãi của Thức 1800 6230 info.thuccoffee247@gmail.com 1800 6230 Menu Chuyện của Thức Về chúng tôi Cửa hàng Chính sách thành viên Tuyển Dụng Liên Hệ Thức uống Tin tức Trang chủ Menu STRAWBERRY PEACH TEA STRAWBERRY PEACH TEA TRÀ ĐÀO CAM DÂU 59.000đ Order xin gọi: 1800 6230 Trở Lại Sản phẩm cùng danh mục SẢN PHẨM MỚI GOLDEN BERRY PASSIO","15",
"200","product-detail","/menu/thuc-milk-tea-s195t2/","http://www.thuccoffee.com.vn/menu/thuc-milk-tea-s195t2/","Thức Coffee - Open 24/7 - THỨC MILK TEA","H1: THỨC MILK TEA | H2: Sản phẩm cùng danh mục | H4: THỨC COFFEE - OPEN 24/7 Hotline: 1800 6230 | H4: © 2018. All Right Reserved. Thức Coffee","Thức Coffee - Open 24/7 - THỨC MILK TEA Trang chủ Menu Chuyện của Thức Về chúng tôi Cửa hàng Chính sách thành viên Tuyển Dụng Liên Hệ Đăng Nhập Nhận tin khuyến mãi của Thức 1800 6230 info.thuccoffee247@gmail.com 1800 6230 Menu Chuyện của Thức Về chúng tôi Cửa hàng Chính sách thành viên Tuyển Dụng Liên Hệ Thức uống Tin tức Trang chủ Menu THỨC MILK TEA THỨC MILK TEA SIZE M 50.000đ SIZE L 60.000đ Order xin gọi: 1800 6230 Trở Lại Sản phẩm cùng danh mục SẢN PHẨM MỚI RICE MILK TEA 55.000đ Yêu thích nh","13",
"200","product-detail","/menu/tiramisu-choco-s687t2/","http://www.thuccoffee.com.vn/menu/tiramisu-choco-s687t2/","Thức Coffee - Open 24/7 - TIRAMISU CHOCO","H1: TIRAMISU CHOCO | H2: Sản phẩm cùng danh mục | H4: THỨC COFFEE - OPEN 24/7 Hotline: 1800 6230 | H4: © 2018. All Right Reserved. Thức Coffee","Thức Coffee - Open 24/7 - TIRAMISU CHOCO Trang chủ Menu Chuyện của Thức Về chúng tôi Cửa hàng Chính sách thành viên Tuyển Dụng Liên Hệ Đăng Nhập Nhận tin khuyến mãi của Thức 1800 6230 info.thuccoffee247@gmail.com 1800 6230 Menu Chuyện của Thức Về chúng tôi Cửa hàng Chính sách thành viên Tuyển Dụng Liên Hệ Thức uống Tin tức Trang chủ Menu TIRAMISU CHOCO TIRAMISU CHOCO Tiramisu Chocolate, vị bánh mềm thơm, ngọt nhẹ và có chút đăng đắng của lớp bột ca cao trên bề mặt bánh. 39.000đ Order xin gọi: 18","14",
"200","product-detail","/menu/white-coffee-s147t2/","http://www.thuccoffee.com.vn/menu/white-coffee-s147t2/","Thức Coffee - Open 24/7 - WHITE COFFEE","H1: WHITE COFFEE | H2: Sản phẩm cùng danh mục | H4: THỨC COFFEE - OPEN 24/7 Hotline: 1800 6230 | H4: © 2018. All Right Reserved. Thức Coffee","Thức Coffee - Open 24/7 - WHITE COFFEE Trang chủ Menu Chuyện của Thức Về chúng tôi Cửa hàng Chính sách thành viên Tuyển Dụng Liên Hệ Đăng Nhập Nhận tin khuyến mãi của Thức 1800 6230 info.thuccoffee247@gmail.com 1800 6230 Menu Chuyện của Thức Về chúng tôi Cửa hàng Chính sách thành viên Tuyển Dụng Liên Hệ Thức uống Tin tức Trang chủ Menu WHITE COFFEE WHITE COFFEE CÀ PHÊ SỮA TRUYỀN THỐNG Lạnh (size S) 35.000đ Lạnh (size M) 39.000đ Lạnh (size L) 49.000đ Nóng 39.000đ Order xin gọi: 1800 6230 Trở Lại ","15",
"200","static","/chinh-sach/","http://www.thuccoffee.com.vn/chinh-sach/","Thức Coffee - Open 24/7 - Cookie & Policy","H1: Chính sách Cookie | H4: THỨC COFFEE - OPEN 24/7 Hotline: 1800 6230 | H4: © 2018. All Right Reserved. Thức Coffee","Thức Coffee - Open 24/7 - Cookie & Policy Trang chủ Menu Chuyện của Thức Về chúng tôi Cửa hàng Chính sách thành viên Tuyển Dụng Liên Hệ Đăng Nhập Nhận tin khuyến mãi của Thức 1800 6230 info.thuccoffee247@gmail.com 1800 6230 Menu Chuyện của Thức Về chúng tôi Cửa hàng Chính sách thành viên Tuyển Dụng Liên Hệ Thức uống Tin tức Trang chủ Cookie & Policy Chính sách Cookie Cookies là gì? Cookie là các tệp văn bản nhỏ được gửi đến và lưu trữ trên máy tính, điện thoại thông minh hoặc thiết bị khác của b","11",
"200","static","/chuong-trinh-thanh-vien/","http://www.thuccoffee.com.vn/chuong-trinh-thanh-vien/","Thức Coffee - Open 24/7 - Chính sách thành viên","H1: Ưu đãi thành viên | H1: Câu hỏi thường gặp | H2: Cách thức đăng ký thành viên tại Thức Coffee như thế nào ? | H2: Làm sao để có mã tích điểm ? | H2: Chính sách hạng thành viên như thế nào ? | H2: Hạng thành viên có điều kiện duy trì hay không ? | H2: Thức có ""ưu đãi sinh nhật"" dành cho thành viên không ? | H2: Ngoài ra, chương trình còn có quy định nào không? | H2: HỖ TRỢ | H4: THỨC COFFEE - OPEN 24/7 Hotline: 1800 6230 | H4: © 2018. All Right Reserved. Thức Coffee","Thức Coffee - Open 24/7 - Chính sách thành viên Trang chủ Menu Chuyện của Thức Về chúng tôi Cửa hàng Chính sách thành viên Tuyển Dụng Liên Hệ Đăng Nhập Nhận tin khuyến mãi của Thức 1800 6230 info.thuccoffee247@gmail.com 1800 6230 Menu Chuyện của Thức Về chúng tôi Cửa hàng Chính sách thành viên Tuyển Dụng Liên Hệ Thức uống Tin tức Trang chủ Chính sách thành viên Ưu đãi thành viên Với mong muốn nâng cao quyền lợi và bảo vệ lợi ích khách hàng. Thức Coffee mang đến những ưu đãi đặc quyền dành cho kh","11",
"200","static","/delivery/","http://www.thuccoffee.com.vn/delivery/","Thức Coffee - Open 24/7 - Thức giao hàng","H1: THỨC DELIVERY | H4: THỨC COFFEE - OPEN 24/7 Hotline: 1800 6230 | H4: © 2018. All Right Reserved. Thức Coffee","Thức Coffee - Open 24/7 - Thức giao hàng Trang chủ Menu Chuyện của Thức Về chúng tôi Cửa hàng Chính sách thành viên Tuyển Dụng Liên Hệ Đăng Nhập Nhận tin khuyến mãi của Thức 1800 6230 info.thuccoffee247@gmail.com 1800 6230 Menu Chuyện của Thức Về chúng tôi Cửa hàng Chính sách thành viên Tuyển Dụng Liên Hệ Thức uống Tin tức Trang chủ Thức giao hàng THỨC DELIVERY FREESHIP cho hóa đơn từ 70.000Đ & dưới 3KM Bạn có thể đặt hàng dễ dàng qua các kênh sau: ▪ Hotline Thức Delivery: 1800 6230 ▪ Zalo "" Thứ","11",
"200","static","/gioi-thieu/","http://www.thuccoffee.com.vn/gioi-thieu/","Thức Coffee - Open 24/7 - Về chúng tôi","H1: THỨC COFFEE - OPEN 24/7 | H4: THỨC COFFEE - OPEN 24/7 Hotline: 1800 6230 | H4: © 2018. All Right Reserved. Thức Coffee","Thức Coffee - Open 24/7 - Về chúng tôi Trang chủ Menu Chuyện của Thức Về chúng tôi Cửa hàng Chính sách thành viên Tuyển Dụng Liên Hệ Đăng Nhập Nhận tin khuyến mãi của Thức 1800 6230 info.thuccoffee247@gmail.com 1800 6230 Menu Chuyện của Thức Về chúng tôi Cửa hàng Chính sách thành viên Tuyển Dụng Liên Hệ Thức uống Tin tức Trang chủ Về chúng tôi THỨC COFFEE - OPEN 24/7 Nơi ngắm nhìn Sài Gòn chuyển mình trọn vẹn 24h. Phải chăng chúng ta đã quá quen thuộc với ly cà phê đầu ngày cho tinh thần tỉnh tá","11",
"200","static","/lien-he/","http://www.thuccoffee.com.vn/lien-he/","Thức Coffee - Open 24/7 - Liên Hệ","H1: Liên hệ | H3: Văn Phòng | H4: THỨC COFFEE - OPEN 24/7 Hotline: 1800 6230 | H4: © 2018. All Right Reserved. Thức Coffee","Thức Coffee - Open 24/7 - Liên Hệ Trang chủ Menu Chuyện của Thức Về chúng tôi Cửa hàng Chính sách thành viên Tuyển Dụng Liên Hệ Đăng Nhập Nhận tin khuyến mãi của Thức 1800 6230 info.thuccoffee247@gmail.com 1800 6230 Menu Chuyện của Thức Về chúng tôi Cửa hàng Chính sách thành viên Tuyển Dụng Liên Hệ Thức uống Tin tức Trang chủ Liên Hệ Liên hệ Cùng Thức phát triển ngày một tốt hơn Văn Phòng 40D Lý Tự Trọng, P.Sài Gòn, TP.HCM Hotline: 1800 6230 Email: info.thuccoffee247@gmail.com Tên Email Điện tho","11",
"200","static","/tuyen-dung/","http://www.thuccoffee.com.vn/tuyen-dung/","Thức Coffee - Open 24/7 - Tuyển Dụng","H1: TUYỂN DỤNG | H4: THỨC COFFEE - OPEN 24/7 Hotline: 1800 6230 | H4: © 2018. All Right Reserved. Thức Coffee","Thức Coffee - Open 24/7 - Tuyển Dụng Trang chủ Menu Chuyện của Thức Về chúng tôi Cửa hàng Chính sách thành viên Tuyển Dụng Liên Hệ Đăng Nhập Nhận tin khuyến mãi của Thức 1800 6230 info.thuccoffee247@gmail.com 1800 6230 Menu Chuyện của Thức Về chúng tôi Cửa hàng Chính sách thành viên Tuyển Dụng Liên Hệ Thức uống Tin tức Trang chủ Tuyển Dụng TUYỂN DỤNG 👋 Bạn ơi đi đâu mà vội mà vàng, dừng chân ghé lại điền link ứng tuyển gia nhập đại gia đình Thức Coffee thôi nà 🫰 📌 LƯU Ý: Thức Coffee chỉ đăng ","11",
"200","store-default","/cua-hang/","http://www.thuccoffee.com.vn/cua-hang/","Thức Coffee - Open 24/7 - Cửa hàng","H1: Thức Coffee - 40D Lý Tự Trọng | H2: Cửa hàng khác của Thức | H4: THỨC COFFEE - OPEN 24/7 Hotline: 1800 6230 | H4: © 2018. All Right Reserved. Thức Coffee","Thức Coffee - Open 24/7 - Cửa hàng Trang chủ Menu Chuyện của Thức Về chúng tôi Cửa hàng Chính sách thành viên Tuyển Dụng Liên Hệ Đăng Nhập Nhận tin khuyến mãi của Thức 1800 6230 info.thuccoffee247@gmail.com 1800 6230 Menu Chuyện của Thức Về chúng tôi Cửa hàng Chính sách thành viên Tuyển Dụng Liên Hệ Thức uống Tin tức Trang chủ Cửa hàng Thức Coffee - 40D Lý Tự Trọng Địa chỉ: 40D Lý Tự Trọng, P.Bến Nghé, Q.1, TP.HCM Liên hệ: 028 3822 1081 Cửa hàng khác của Thức Thức Coffee - 40D Lý Tự Trọng Thức C","18",
"200","store-detail","/cua-hang/thuc-coffee-320-nguyen-thai-son-s106t2/","http://www.thuccoffee.com.vn/cua-hang/thuc-coffee-320-nguyen-thai-son-s106t2/","Thức Coffee - Open 24/7 - Cửa hàng","H1: Thức Coffee - 320 Nguyễn Thái Sơn | H2: Cửa hàng khác của Thức | H4: THỨC COFFEE - OPEN 24/7 Hotline: 1800 6230 | H4: © 2018. All Right Reserved. Thức Coffee","Thức Coffee - Open 24/7 - Cửa hàng Trang chủ Menu Chuyện của Thức Về chúng tôi Cửa hàng Chính sách thành viên Tuyển Dụng Liên Hệ Đăng Nhập Nhận tin khuyến mãi của Thức 1800 6230 info.thuccoffee247@gmail.com 1800 6230 Menu Chuyện của Thức Về chúng tôi Cửa hàng Chính sách thành viên Tuyển Dụng Liên Hệ Thức uống Tin tức Trang chủ Cửa hàng Thức Coffee - 320 Nguyễn Thái Sơn Địa chỉ: 320 Nguyễn Thái Sơn, P.4, Q.Gò Vấp, TP.HCM Liên hệ: 028 3985 3943 Cửa hàng khác của Thức Thức Coffee - 40D Lý Tự Trọng ","18",
"200","store-detail","/cua-hang/thuc-coffee-37-ly-tu-trong-s103t2/","http://www.thuccoffee.com.vn/cua-hang/thuc-coffee-37-ly-tu-trong-s103t2/","Thức Coffee - Open 24/7 - Cửa hàng","H1: Thức Coffee - 37 Lý Tự Trọng | H2: Cửa hàng khác của Thức | H4: THỨC COFFEE - OPEN 24/7 Hotline: 1800 6230 | H4: © 2018. All Right Reserved. Thức Coffee","Thức Coffee - Open 24/7 - Cửa hàng Trang chủ Menu Chuyện của Thức Về chúng tôi Cửa hàng Chính sách thành viên Tuyển Dụng Liên Hệ Đăng Nhập Nhận tin khuyến mãi của Thức 1800 6230 info.thuccoffee247@gmail.com 1800 6230 Menu Chuyện của Thức Về chúng tôi Cửa hàng Chính sách thành viên Tuyển Dụng Liên Hệ Thức uống Tin tức Trang chủ Cửa hàng Thức Coffee - 37 Lý Tự Trọng Địa chỉ: 37 Lý Tự Trọng, P.Bến Nghé, Q.1, TP.HCM Liên hệ: 028 3520 8094 Cửa hàng khác của Thức Thức Coffee - 40D Lý Tự Trọng Thức Cof","18",
"200","store-detail","/cua-hang/thuc-coffee-40d-ly-tu-trong-s92t2/","http://www.thuccoffee.com.vn/cua-hang/thuc-coffee-40d-ly-tu-trong-s92t2/","Thức Coffee - Open 24/7 - Cửa hàng","H1: Thức Coffee - 40D Lý Tự Trọng | H2: Cửa hàng khác của Thức | H4: THỨC COFFEE - OPEN 24/7 Hotline: 1800 6230 | H4: © 2018. All Right Reserved. Thức Coffee","Thức Coffee - Open 24/7 - Cửa hàng Trang chủ Menu Chuyện của Thức Về chúng tôi Cửa hàng Chính sách thành viên Tuyển Dụng Liên Hệ Đăng Nhập Nhận tin khuyến mãi của Thức 1800 6230 info.thuccoffee247@gmail.com 1800 6230 Menu Chuyện của Thức Về chúng tôi Cửa hàng Chính sách thành viên Tuyển Dụng Liên Hệ Thức uống Tin tức Trang chủ Cửa hàng Thức Coffee - 40D Lý Tự Trọng Địa chỉ: 40D Lý Tự Trọng, P.Bến Nghé, Q.1, TP.HCM Liên hệ: 028 3822 1081 Cửa hàng khác của Thức Thức Coffee - 40D Lý Tự Trọng Thức C","18",
"200","store-detail","/cua-hang/thuc-coffee-42-cong-quynh-s99t2/","http://www.thuccoffee.com.vn/cua-hang/thuc-coffee-42-cong-quynh-s99t2/","Thức Coffee - Open 24/7 - Cửa hàng","H1: Thức Coffee - 42 Cống Quỳnh | H2: Cửa hàng khác của Thức | H4: THỨC COFFEE - OPEN 24/7 Hotline: 1800 6230 | H4: © 2018. All Right Reserved. Thức Coffee","Thức Coffee - Open 24/7 - Cửa hàng Trang chủ Menu Chuyện của Thức Về chúng tôi Cửa hàng Chính sách thành viên Tuyển Dụng Liên Hệ Đăng Nhập Nhận tin khuyến mãi của Thức 1800 6230 info.thuccoffee247@gmail.com 1800 6230 Menu Chuyện của Thức Về chúng tôi Cửa hàng Chính sách thành viên Tuyển Dụng Liên Hệ Thức uống Tin tức Trang chủ Cửa hàng Thức Coffee - 42 Cống Quỳnh Địa chỉ: 42 Cống Quỳnh, Phường Nguyễn Cư Trinh, Quận 1, TP.HCM Liên hệ: 028 6291 0488 Cửa hàng khác của Thức Thức Coffee - 40D Lý Tự T","18",
"200","store-detail","/cua-hang/thuc-coffee-42-hoa-phuong-s605t2/","http://www.thuccoffee.com.vn/cua-hang/thuc-coffee-42-hoa-phuong-s605t2/","Thức Coffee - Open 24/7 - Cửa hàng","H1: Thức Coffee - 42 Hoa Phượng | H2: Cửa hàng khác của Thức | H4: THỨC COFFEE - OPEN 24/7 Hotline: 1800 6230 | H4: © 2018. All Right Reserved. Thức Coffee","Thức Coffee - Open 24/7 - Cửa hàng Trang chủ Menu Chuyện của Thức Về chúng tôi Cửa hàng Chính sách thành viên Tuyển Dụng Liên Hệ Đăng Nhập Nhận tin khuyến mãi của Thức 1800 6230 info.thuccoffee247@gmail.com 1800 6230 Menu Chuyện của Thức Về chúng tôi Cửa hàng Chính sách thành viên Tuyển Dụng Liên Hệ Thức uống Tin tức Trang chủ Cửa hàng Thức Coffee - 42 Hoa Phượng Địa chỉ: 42 Hoa Phượng, phường 2, quận Phú Nhuận, TP.HCM Liên hệ: (028) 3517 8199 Cửa hàng khác của Thức Thức Coffee - 40D Lý Tự Trọng","18",
"200","store-detail","/cua-hang/thuc-coffee-45-nguyen-oanh-s242t2/","http://www.thuccoffee.com.vn/cua-hang/thuc-coffee-45-nguyen-oanh-s242t2/","Thức Coffee - Open 24/7 - Cửa hàng","H1: Thức Coffee - 45 Nguyễn Oanh | H2: Cửa hàng khác của Thức | H4: THỨC COFFEE - OPEN 24/7 Hotline: 1800 6230 | H4: © 2018. All Right Reserved. Thức Coffee","Thức Coffee - Open 24/7 - Cửa hàng Trang chủ Menu Chuyện của Thức Về chúng tôi Cửa hàng Chính sách thành viên Tuyển Dụng Liên Hệ Đăng Nhập Nhận tin khuyến mãi của Thức 1800 6230 info.thuccoffee247@gmail.com 1800 6230 Menu Chuyện của Thức Về chúng tôi Cửa hàng Chính sách thành viên Tuyển Dụng Liên Hệ Thức uống Tin tức Trang chủ Cửa hàng Thức Coffee - 45 Nguyễn Oanh Địa chỉ: 45 Nguyễn Oanh, P.10, Q.Gò Vấp, TP.HCM Liên hệ: 028 3989 6891 Cửa hàng khác của Thức Thức Coffee - 40D Lý Tự Trọng Thức Coff","18",
"200","store-detail","/cua-hang/thuc-coffee-duong-41-s931t2/","http://www.thuccoffee.com.vn/cua-hang/thuc-coffee-duong-41-s931t2/","Thức Coffee - Open 24/7 - Cửa hàng","H1: Thức Coffee - Đường 41 | H2: Cửa hàng khác của Thức | H4: THỨC COFFEE - OPEN 24/7 Hotline: 1800 6230 | H4: © 2018. All Right Reserved. Thức Coffee","Thức Coffee - Open 24/7 - Cửa hàng Trang chủ Menu Chuyện của Thức Về chúng tôi Cửa hàng Chính sách thành viên Tuyển Dụng Liên Hệ Đăng Nhập Nhận tin khuyến mãi của Thức 1800 6230 info.thuccoffee247@gmail.com 1800 6230 Menu Chuyện của Thức Về chúng tôi Cửa hàng Chính sách thành viên Tuyển Dụng Liên Hệ Thức uống Tin tức Trang chủ Cửa hàng Thức Coffee - Đường 41 Địa chỉ: số 2, đường số 41, Phường 6, Quận 4 Liên hệ: 02862754531 Cửa hàng khác của Thức Thức Coffee - 40D Lý Tự Trọng Thức Coffee - Đường ","18",
"200","story-detail","/chuyen-cua-thuc/%E2%80%9C%F0%9D%91%BB%F0%9D%92%89%F0%9D%92%96%CC%9B%CC%81-%F0%9D%92%95%F0%9D%92%96%CC%9B-%F0%9D%92%97%F0%9D%92%96%F0%9D%92%8A-%F0%9D%92%97%F0%9D%92%86%CC%89%E2%80%9D-voi-free-upsize-va-banh-dong-gia-20k-s727t2/","http://www.thuccoffee.com.vn/chuyen-cua-thuc/%E2%80%9C%F0%9D%91%BB%F0%9D%92%89%F0%9D%92%96%CC%9B%CC%81-%F0%9D%92%95%F0%9D%92%96%CC%9B-%F0%9D%92%97%F0%9D%92%96%F0%9D%92%8A-%F0%9D%92%97%F0%9D%92%86%CC%89%E2%80%9D-voi-free-upsize-va-banh-dong-gia-20k-s727t2/","Thức Coffee - Open 24/7 - “&#119931;&#119945;&#119958;̛́ &#119957;&#119958;̛ &#119959;&#119958;&#119946; &#119959;&#119942;̉” với FREE UPSIZE và BÁNH đồng giá 20K","H1: “&#119931;&#119945;&#119958;̛́ &#119957;&#119958;̛ &#119959;&#119958;&#119946; &#119959;&#119942;̉” với FREE UPSIZE và BÁNH đồng giá 20K | H4: THỨC COFFEE - OPEN 24/7 Hotline: 1800 6230 | H4: © 2018. All Right Reserved. Thức Coffee","Thức Coffee - Open 24/7 - “&#119931;&#119945;&#119958;̛́ &#119957;&#119958;̛ &#119959;&#119958;&#119946; &#119959;&#119942;̉” với FREE UPSIZE và BÁNH đồng giá 20K Trang chủ Menu Chuyện của Thức Về chúng tôi Cửa hàng Chính sách thành viên Tuyển Dụng Liên Hệ Đăng Nhập Nhận tin khuyến mãi của Thức 1800 6230 info.thuccoffee247@gmail.com 1800 6230 Menu Chuyện của Thức Về chúng tôi Cửa hàng Chính sách thành viên Tuyển Dụng Liên Hệ Thức uống Tin tức Trang chủ Chuyện của Thức “&#119931;&#119945;&#119958","17",
"200","story-detail","/chuyen-cua-thuc/%E2%80%9Can-le%E2%80%9D-o-sai-gon-co-gi-thu-vi--s721t2/","http://www.thuccoffee.com.vn/chuyen-cua-thuc/%E2%80%9Can-le%E2%80%9D-o-sai-gon-co-gi-thu-vi--s721t2/","Thức Coffee - Open 24/7 - “Ăn lễ” ở Sài Gòn có gì thú vị?","H1: “Ăn lễ” ở Sài Gòn có gì thú vị? | H4: THỨC COFFEE - OPEN 24/7 Hotline: 1800 6230 | H4: © 2018. All Right Reserved. Thức Coffee","Thức Coffee - Open 24/7 - “Ăn lễ” ở Sài Gòn có gì thú vị? Trang chủ Menu Chuyện của Thức Về chúng tôi Cửa hàng Chính sách thành viên Tuyển Dụng Liên Hệ Đăng Nhập Nhận tin khuyến mãi của Thức 1800 6230 info.thuccoffee247@gmail.com 1800 6230 Menu Chuyện của Thức Về chúng tôi Cửa hàng Chính sách thành viên Tuyển Dụng Liên Hệ Thức uống Tin tức Trang chủ Chuyện của Thức “Ăn lễ” ở Sài Gòn có gì thú vị? 01.05.2020 “Ăn lễ” ở Sài Gòn có gì thú vị? 👩‍💻 #Team chăm chỉ : “Work… Work… Work…” Ai đi đâu thì ","17",
"200","story-detail","/chuyen-cua-thuc/%E2%80%9Cca-phe-da-xay%E2%80%9D-%E2%80%93-goi-y-hay-cho-ngay-nang-nong-%F0%9F%92%9E-s696t2/","http://www.thuccoffee.com.vn/chuyen-cua-thuc/%E2%80%9Cca-phe-da-xay%E2%80%9D-%E2%80%93-goi-y-hay-cho-ngay-nang-nong-%F0%9F%92%9E-s696t2/","Thức Coffee - Open 24/7 - “Cà phê đá xay” – Gợi ý hay cho ngày nắng nóng &#128158;","H1: “Cà phê đá xay” – Gợi ý hay cho ngày nắng nóng &#128158; | H4: THỨC COFFEE - OPEN 24/7 Hotline: 1800 6230 | H4: © 2018. All Right Reserved. Thức Coffee","Thức Coffee - Open 24/7 - “Cà phê đá xay” – Gợi ý hay cho ngày nắng nóng &#128158; Trang chủ Menu Chuyện của Thức Về chúng tôi Cửa hàng Chính sách thành viên Tuyển Dụng Liên Hệ Đăng Nhập Nhận tin khuyến mãi của Thức 1800 6230 info.thuccoffee247@gmail.com 1800 6230 Menu Chuyện của Thức Về chúng tôi Cửa hàng Chính sách thành viên Tuyển Dụng Liên Hệ Thức uống Tin tức Trang chủ Chuyện của Thức “Cà phê đá xay” – Gợi ý hay cho ngày nắng nóng &#128158; 08.04.2020 “Cà phê đá xay” – Gợi ý hay cho ngày nắ","17",
"200","story-detail","/chuyen-cua-thuc/%E2%80%9Ccon-dau-lon-van-la-con-cua-me-di-het-doi-long-me-van-theo-con%E2%80%9D-s729t2/","http://www.thuccoffee.com.vn/chuyen-cua-thuc/%E2%80%9Ccon-dau-lon-van-la-con-cua-me-di-het-doi-long-me-van-theo-con%E2%80%9D-s729t2/","Thức Coffee - Open 24/7 - “Con dẫu lớn vẫn là còn của mẹ, đi hết đời lòng mẹ vẫn theo con”","H1: “Con dẫu lớn vẫn là còn của mẹ, đi hết đời lòng mẹ vẫn theo con” | H4: THỨC COFFEE - OPEN 24/7 Hotline: 1800 6230 | H4: © 2018. All Right Reserved. Thức Coffee","Thức Coffee - Open 24/7 - “Con dẫu lớn vẫn là còn của mẹ, đi hết đời lòng mẹ vẫn theo con” Trang chủ Menu Chuyện của Thức Về chúng tôi Cửa hàng Chính sách thành viên Tuyển Dụng Liên Hệ Đăng Nhập Nhận tin khuyến mãi của Thức 1800 6230 info.thuccoffee247@gmail.com 1800 6230 Menu Chuyện của Thức Về chúng tôi Cửa hàng Chính sách thành viên Tuyển Dụng Liên Hệ Thức uống Tin tức Trang chủ Chuyện của Thức “Con dẫu lớn vẫn là còn của mẹ, đi hết đời lòng mẹ vẫn theo con” 09.05.2020 “Con dẫu lớn vẫn là còn","17",
"200","story-detail","/chuyen-cua-thuc/%E2%80%9Cem-khong-sai-chung-ta-cung-khong-sai%E2%80%9D-s733t2/","http://www.thuccoffee.com.vn/chuyen-cua-thuc/%E2%80%9Cem-khong-sai-chung-ta-cung-khong-sai%E2%80%9D-s733t2/","Thức Coffee - Open 24/7 - “Em không sai, chúng ta cũng không sai”","H1: “Em không sai, chúng ta cũng không sai” | H4: THỨC COFFEE - OPEN 24/7 Hotline: 1800 6230 | H4: © 2018. All Right Reserved. Thức Coffee","Thức Coffee - Open 24/7 - “Em không sai, chúng ta cũng không sai” Trang chủ Menu Chuyện của Thức Về chúng tôi Cửa hàng Chính sách thành viên Tuyển Dụng Liên Hệ Đăng Nhập Nhận tin khuyến mãi của Thức 1800 6230 info.thuccoffee247@gmail.com 1800 6230 Menu Chuyện của Thức Về chúng tôi Cửa hàng Chính sách thành viên Tuyển Dụng Liên Hệ Thức uống Tin tức Trang chủ Chuyện của Thức “Em không sai, chúng ta cũng không sai” 20.05.2020 “Em không sai, chúng ta cũng không sai” 👉 Vì chỉ có sự thật là đúng! Sự ","17",
"200","story-detail","/chuyen-cua-thuc/%E2%80%9Cxa%E2%80%9D-thuc-la-nho-%E2%80%9Cgan%E2%80%9D-anh-shipper-la-cuoi--s706t2/","http://www.thuccoffee.com.vn/chuyen-cua-thuc/%E2%80%9Cxa%E2%80%9D-thuc-la-nho-%E2%80%9Cgan%E2%80%9D-anh-shipper-la-cuoi--s706t2/","Thức Coffee - Open 24/7 - “Xa” Thức là nhớ, “gần” anh shipper là cười!","H1: “Xa” Thức là nhớ, “gần” anh shipper là cười! | H4: THỨC COFFEE - OPEN 24/7 Hotline: 1800 6230 | H4: © 2018. All Right Reserved. Thức Coffee","Thức Coffee - Open 24/7 - “Xa” Thức là nhớ, “gần” anh shipper là cười! Trang chủ Menu Chuyện của Thức Về chúng tôi Cửa hàng Chính sách thành viên Tuyển Dụng Liên Hệ Đăng Nhập Nhận tin khuyến mãi của Thức 1800 6230 info.thuccoffee247@gmail.com 1800 6230 Menu Chuyện của Thức Về chúng tôi Cửa hàng Chính sách thành viên Tuyển Dụng Liên Hệ Thức uống Tin tức Trang chủ Chuyện của Thức “Xa” Thức là nhớ, “gần” anh shipper là cười! 20.04.2020 “Xa” Thức là nhớ, “gần” anh shipper là cười! Nhật ký #stayhome ","17",
"200","story-detail","/chuyen-cua-thuc/%E2%80%BC%E2%80%BC-black-friday-giam-50-ap-dung-toan-he-thong-%E2%80%BC%EF%B8%8F%E2%80%BC%EF%B8%8F-s642t2/","http://www.thuccoffee.com.vn/chuyen-cua-thuc/%E2%80%BC%E2%80%BC-black-friday-giam-50-ap-dung-toan-he-thong-%E2%80%BC%EF%B8%8F%E2%80%BC%EF%B8%8F-s642t2/","Thức Coffee - Open 24/7 - ‼‼ BLACK FRIDAY - GIẢM 50% - ÁP DỤNG TOÀN HỆ THỐNG ‼️‼️","H1: ‼‼ BLACK FRIDAY - GIẢM 50% - ÁP DỤNG TOÀN HỆ THỐNG ‼️‼️ | H4: THỨC COFFEE - OPEN 24/7 Hotline: 1800 6230 | H4: © 2018. All Right Reserved. Thức Coffee","Thức Coffee - Open 24/7 - ‼‼ BLACK FRIDAY - GIẢM 50% - ÁP DỤNG TOÀN HỆ THỐNG ‼️‼️ Trang chủ Menu Chuyện của Thức Về chúng tôi Cửa hàng Chính sách thành viên Tuyển Dụng Liên Hệ Đăng Nhập Nhận tin khuyến mãi của Thức 1800 6230 info.thuccoffee247@gmail.com 1800 6230 Menu Chuyện của Thức Về chúng tôi Cửa hàng Chính sách thành viên Tuyển Dụng Liên Hệ Thức uống Tin tức Trang chủ Chuyện của Thức ‼‼ BLACK FRIDAY - GIẢM 50% - ÁP DỤNG TOÀN HỆ THỐNG ‼️‼️ 29.11.2019 ‼‼ BLACK FRIDAY - GIẢM 50% - ÁP DỤNG TOÀN","17",
"200","story-detail","/chuyen-cua-thuc/%E2%99%A8%EF%B8%8F%E2%99%A8%EF%B8%8F-ca-phe-tai-gia-khong-lo-ve-gia-%E2%99%A8%EF%B8%8F%E2%99%A8%EF%B8%8F-s683t2/","http://www.thuccoffee.com.vn/chuyen-cua-thuc/%E2%99%A8%EF%B8%8F%E2%99%A8%EF%B8%8F-ca-phe-tai-gia-khong-lo-ve-gia-%E2%99%A8%EF%B8%8F%E2%99%A8%EF%B8%8F-s683t2/","Thức Coffee - Open 24/7 - ♨️♨️ CÀ PHÊ TẠI GIA - KHÔNG LO VỀ GIÁ ♨️♨️","H1: ♨️♨️ CÀ PHÊ TẠI GIA - KHÔNG LO VỀ GIÁ ♨️♨️ | H4: THỨC COFFEE - OPEN 24/7 Hotline: 1800 6230 | H4: © 2018. All Right Reserved. Thức Coffee","Thức Coffee - Open 24/7 - ♨️♨️ CÀ PHÊ TẠI GIA - KHÔNG LO VỀ GIÁ ♨️♨️ Trang chủ Menu Chuyện của Thức Về chúng tôi Cửa hàng Chính sách thành viên Tuyển Dụng Liên Hệ Đăng Nhập Nhận tin khuyến mãi của Thức 1800 6230 info.thuccoffee247@gmail.com 1800 6230 Menu Chuyện của Thức Về chúng tôi Cửa hàng Chính sách thành viên Tuyển Dụng Liên Hệ Thức uống Tin tức Trang chủ Chuyện của Thức ♨️♨️ CÀ PHÊ TẠI GIA - KHÔNG LO VỀ GIÁ ♨️♨️ 20.03.2020 ♨️♨️ CÀ PHÊ TẠI GIA - KHÔNG LO VỀ GIÁ ♨️♨️ [GIẢM 20%] x [FREE SHIP]","17",
"200","story-detail","/chuyen-cua-thuc/%E2%9A%A0%EF%B8%8F%E2%9A%A0%EF%B8%8F-thuc-cofffee-hoat-dong-xuyen-tet-%E2%9A%A0%EF%B8%8F%E2%9A%A0%EF%B8%8F-s667t2/","http://www.thuccoffee.com.vn/chuyen-cua-thuc/%E2%9A%A0%EF%B8%8F%E2%9A%A0%EF%B8%8F-thuc-cofffee-hoat-dong-xuyen-tet-%E2%9A%A0%EF%B8%8F%E2%9A%A0%EF%B8%8F-s667t2/","Thức Coffee - Open 24/7 - ⚠️⚠️ THỨC COFFFEE - HOẠT ĐỘNG XUYÊN TẾT ⚠️⚠️","H1: ⚠️⚠️ THỨC COFFFEE - HOẠT ĐỘNG XUYÊN TẾT ⚠️⚠️ | H4: THỨC COFFEE - OPEN 24/7 Hotline: 1800 6230 | H4: © 2018. All Right Reserved. Thức Coffee","Thức Coffee - Open 24/7 - ⚠️⚠️ THỨC COFFFEE - HOẠT ĐỘNG XUYÊN TẾT ⚠️⚠️ Trang chủ Menu Chuyện của Thức Về chúng tôi Cửa hàng Chính sách thành viên Tuyển Dụng Liên Hệ Đăng Nhập Nhận tin khuyến mãi của Thức 1800 6230 info.thuccoffee247@gmail.com 1800 6230 Menu Chuyện của Thức Về chúng tôi Cửa hàng Chính sách thành viên Tuyển Dụng Liên Hệ Thức uống Tin tức Trang chủ Chuyện của Thức ⚠️⚠️ THỨC COFFFEE - HOẠT ĐỘNG XUYÊN TẾT ⚠️⚠️ 20.01.2020 ⚠️⚠️ THỨC COFFFEE - HOẠT ĐỘNG XUYÊN TẾT ⚠️⚠️ 👉 Nhằm đáp lại sự","17",
"200","story-detail","/chuyen-cua-thuc/%E2%9A%A1%EF%B8%8F%E2%9A%A1%EF%B8%8F-giam-20-freeship-freecall-%E2%9A%A1%EF%B8%8F%E2%9A%A1%EF%B8%8F-s510t2/","http://www.thuccoffee.com.vn/chuyen-cua-thuc/%E2%9A%A1%EF%B8%8F%E2%9A%A1%EF%B8%8F-giam-20-freeship-freecall-%E2%9A%A1%EF%B8%8F%E2%9A%A1%EF%B8%8F-s510t2/","Thức Coffee - Open 24/7 - ⚡️⚡️ GIẢM 20% - FREESHIP - FREECALL ⚡️⚡️","H1: ⚡️⚡️ GIẢM 20% - FREESHIP - FREECALL ⚡️⚡️ | H4: THỨC COFFEE - OPEN 24/7 Hotline: 1800 6230 | H4: © 2018. All Right Reserved. Thức Coffee","Thức Coffee - Open 24/7 - ⚡️⚡️ GIẢM 20% - FREESHIP - FREECALL ⚡️⚡️ Trang chủ Menu Chuyện của Thức Về chúng tôi Cửa hàng Chính sách thành viên Tuyển Dụng Liên Hệ Đăng Nhập Nhận tin khuyến mãi của Thức 1800 6230 info.thuccoffee247@gmail.com 1800 6230 Menu Chuyện của Thức Về chúng tôi Cửa hàng Chính sách thành viên Tuyển Dụng Liên Hệ Thức uống Tin tức Trang chủ Chuyện của Thức ⚡️⚡️ GIẢM 20% - FREESHIP - FREECALL ⚡️⚡️ 13.02.2019 ⚡️⚡️ GIẢM 20% - FREESHIP - FREECALL ⚡️⚡️ TRỜI ƠI TIN ĐƯỢC KHÔNG ⁉️⁉️⁉️ ","17",
"200","story-detail","/chuyen-cua-thuc/%E2%9A%A1%EF%B8%8F%E2%9A%A1%EF%B8%8F-giam-20-freeship-freecall-%E2%9A%A1%EF%B8%8F%E2%9A%A1%EF%B8%8F-s511t2/","http://www.thuccoffee.com.vn/chuyen-cua-thuc/%E2%9A%A1%EF%B8%8F%E2%9A%A1%EF%B8%8F-giam-20-freeship-freecall-%E2%9A%A1%EF%B8%8F%E2%9A%A1%EF%B8%8F-s511t2/","Thức Coffee - Open 24/7 - ⚡️⚡️ GIẢM 20% - FREESHIP - FREECALL ⚡️⚡️","H1: ⚡️⚡️ GIẢM 20% - FREESHIP - FREECALL ⚡️⚡️ | H4: THỨC COFFEE - OPEN 24/7 Hotline: 1800 6230 | H4: © 2018. All Right Reserved. Thức Coffee","Thức Coffee - Open 24/7 - ⚡️⚡️ GIẢM 20% - FREESHIP - FREECALL ⚡️⚡️ Trang chủ Menu Chuyện của Thức Về chúng tôi Cửa hàng Chính sách thành viên Tuyển Dụng Liên Hệ Đăng Nhập Nhận tin khuyến mãi của Thức 1800 6230 info.thuccoffee247@gmail.com 1800 6230 Menu Chuyện của Thức Về chúng tôi Cửa hàng Chính sách thành viên Tuyển Dụng Liên Hệ Thức uống Tin tức Trang chủ Chuyện của Thức ⚡️⚡️ GIẢM 20% - FREESHIP - FREECALL ⚡️⚡️ 13.02.2019 ⚡️⚡️ GIẢM 20% - FREESHIP - FREECALL ⚡️⚡️ TRỜI ƠI TIN ĐƯỢC KHÔNG ⁉️⁉️⁉️ ","17",
"200","story-detail","/chuyen-cua-thuc/%E2%9A%A1%EF%B8%8F%E2%9A%A1%EF%B8%8F-thuc-co-gi-hot-hot-gi-o-thuc-%E2%9A%A1%EF%B8%8F%E2%9A%A1%EF%B8%8F-s527t2/","http://www.thuccoffee.com.vn/chuyen-cua-thuc/%E2%9A%A1%EF%B8%8F%E2%9A%A1%EF%B8%8F-thuc-co-gi-hot-hot-gi-o-thuc-%E2%9A%A1%EF%B8%8F%E2%9A%A1%EF%B8%8F-s527t2/","Thức Coffee - Open 24/7 - ⚡️⚡️ Thức có gì HOT?? HOT gì ở Thức?? ⚡️⚡️","H1: ⚡️⚡️ Thức có gì HOT?? HOT gì ở Thức?? ⚡️⚡️ | H4: THỨC COFFEE - OPEN 24/7 Hotline: 1800 6230 | H4: © 2018. All Right Reserved. Thức Coffee","Thức Coffee - Open 24/7 - ⚡️⚡️ Thức có gì HOT?? HOT gì ở Thức?? ⚡️⚡️ Trang chủ Menu Chuyện của Thức Về chúng tôi Cửa hàng Chính sách thành viên Tuyển Dụng Liên Hệ Đăng Nhập Nhận tin khuyến mãi của Thức 1800 6230 info.thuccoffee247@gmail.com 1800 6230 Menu Chuyện của Thức Về chúng tôi Cửa hàng Chính sách thành viên Tuyển Dụng Liên Hệ Thức uống Tin tức Trang chủ Chuyện của Thức ⚡️⚡️ Thức có gì HOT?? HOT gì ở Thức?? ⚡️⚡️ 10.04.2019 ⚡️⚡️ Thức có gì HOT?? HOT gì ở Thức?? ⚡️⚡️ 👉 Siêu phẩm TART với di","17",
"200","story-detail","/chuyen-cua-thuc/%E2%9A%A1%EF%B8%8F-du-dinh-duong-day-nang-luong-voi-combo-kaya-toast-white-coffee-%E2%9A%A1%EF%B8%8F-s1226t2/","http://www.thuccoffee.com.vn/chuyen-cua-thuc/%E2%9A%A1%EF%B8%8F-du-dinh-duong-day-nang-luong-voi-combo-kaya-toast-white-coffee-%E2%9A%A1%EF%B8%8F-s1226t2/","Thức Coffee - Open 24/7 - ⚡️ ĐỦ DINH DƯỠNG - ĐẦY NĂNG LƯỢNG với COMBO KAYA TOAST & WHITE COFFEE ⚡️","H1: ⚡️ ĐỦ DINH DƯỠNG - ĐẦY NĂNG LƯỢNG với COMBO KAYA TOAST & WHITE COFFEE ⚡️ | H4: THỨC COFFEE - OPEN 24/7 Hotline: 1800 6230 | H4: © 2018. All Right Reserved. Thức Coffee","Thức Coffee - Open 24/7 - ⚡️ ĐỦ DINH DƯỠNG - ĐẦY NĂNG LƯỢNG với COMBO KAYA TOAST & WHITE COFFEE ⚡️ Trang chủ Menu Chuyện của Thức Về chúng tôi Cửa hàng Chính sách thành viên Tuyển Dụng Liên Hệ Đăng Nhập Nhận tin khuyến mãi của Thức 1800 6230 info.thuccoffee247@gmail.com 1800 6230 Menu Chuyện của Thức Về chúng tôi Cửa hàng Chính sách thành viên Tuyển Dụng Liên Hệ Thức uống Tin tức Trang chủ Chuyện của Thức ⚡️ ĐỦ DINH DƯỠNG - ĐẦY NĂNG LƯỢNG với COMBO KAYA TOAST & WHITE COFFEE ⚡️ 19.09.2024 ⚡️ ĐỦ D","17",
"200","story-detail","/chuyen-cua-thuc/%E2%9C%A8-vi-xuan-nhu-y-phu-quy-phat-tai-s1431t2/","http://www.thuccoffee.com.vn/chuyen-cua-thuc/%E2%9C%A8-vi-xuan-nhu-y-phu-quy-phat-tai-s1431t2/","Thức Coffee - Open 24/7 - ✨ VỊ XUÂN NHƯ Ý - PHÚ QUÝ PHÁT TÀI","H1: ✨ VỊ XUÂN NHƯ Ý - PHÚ QUÝ PHÁT TÀI | H4: THỨC COFFEE - OPEN 24/7 Hotline: 1800 6230 | H4: © 2018. All Right Reserved. Thức Coffee","Thức Coffee - Open 24/7 - ✨ VỊ XUÂN NHƯ Ý - PHÚ QUÝ PHÁT TÀI Trang chủ Menu Chuyện của Thức Về chúng tôi Cửa hàng Chính sách thành viên Tuyển Dụng Liên Hệ Đăng Nhập Nhận tin khuyến mãi của Thức 1800 6230 info.thuccoffee247@gmail.com 1800 6230 Menu Chuyện của Thức Về chúng tôi Cửa hàng Chính sách thành viên Tuyển Dụng Liên Hệ Thức uống Tin tức Trang chủ Chuyện của Thức ✨ VỊ XUÂN NHƯ Ý - PHÚ QUÝ PHÁT TÀI 19.01.2026 ✨ VỊ XUÂN NHƯ Ý - PHÚ QUÝ PHÁT TÀI GÓI TRỌN HƯƠNG HOA NGÀY XUÂN VÀO BST TẾT 2026 Cù","17",
"200","story-detail","/chuyen-cua-thuc/%F0%9F%8C%99-combo-nguyet-vien-%E2%80%93-huong-vi-thu-ve-tai-thuc-coffee-%E2%9C%A8-s1397t2/","http://www.thuccoffee.com.vn/chuyen-cua-thuc/%F0%9F%8C%99-combo-nguyet-vien-%E2%80%93-huong-vi-thu-ve-tai-thuc-coffee-%E2%9C%A8-s1397t2/","Thức Coffee - Open 24/7 - &#127769; Combo Nguyệt Viên – hương vị thu về tại Thức Coffee ✨","H1: &#127769; Combo Nguyệt Viên – hương vị thu về tại Thức Coffee ✨ | H4: THỨC COFFEE - OPEN 24/7 Hotline: 1800 6230 | H4: © 2018. All Right Reserved. Thức Coffee","Thức Coffee - Open 24/7 - &#127769; Combo Nguyệt Viên – hương vị thu về tại Thức Coffee ✨ Trang chủ Menu Chuyện của Thức Về chúng tôi Cửa hàng Chính sách thành viên Tuyển Dụng Liên Hệ Đăng Nhập Nhận tin khuyến mãi của Thức 1800 6230 info.thuccoffee247@gmail.com 1800 6230 Menu Chuyện của Thức Về chúng tôi Cửa hàng Chính sách thành viên Tuyển Dụng Liên Hệ Thức uống Tin tức Trang chủ Chuyện của Thức &#127769; Combo Nguyệt Viên – hương vị thu về tại Thức Coffee ✨ 22.09.2025 &#127769; Combo Nguyệt Vi","17",
"200","story-detail","/chuyen-cua-thuc/%F0%9F%8C%99-khuya-tinh-tao-tran-nang-luong-s1222t2/","http://www.thuccoffee.com.vn/chuyen-cua-thuc/%F0%9F%8C%99-khuya-tinh-tao-tran-nang-luong-s1222t2/","Thức Coffee - Open 24/7 - &#127769; KHUYA TỈNH TÁO - TRÀN NĂNG LƯỢNG","H1: &#127769; KHUYA TỈNH TÁO - TRÀN NĂNG LƯỢNG | H4: THỨC COFFEE - OPEN 24/7 Hotline: 1800 6230 | H4: © 2018. All Right Reserved. Thức Coffee","Thức Coffee - Open 24/7 - &#127769; KHUYA TỈNH TÁO - TRÀN NĂNG LƯỢNG Trang chủ Menu Chuyện của Thức Về chúng tôi Cửa hàng Chính sách thành viên Tuyển Dụng Liên Hệ Đăng Nhập Nhận tin khuyến mãi của Thức 1800 6230 info.thuccoffee247@gmail.com 1800 6230 Menu Chuyện của Thức Về chúng tôi Cửa hàng Chính sách thành viên Tuyển Dụng Liên Hệ Thức uống Tin tức Trang chủ Chuyện của Thức &#127769; KHUYA TỈNH TÁO - TRÀN NĂNG LƯỢNG 09.09.2024 &#127769; KHUYA TỈNH TÁO - TRÀN NĂNG LƯỢNG Ưu đãi siêu hời cho cú đ","17",
"200","story-detail","/chuyen-cua-thuc/%F0%9F%8C%9E-mot-ngum-khi-khat-vua-mat-vua-ngon-s756t2/","http://www.thuccoffee.com.vn/chuyen-cua-thuc/%F0%9F%8C%9E-mot-ngum-khi-khat-vua-mat-vua-ngon-s756t2/","Thức Coffee - Open 24/7 - &#127774; MỘT NGỤM KHI KHÁT, VỪA MÁT - VỪA NGON","H1: &#127774; MỘT NGỤM KHI KHÁT, VỪA MÁT - VỪA NGON | H4: THỨC COFFEE - OPEN 24/7 Hotline: 1800 6230 | H4: © 2018. All Right Reserved. Thức Coffee","Thức Coffee - Open 24/7 - &#127774; MỘT NGỤM KHI KHÁT, VỪA MÁT - VỪA NGON Trang chủ Menu Chuyện của Thức Về chúng tôi Cửa hàng Chính sách thành viên Tuyển Dụng Liên Hệ Đăng Nhập Nhận tin khuyến mãi của Thức 1800 6230 info.thuccoffee247@gmail.com 1800 6230 Menu Chuyện của Thức Về chúng tôi Cửa hàng Chính sách thành viên Tuyển Dụng Liên Hệ Thức uống Tin tức Trang chủ Chuyện của Thức &#127774; MỘT NGỤM KHI KHÁT, VỪA MÁT - VỪA NGON 24.06.2020 &#127774; MỘT NGỤM KHI KHÁT, VỪA MÁT - VỪA NGON Món uống ","17",
"200","story-detail","/chuyen-cua-thuc/%F0%9F%8C%9F%F0%9F%8C%9F-giua-tuan-vui-ve-ca-tuan-deu-vuiiii-%F0%9F%8C%9F%F0%9F%8C%9F-s534t2/","http://www.thuccoffee.com.vn/chuyen-cua-thuc/%F0%9F%8C%9F%F0%9F%8C%9F-giua-tuan-vui-ve-ca-tuan-deu-vuiiii-%F0%9F%8C%9F%F0%9F%8C%9F-s534t2/","Thức Coffee - Open 24/7 - &#127775;&#127775; Giữa tuần vui vẻ, cả tuần đều vuiiii &#127775;&#127775;","H1: &#127775;&#127775; Giữa tuần vui vẻ, cả tuần đều vuiiii &#127775;&#127775; | H4: THỨC COFFEE - OPEN 24/7 Hotline: 1800 6230 | H4: © 2018. All Right Reserved. Thức Coffee","Thức Coffee - Open 24/7 - &#127775;&#127775; Giữa tuần vui vẻ, cả tuần đều vuiiii &#127775;&#127775; Trang chủ Menu Chuyện của Thức Về chúng tôi Cửa hàng Chính sách thành viên Tuyển Dụng Liên Hệ Đăng Nhập Nhận tin khuyến mãi của Thức 1800 6230 info.thuccoffee247@gmail.com 1800 6230 Menu Chuyện của Thức Về chúng tôi Cửa hàng Chính sách thành viên Tuyển Dụng Liên Hệ Thức uống Tin tức Trang chủ Chuyện của Thức &#127775;&#127775; Giữa tuần vui vẻ, cả tuần đều vuiiii &#127775;&#127775; 07.05.2019 &#1","17",
"200","story-detail","/chuyen-cua-thuc/%F0%9F%8C%9F%F0%9F%8C%9F-giua-tuan-vui-ve-ca-tuan-deu-vuiiii-%F0%9F%8C%9F%F0%9F%8C%9F-s535t2/","http://www.thuccoffee.com.vn/chuyen-cua-thuc/%F0%9F%8C%9F%F0%9F%8C%9F-giua-tuan-vui-ve-ca-tuan-deu-vuiiii-%F0%9F%8C%9F%F0%9F%8C%9F-s535t2/","Thức Coffee - Open 24/7 - &#127775;&#127775; Giữa tuần vui vẻ, cả tuần đều vuiiii &#127775;&#127775;","H1: &#127775;&#127775; Giữa tuần vui vẻ, cả tuần đều vuiiii &#127775;&#127775; | H4: THỨC COFFEE - OPEN 24/7 Hotline: 1800 6230 | H4: © 2018. All Right Reserved. Thức Coffee","Thức Coffee - Open 24/7 - &#127775;&#127775; Giữa tuần vui vẻ, cả tuần đều vuiiii &#127775;&#127775; Trang chủ Menu Chuyện của Thức Về chúng tôi Cửa hàng Chính sách thành viên Tuyển Dụng Liên Hệ Đăng Nhập Nhận tin khuyến mãi của Thức 1800 6230 info.thuccoffee247@gmail.com 1800 6230 Menu Chuyện của Thức Về chúng tôi Cửa hàng Chính sách thành viên Tuyển Dụng Liên Hệ Thức uống Tin tức Trang chủ Chuyện của Thức &#127775;&#127775; Giữa tuần vui vẻ, cả tuần đều vuiiii &#127775;&#127775; 27.08.2019 &#1","17",
"200","story-detail","/chuyen-cua-thuc/%F0%9F%8C%9F-ngay-hoi-khai-truong-thuc-hoa-phuong-%F0%9F%8C%9F-s603t2/","http://www.thuccoffee.com.vn/chuyen-cua-thuc/%F0%9F%8C%9F-ngay-hoi-khai-truong-thuc-hoa-phuong-%F0%9F%8C%9F-s603t2/","Thức Coffee - Open 24/7 - &#127775; NGÀY HỘI KHAI TRƯƠNG THỨC HOA PHƯỢNG &#127775;","H1: &#127775; NGÀY HỘI KHAI TRƯƠNG THỨC HOA PHƯỢNG &#127775; | H4: THỨC COFFEE - OPEN 24/7 Hotline: 1800 6230 | H4: © 2018. All Right Reserved. Thức Coffee","Thức Coffee - Open 24/7 - &#127775; NGÀY HỘI KHAI TRƯƠNG THỨC HOA PHƯỢNG &#127775; Trang chủ Menu Chuyện của Thức Về chúng tôi Cửa hàng Chính sách thành viên Tuyển Dụng Liên Hệ Đăng Nhập Nhận tin khuyến mãi của Thức 1800 6230 info.thuccoffee247@gmail.com 1800 6230 Menu Chuyện của Thức Về chúng tôi Cửa hàng Chính sách thành viên Tuyển Dụng Liên Hệ Thức uống Tin tức Trang chủ Chuyện của Thức &#127775; NGÀY HỘI KHAI TRƯƠNG THỨC HOA PHƯỢNG &#127775; 15.08.2019 &#127775; NGÀY HỘI KHAI TRƯƠNG THỨC HOA","17",
"200","story-detail","/chuyen-cua-thuc/%F0%9F%8C%B4%F0%9F%8C%B4%F0%9F%8C%B4-mua-he-nay-thuc-co-gi--s544t2/","http://www.thuccoffee.com.vn/chuyen-cua-thuc/%F0%9F%8C%B4%F0%9F%8C%B4%F0%9F%8C%B4-mua-he-nay-thuc-co-gi--s544t2/","Thức Coffee - Open 24/7 - &#127796;&#127796;&#127796; Mùa hè này Thức có gì ??","H1: &#127796;&#127796;&#127796; Mùa hè này Thức có gì ?? | H4: THỨC COFFEE - OPEN 24/7 Hotline: 1800 6230 | H4: © 2018. All Right Reserved. Thức Coffee","Thức Coffee - Open 24/7 - &#127796;&#127796;&#127796; Mùa hè này Thức có gì ?? Trang chủ Menu Chuyện của Thức Về chúng tôi Cửa hàng Chính sách thành viên Tuyển Dụng Liên Hệ Đăng Nhập Nhận tin khuyến mãi của Thức 1800 6230 info.thuccoffee247@gmail.com 1800 6230 Menu Chuyện của Thức Về chúng tôi Cửa hàng Chính sách thành viên Tuyển Dụng Liên Hệ Thức uống Tin tức Trang chủ Chuyện của Thức &#127796;&#127796;&#127796; Mùa hè này Thức có gì ?? 03.06.2019 &#127796;&#127796;&#127796; Mùa hè này Thức có ","17",
"200","story-detail","/chuyen-cua-thuc/%F0%9F%8C%B4-summer-vibes-cung-thuc-mang-he-den-gan-ban-%F0%9F%8C%B4-s746t2/","http://www.thuccoffee.com.vn/chuyen-cua-thuc/%F0%9F%8C%B4-summer-vibes-cung-thuc-mang-he-den-gan-ban-%F0%9F%8C%B4-s746t2/","Thức Coffee - Open 24/7 - &#127796; SUMMER VIBES - cùng Thức mang hè đến gần bạn &#127796;","H1: &#127796; SUMMER VIBES - cùng Thức mang hè đến gần bạn &#127796; | H4: THỨC COFFEE - OPEN 24/7 Hotline: 1800 6230 | H4: © 2018. All Right Reserved. Thức Coffee","Thức Coffee - Open 24/7 - &#127796; SUMMER VIBES - cùng Thức mang hè đến gần bạn &#127796; Trang chủ Menu Chuyện của Thức Về chúng tôi Cửa hàng Chính sách thành viên Tuyển Dụng Liên Hệ Đăng Nhập Nhận tin khuyến mãi của Thức 1800 6230 info.thuccoffee247@gmail.com 1800 6230 Menu Chuyện của Thức Về chúng tôi Cửa hàng Chính sách thành viên Tuyển Dụng Liên Hệ Thức uống Tin tức Trang chủ Chuyện của Thức &#127796; SUMMER VIBES - cùng Thức mang hè đến gần bạn &#127796; 13.06.2020 &#127796; SUMMER VIBES ","17",
"200","story-detail","/chuyen-cua-thuc/%F0%9F%8C%B7%F0%9F%8C%B7-hoa-xinh-trao-nang-thay-ngan-yeu-thuong-%F0%9F%8C%B7%F0%9F%8C%B7-s679t2/","http://www.thuccoffee.com.vn/chuyen-cua-thuc/%F0%9F%8C%B7%F0%9F%8C%B7-hoa-xinh-trao-nang-thay-ngan-yeu-thuong-%F0%9F%8C%B7%F0%9F%8C%B7-s679t2/","Thức Coffee - Open 24/7 - &#127799;&#127799; HOA XINH TRAO NÀNG - THAY NGÀN YÊU THƯƠNG &#127799;&#127799;","H1: &#127799;&#127799; HOA XINH TRAO NÀNG - THAY NGÀN YÊU THƯƠNG &#127799;&#127799; | H4: THỨC COFFEE - OPEN 24/7 Hotline: 1800 6230 | H4: © 2018. All Right Reserved. Thức Coffee","Thức Coffee - Open 24/7 - &#127799;&#127799; HOA XINH TRAO NÀNG - THAY NGÀN YÊU THƯƠNG &#127799;&#127799; Trang chủ Menu Chuyện của Thức Về chúng tôi Cửa hàng Chính sách thành viên Tuyển Dụng Liên Hệ Đăng Nhập Nhận tin khuyến mãi của Thức 1800 6230 info.thuccoffee247@gmail.com 1800 6230 Menu Chuyện của Thức Về chúng tôi Cửa hàng Chính sách thành viên Tuyển Dụng Liên Hệ Thức uống Tin tức Trang chủ Chuyện của Thức &#127799;&#127799; HOA XINH TRAO NÀNG - THAY NGÀN YÊU THƯƠNG &#127799;&#127799; 07.0","17",
"200","story-detail","/chuyen-cua-thuc/%F0%9F%8C%B8-20-10-cuoi-tuoi-nhu-hoa-nhan-qua-thoa-thich--s790t2/","http://www.thuccoffee.com.vn/chuyen-cua-thuc/%F0%9F%8C%B8-20-10-cuoi-tuoi-nhu-hoa-nhan-qua-thoa-thich--s790t2/","Thức Coffee - Open 24/7 - &#127800; 20/10 - Cười tươi như hoa - Nhận quà thoả thích!","H1: &#127800; 20/10 - Cười tươi như hoa - Nhận quà thoả thích! | H4: THỨC COFFEE - OPEN 24/7 Hotline: 1800 6230 | H4: © 2018. All Right Reserved. Thức Coffee","Thức Coffee - Open 24/7 - &#127800; 20/10 - Cười tươi như hoa - Nhận quà thoả thích! Trang chủ Menu Chuyện của Thức Về chúng tôi Cửa hàng Chính sách thành viên Tuyển Dụng Liên Hệ Đăng Nhập Nhận tin khuyến mãi của Thức 1800 6230 info.thuccoffee247@gmail.com 1800 6230 Menu Chuyện của Thức Về chúng tôi Cửa hàng Chính sách thành viên Tuyển Dụng Liên Hệ Thức uống Tin tức Trang chủ Chuyện của Thức &#127800; 20/10 - Cười tươi như hoa - Nhận quà thoả thích! 20.10.2020 &#127800; 20/10 - Cười tươi như hoa","17",
"200","story-detail","/chuyen-cua-thuc/%F0%9F%8C%B9%F0%9F%8C%BC-tu-quy-tra-hoa-vui-don-tet-ta-%F0%9F%8C%BC%F0%9F%8C%B9-s820t2/","http://www.thuccoffee.com.vn/chuyen-cua-thuc/%F0%9F%8C%B9%F0%9F%8C%BC-tu-quy-tra-hoa-vui-don-tet-ta-%F0%9F%8C%BC%F0%9F%8C%B9-s820t2/","Thức Coffee - Open 24/7 - &#127801;&#127804; TỨ QUÝ TRÀ HOA - VUI ĐÓN TẾT TA &#127804;&#127801;","H1: &#127801;&#127804; TỨ QUÝ TRÀ HOA - VUI ĐÓN TẾT TA &#127804;&#127801; | H4: THỨC COFFEE - OPEN 24/7 Hotline: 1800 6230 | H4: © 2018. All Right Reserved. Thức Coffee","Thức Coffee - Open 24/7 - &#127801;&#127804; TỨ QUÝ TRÀ HOA - VUI ĐÓN TẾT TA &#127804;&#127801; Trang chủ Menu Chuyện của Thức Về chúng tôi Cửa hàng Chính sách thành viên Tuyển Dụng Liên Hệ Đăng Nhập Nhận tin khuyến mãi của Thức 1800 6230 info.thuccoffee247@gmail.com 1800 6230 Menu Chuyện của Thức Về chúng tôi Cửa hàng Chính sách thành viên Tuyển Dụng Liên Hệ Thức uống Tin tức Trang chủ Chuyện của Thức &#127801;&#127804; TỨ QUÝ TRÀ HOA - VUI ĐÓN TẾT TA &#127804;&#127801; 21.01.2021 &#127801;&#12","17",
"200","story-detail","/chuyen-cua-thuc/%F0%9F%8C%B9-tra-hoa-hong-phuc-%F0%9F%8C%B9-s830t2/","http://www.thuccoffee.com.vn/chuyen-cua-thuc/%F0%9F%8C%B9-tra-hoa-hong-phuc-%F0%9F%8C%B9-s830t2/","Thức Coffee - Open 24/7 - &#127801; TRÀ HOA HỒNG PHÚC &#127801;","H1: &#127801; TRÀ HOA HỒNG PHÚC &#127801; | H4: THỨC COFFEE - OPEN 24/7 Hotline: 1800 6230 | H4: © 2018. All Right Reserved. Thức Coffee","Thức Coffee - Open 24/7 - &#127801; TRÀ HOA HỒNG PHÚC &#127801; Trang chủ Menu Chuyện của Thức Về chúng tôi Cửa hàng Chính sách thành viên Tuyển Dụng Liên Hệ Đăng Nhập Nhận tin khuyến mãi của Thức 1800 6230 info.thuccoffee247@gmail.com 1800 6230 Menu Chuyện của Thức Về chúng tôi Cửa hàng Chính sách thành viên Tuyển Dụng Liên Hệ Thức uống Tin tức Trang chủ Chuyện của Thức &#127801; TRÀ HOA HỒNG PHÚC &#127801; 08.02.2021 &#127801; TRÀ HOA HỒNG PHÚC &#127801; Trà hoa hồng đó! Hương thơm gì quyến rũ","17",
"200","story-detail","/chuyen-cua-thuc/%F0%9F%8C%BC%F0%9F%8C%B8-hoa-xuan-tu-quy-don-tet-nhu-y%F0%9F%8C%BC%F0%9F%8C%B8-s888t2/","http://www.thuccoffee.com.vn/chuyen-cua-thuc/%F0%9F%8C%BC%F0%9F%8C%B8-hoa-xuan-tu-quy-don-tet-nhu-y%F0%9F%8C%BC%F0%9F%8C%B8-s888t2/","Thức Coffee - Open 24/7 - &#127804;&#127800; HOA XUÂN TỨ QUÝ, ĐÓN TẾT NHƯ Ý&#127804;&#127800;","H1: &#127804;&#127800; HOA XUÂN TỨ QUÝ, ĐÓN TẾT NHƯ Ý&#127804;&#127800; | H4: THỨC COFFEE - OPEN 24/7 Hotline: 1800 6230 | H4: © 2018. All Right Reserved. Thức Coffee","Thức Coffee - Open 24/7 - &#127804;&#127800; HOA XUÂN TỨ QUÝ, ĐÓN TẾT NHƯ Ý&#127804;&#127800; Trang chủ Menu Chuyện của Thức Về chúng tôi Cửa hàng Chính sách thành viên Tuyển Dụng Liên Hệ Đăng Nhập Nhận tin khuyến mãi của Thức 1800 6230 info.thuccoffee247@gmail.com 1800 6230 Menu Chuyện của Thức Về chúng tôi Cửa hàng Chính sách thành viên Tuyển Dụng Liên Hệ Thức uống Tin tức Trang chủ Chuyện của Thức &#127804;&#127800; HOA XUÂN TỨ QUÝ, ĐÓN TẾT NHƯ Ý&#127804;&#127800; 15.01.2022 &#127804;&#127800","17",
"200","story-detail","/chuyen-cua-thuc/%F0%9F%8C%BC-giai-nhiet-ngay-nang-nong-voi-bo-tu-tra-hoa-top-seller-tai-thuc-coffee--s910t2/","http://www.thuccoffee.com.vn/chuyen-cua-thuc/%F0%9F%8C%BC-giai-nhiet-ngay-nang-nong-voi-bo-tu-tra-hoa-top-seller-tai-thuc-coffee--s910t2/","Thức Coffee - Open 24/7 - &#127804; Giải nhiệt ngày nắng nóng với BỘ TỨ TRÀ HOA - TOP SELLER tại Thức Coffee.","H1: &#127804; Giải nhiệt ngày nắng nóng với BỘ TỨ TRÀ HOA - TOP SELLER tại Thức Coffee. | H4: THỨC COFFEE - OPEN 24/7 Hotline: 1800 6230 | H4: © 2018. All Right Reserved. Thức Coffee","Thức Coffee - Open 24/7 - &#127804; Giải nhiệt ngày nắng nóng với BỘ TỨ TRÀ HOA - TOP SELLER tại Thức Coffee. Trang chủ Menu Chuyện của Thức Về chúng tôi Cửa hàng Chính sách thành viên Tuyển Dụng Liên Hệ Đăng Nhập Nhận tin khuyến mãi của Thức 1800 6230 info.thuccoffee247@gmail.com 1800 6230 Menu Chuyện của Thức Về chúng tôi Cửa hàng Chính sách thành viên Tuyển Dụng Liên Hệ Thức uống Tin tức Trang chủ Chuyện của Thức &#127804; Giải nhiệt ngày nắng nóng với BỘ TỨ TRÀ HOA - TOP SELLER tại Thức Coff","17",
"200","story-detail","/chuyen-cua-thuc/%F0%9F%8C%BC-thuong-tra-hoa-cuc-don-trang-ram-s1054t2/","http://www.thuccoffee.com.vn/chuyen-cua-thuc/%F0%9F%8C%BC-thuong-tra-hoa-cuc-don-trang-ram-s1054t2/","Thức Coffee - Open 24/7 - &#127804; THƯỞNG TRÀ HOA CÚC ĐÓN TRĂNG RẰM","H1: &#127804; THƯỞNG TRÀ HOA CÚC ĐÓN TRĂNG RẰM | H4: THỨC COFFEE - OPEN 24/7 Hotline: 1800 6230 | H4: © 2018. All Right Reserved. Thức Coffee","Thức Coffee - Open 24/7 - &#127804; THƯỞNG TRÀ HOA CÚC ĐÓN TRĂNG RẰM Trang chủ Menu Chuyện của Thức Về chúng tôi Cửa hàng Chính sách thành viên Tuyển Dụng Liên Hệ Đăng Nhập Nhận tin khuyến mãi của Thức 1800 6230 info.thuccoffee247@gmail.com 1800 6230 Menu Chuyện của Thức Về chúng tôi Cửa hàng Chính sách thành viên Tuyển Dụng Liên Hệ Thức uống Tin tức Trang chủ Chuyện của Thức &#127804; THƯỞNG TRÀ HOA CÚC ĐÓN TRĂNG RẰM 18.08.2023 &#127804; THƯỞNG TRÀ HOA CÚC ĐÓN TRĂNG RẰM CHÚC TẾT ĐOÀN VIÊN TRÒN ","17",
"200","story-detail","/chuyen-cua-thuc/%F0%9F%8C%BC-tra-cuc-loc-phat-%F0%9F%8C%BC-s829t2/","http://www.thuccoffee.com.vn/chuyen-cua-thuc/%F0%9F%8C%BC-tra-cuc-loc-phat-%F0%9F%8C%BC-s829t2/","Thức Coffee - Open 24/7 - &#127804; Trà Cúc Lộc Phát &#127804;","H1: &#127804; Trà Cúc Lộc Phát &#127804; | H4: THỨC COFFEE - OPEN 24/7 Hotline: 1800 6230 | H4: © 2018. All Right Reserved. Thức Coffee","Thức Coffee - Open 24/7 - &#127804; Trà Cúc Lộc Phát &#127804; Trang chủ Menu Chuyện của Thức Về chúng tôi Cửa hàng Chính sách thành viên Tuyển Dụng Liên Hệ Đăng Nhập Nhận tin khuyến mãi của Thức 1800 6230 info.thuccoffee247@gmail.com 1800 6230 Menu Chuyện của Thức Về chúng tôi Cửa hàng Chính sách thành viên Tuyển Dụng Liên Hệ Thức uống Tin tức Trang chủ Chuyện của Thức &#127804; Trà Cúc Lộc Phát &#127804; 03.02.2021 &#127804; Trà Cúc Lộc Phát &#127804; 🌥 Trời xanh mây trắng nắng vàng, Thưởng T","17",
"200","story-detail","/chuyen-cua-thuc/%F0%9F%8C%BC-tu-quy-tra-hoa-vui-don-tet-ta-%F0%9F%8C%BC-s835t2/","http://www.thuccoffee.com.vn/chuyen-cua-thuc/%F0%9F%8C%BC-tu-quy-tra-hoa-vui-don-tet-ta-%F0%9F%8C%BC-s835t2/","Thức Coffee - Open 24/7 - &#127804; Tứ Quý Trà Hoa - Vui Đón Tết Ta &#127804;","H1: &#127804; Tứ Quý Trà Hoa - Vui Đón Tết Ta &#127804; | H4: THỨC COFFEE - OPEN 24/7 Hotline: 1800 6230 | H4: © 2018. All Right Reserved. Thức Coffee","Thức Coffee - Open 24/7 - &#127804; Tứ Quý Trà Hoa - Vui Đón Tết Ta &#127804; Trang chủ Menu Chuyện của Thức Về chúng tôi Cửa hàng Chính sách thành viên Tuyển Dụng Liên Hệ Đăng Nhập Nhận tin khuyến mãi của Thức 1800 6230 info.thuccoffee247@gmail.com 1800 6230 Menu Chuyện của Thức Về chúng tôi Cửa hàng Chính sách thành viên Tuyển Dụng Liên Hệ Thức uống Tin tức Trang chủ Chuyện của Thức &#127804; Tứ Quý Trà Hoa - Vui Đón Tết Ta &#127804; 16.02.2021 &#127804; Tứ Quý Trà Hoa - Vui Đón Tết Ta &#12780","17",
"200","story-detail","/chuyen-cua-thuc/%F0%9F%8C%BF-fan-cung-matcha-khong-the-bo-qua-matcha-kafe-cua-thuc-coffee--s1038t2/","http://www.thuccoffee.com.vn/chuyen-cua-thuc/%F0%9F%8C%BF-fan-cung-matcha-khong-the-bo-qua-matcha-kafe-cua-thuc-coffee--s1038t2/","Thức Coffee - Open 24/7 - &#127807; Fan cứng MATCHA không thể bỏ qua, MATCHA KAFÉ của Thức Coffee.","H1: &#127807; Fan cứng MATCHA không thể bỏ qua, MATCHA KAFÉ của Thức Coffee. | H4: THỨC COFFEE - OPEN 24/7 Hotline: 1800 6230 | H4: © 2018. All Right Reserved. Thức Coffee","Thức Coffee - Open 24/7 - &#127807; Fan cứng MATCHA không thể bỏ qua, MATCHA KAFÉ của Thức Coffee. Trang chủ Menu Chuyện của Thức Về chúng tôi Cửa hàng Chính sách thành viên Tuyển Dụng Liên Hệ Đăng Nhập Nhận tin khuyến mãi của Thức 1800 6230 info.thuccoffee247@gmail.com 1800 6230 Menu Chuyện của Thức Về chúng tôi Cửa hàng Chính sách thành viên Tuyển Dụng Liên Hệ Thức uống Tin tức Trang chủ Chuyện của Thức &#127807; Fan cứng MATCHA không thể bỏ qua, MATCHA KAFÉ của Thức Coffee. 07.08.2023 &#12780","17",
"200","story-detail","/chuyen-cua-thuc/%F0%9F%8D%83-doi-moi-huong-vi-cung-bo-doi-banana-vibes-tai-thuc-coffee--s1382t2/","http://www.thuccoffee.com.vn/chuyen-cua-thuc/%F0%9F%8D%83-doi-moi-huong-vi-cung-bo-doi-banana-vibes-tai-thuc-coffee--s1382t2/","Thức Coffee - Open 24/7 - &#127811; Đổi mới hương vị cùng Bộ đôi BANANA VIBES tại Thức Coffee.","H1: &#127811; Đổi mới hương vị cùng Bộ đôi BANANA VIBES tại Thức Coffee. | H4: THỨC COFFEE - OPEN 24/7 Hotline: 1800 6230 | H4: © 2018. All Right Reserved. Thức Coffee","Thức Coffee - Open 24/7 - &#127811; Đổi mới hương vị cùng Bộ đôi BANANA VIBES tại Thức Coffee. Trang chủ Menu Chuyện của Thức Về chúng tôi Cửa hàng Chính sách thành viên Tuyển Dụng Liên Hệ Đăng Nhập Nhận tin khuyến mãi của Thức 1800 6230 info.thuccoffee247@gmail.com 1800 6230 Menu Chuyện của Thức Về chúng tôi Cửa hàng Chính sách thành viên Tuyển Dụng Liên Hệ Thức uống Tin tức Trang chủ Chuyện của Thức &#127811; Đổi mới hương vị cùng Bộ đôi BANANA VIBES tại Thức Coffee. 03.09.2025 &#127811; Đổi m","17",
"200","story-detail","/chuyen-cua-thuc/%F0%9F%8D%93%F0%9F%8D%8B%F0%9F%8D%91-trai-cay-nhiet-doi-tuoi-mat-don-chao-sac-he-phan-khoi--s844t2/","http://www.thuccoffee.com.vn/chuyen-cua-thuc/%F0%9F%8D%93%F0%9F%8D%8B%F0%9F%8D%91-trai-cay-nhiet-doi-tuoi-mat-don-chao-sac-he-phan-khoi--s844t2/","Thức Coffee - Open 24/7 - &#127827;&#127819;&#127825; TRÁI CÂY NHIỆT ĐỚI TƯƠI MÁT, ĐÓN CHÀO SẮC HÈ PHẤN KHỞI.","H1: &#127827;&#127819;&#127825; TRÁI CÂY NHIỆT ĐỚI TƯƠI MÁT, ĐÓN CHÀO SẮC HÈ PHẤN KHỞI. | H4: THỨC COFFEE - OPEN 24/7 Hotline: 1800 6230 | H4: © 2018. All Right Reserved. Thức Coffee","Thức Coffee - Open 24/7 - &#127827;&#127819;&#127825; TRÁI CÂY NHIỆT ĐỚI TƯƠI MÁT, ĐÓN CHÀO SẮC HÈ PHẤN KHỞI. Trang chủ Menu Chuyện của Thức Về chúng tôi Cửa hàng Chính sách thành viên Tuyển Dụng Liên Hệ Đăng Nhập Nhận tin khuyến mãi của Thức 1800 6230 info.thuccoffee247@gmail.com 1800 6230 Menu Chuyện của Thức Về chúng tôi Cửa hàng Chính sách thành viên Tuyển Dụng Liên Hệ Thức uống Tin tức Trang chủ Chuyện của Thức &#127827;&#127819;&#127825; TRÁI CÂY NHIỆT ĐỚI TƯƠI MÁT, ĐÓN CHÀO SẮC HÈ PHẤN KH","17",
"200","story-detail","/chuyen-cua-thuc/%F0%9F%8D%93%F0%9F%8D%8B%F0%9F%8D%91-tropical-fruit-breeze-bo-doi-trai-cay-da-xay-mat-lanh--s850t2/","http://www.thuccoffee.com.vn/chuyen-cua-thuc/%F0%9F%8D%93%F0%9F%8D%8B%F0%9F%8D%91-tropical-fruit-breeze-bo-doi-trai-cay-da-xay-mat-lanh--s850t2/","Thức Coffee - Open 24/7 - &#127827;&#127819;&#127825; TROPICAL FRUIT BREEZE - Bộ đôi trái cây đá xay mát lạnh.","H1: &#127827;&#127819;&#127825; TROPICAL FRUIT BREEZE - Bộ đôi trái cây đá xay mát lạnh. | H4: THỨC COFFEE - OPEN 24/7 Hotline: 1800 6230 | H4: © 2018. All Right Reserved. Thức Coffee","Thức Coffee - Open 24/7 - &#127827;&#127819;&#127825; TROPICAL FRUIT BREEZE - Bộ đôi trái cây đá xay mát lạnh. Trang chủ Menu Chuyện của Thức Về chúng tôi Cửa hàng Chính sách thành viên Tuyển Dụng Liên Hệ Đăng Nhập Nhận tin khuyến mãi của Thức 1800 6230 info.thuccoffee247@gmail.com 1800 6230 Menu Chuyện của Thức Về chúng tôi Cửa hàng Chính sách thành viên Tuyển Dụng Liên Hệ Thức uống Tin tức Trang chủ Chuyện của Thức &#127827;&#127819;&#127825; TROPICAL FRUIT BREEZE - Bộ đôi trái cây đá xay mát ","17",
"200","story-detail","/chuyen-cua-thuc/%F0%9F%8D%AD%F0%9F%8D%AD%F0%9F%8D%AD-lay-keo-hay-bi-gheo-%F0%9F%91%BB%F0%9F%91%BB%F0%9F%91%BB-s477t2/","http://www.thuccoffee.com.vn/chuyen-cua-thuc/%F0%9F%8D%AD%F0%9F%8D%AD%F0%9F%8D%AD-lay-keo-hay-bi-gheo-%F0%9F%91%BB%F0%9F%91%BB%F0%9F%91%BB-s477t2/","Thức Coffee - Open 24/7 - &#127853;&#127853;&#127853; LẤY KẸO HAY BỊ GHẸO &#128123;&#128123;&#128123;","H1: &#127853;&#127853;&#127853; LẤY KẸO HAY BỊ GHẸO &#128123;&#128123;&#128123; | H4: THỨC COFFEE - OPEN 24/7 Hotline: 1800 6230 | H4: © 2018. All Right Reserved. Thức Coffee","Thức Coffee - Open 24/7 - &#127853;&#127853;&#127853; LẤY KẸO HAY BỊ GHẸO &#128123;&#128123;&#128123; Trang chủ Menu Chuyện của Thức Về chúng tôi Cửa hàng Chính sách thành viên Tuyển Dụng Liên Hệ Đăng Nhập Nhận tin khuyến mãi của Thức 1800 6230 info.thuccoffee247@gmail.com 1800 6230 Menu Chuyện của Thức Về chúng tôi Cửa hàng Chính sách thành viên Tuyển Dụng Liên Hệ Thức uống Tin tức Trang chủ Chuyện của Thức &#127853;&#127853;&#127853; LẤY KẸO HAY BỊ GHẸO &#128123;&#128123;&#128123; 01.11.2018 &","17",
"200","story-detail","/chuyen-cua-thuc/%F0%9F%8D%B0-happy-day-free-upszie-dong-gia-banh-20-000d-s795t2/","http://www.thuccoffee.com.vn/chuyen-cua-thuc/%F0%9F%8D%B0-happy-day-free-upszie-dong-gia-banh-20-000d-s795t2/","Thức Coffee - Open 24/7 - &#127856; HAPPY DAY - FREE UPSZIE - ĐỒNG GIÁ BÁNH 20.000Đ","H1: &#127856; HAPPY DAY - FREE UPSZIE - ĐỒNG GIÁ BÁNH 20.000Đ | H4: THỨC COFFEE - OPEN 24/7 Hotline: 1800 6230 | H4: © 2018. All Right Reserved. Thức Coffee","Thức Coffee - Open 24/7 - &#127856; HAPPY DAY - FREE UPSZIE - ĐỒNG GIÁ BÁNH 20.000Đ Trang chủ Menu Chuyện của Thức Về chúng tôi Cửa hàng Chính sách thành viên Tuyển Dụng Liên Hệ Đăng Nhập Nhận tin khuyến mãi của Thức 1800 6230 info.thuccoffee247@gmail.com 1800 6230 Menu Chuyện của Thức Về chúng tôi Cửa hàng Chính sách thành viên Tuyển Dụng Liên Hệ Thức uống Tin tức Trang chủ Chuyện của Thức &#127856; HAPPY DAY - FREE UPSZIE - ĐỒNG GIÁ BÁNH 20.000Đ 28.10.2020 &#127856; HAPPY DAY - FREE UPSZIE - Đ","17",
"200","story-detail","/chuyen-cua-thuc/%F0%9F%8E%80%F0%9F%8E%80%F0%9F%8E%80-den-thuc-coffee-nhan-bao-li-xi-%F0%9F%8E%80%F0%9F%8E%80%F0%9F%8E%80-s664t2/","http://www.thuccoffee.com.vn/chuyen-cua-thuc/%F0%9F%8E%80%F0%9F%8E%80%F0%9F%8E%80-den-thuc-coffee-nhan-bao-li-xi-%F0%9F%8E%80%F0%9F%8E%80%F0%9F%8E%80-s664t2/","Thức Coffee - Open 24/7 - &#127872;&#127872;&#127872; ĐẾN THỨC COFFEE - NHẬN BAO LÌ XÌ &#127872;&#127872;&#127872;","H1: &#127872;&#127872;&#127872; ĐẾN THỨC COFFEE - NHẬN BAO LÌ XÌ &#127872;&#127872;&#127872; | H4: THỨC COFFEE - OPEN 24/7 Hotline: 1800 6230 | H4: © 2018. All Right Reserved. Thức Coffee","Thức Coffee - Open 24/7 - &#127872;&#127872;&#127872; ĐẾN THỨC COFFEE - NHẬN BAO LÌ XÌ &#127872;&#127872;&#127872; Trang chủ Menu Chuyện của Thức Về chúng tôi Cửa hàng Chính sách thành viên Tuyển Dụng Liên Hệ Đăng Nhập Nhận tin khuyến mãi của Thức 1800 6230 info.thuccoffee247@gmail.com 1800 6230 Menu Chuyện của Thức Về chúng tôi Cửa hàng Chính sách thành viên Tuyển Dụng Liên Hệ Thức uống Tin tức Trang chủ Chuyện của Thức &#127872;&#127872;&#127872; ĐẾN THỨC COFFEE - NHẬN BAO LÌ XÌ &#127872;&#127","17",
"200","story-detail","/chuyen-cua-thuc/%F0%9F%8E%80-song-khoe-tron-ven-cung-healthy-day--s781t2/","http://www.thuccoffee.com.vn/chuyen-cua-thuc/%F0%9F%8E%80-song-khoe-tron-ven-cung-healthy-day--s781t2/","Thức Coffee - Open 24/7 - &#127872; Sống khoẻ trọn vẹn cùng HEALTHY DAY.","H1: &#127872; Sống khoẻ trọn vẹn cùng HEALTHY DAY. | H4: THỨC COFFEE - OPEN 24/7 Hotline: 1800 6230 | H4: © 2018. All Right Reserved. Thức Coffee","Thức Coffee - Open 24/7 - &#127872; Sống khoẻ trọn vẹn cùng HEALTHY DAY. Trang chủ Menu Chuyện của Thức Về chúng tôi Cửa hàng Chính sách thành viên Tuyển Dụng Liên Hệ Đăng Nhập Nhận tin khuyến mãi của Thức 1800 6230 info.thuccoffee247@gmail.com 1800 6230 Menu Chuyện của Thức Về chúng tôi Cửa hàng Chính sách thành viên Tuyển Dụng Liên Hệ Thức uống Tin tức Trang chủ Chuyện của Thức &#127872; Sống khoẻ trọn vẹn cùng HEALTHY DAY. 15.09.2020 &#127872; Sống khoẻ trọn vẹn cùng HEALTHY DAY. Thứ ba sống ","17",
"200","story-detail","/chuyen-cua-thuc/%F0%9F%8E%83-mua-le-hoi-halloween-da-den--s792t2/","http://www.thuccoffee.com.vn/chuyen-cua-thuc/%F0%9F%8E%83-mua-le-hoi-halloween-da-den--s792t2/","Thức Coffee - Open 24/7 - &#127875; Mùa lễ hội Halloween đã đến!","H1: &#127875; Mùa lễ hội Halloween đã đến! | H4: THỨC COFFEE - OPEN 24/7 Hotline: 1800 6230 | H4: © 2018. All Right Reserved. Thức Coffee","Thức Coffee - Open 24/7 - &#127875; Mùa lễ hội Halloween đã đến! Trang chủ Menu Chuyện của Thức Về chúng tôi Cửa hàng Chính sách thành viên Tuyển Dụng Liên Hệ Đăng Nhập Nhận tin khuyến mãi của Thức 1800 6230 info.thuccoffee247@gmail.com 1800 6230 Menu Chuyện của Thức Về chúng tôi Cửa hàng Chính sách thành viên Tuyển Dụng Liên Hệ Thức uống Tin tức Trang chủ Chuyện của Thức &#127875; Mùa lễ hội Halloween đã đến! 24.10.2020 &#127875; Mùa lễ hội Halloween đã đến! Tận hưởng không khí lễ hội cuối thán","17",
"200","story-detail","/chuyen-cua-thuc/%F0%9F%8E%84%F0%9F%8E%84%F0%9F%8E%84-christmas-time-christmas-collection-%F0%9F%8E%84%F0%9F%8E%84%F0%9F%8E%84-s647t2/","http://www.thuccoffee.com.vn/chuyen-cua-thuc/%F0%9F%8E%84%F0%9F%8E%84%F0%9F%8E%84-christmas-time-christmas-collection-%F0%9F%8E%84%F0%9F%8E%84%F0%9F%8E%84-s647t2/","Thức Coffee - Open 24/7 - &#127876;&#127876;&#127876; CHRISTMAS TIME - CHRISTMAS COLLECTION &#127876;&#127876;&#127876;","H1: &#127876;&#127876;&#127876; CHRISTMAS TIME - CHRISTMAS COLLECTION &#127876;&#127876;&#127876; | H4: THỨC COFFEE - OPEN 24/7 Hotline: 1800 6230 | H4: © 2018. All Right Reserved. Thức Coffee","Thức Coffee - Open 24/7 - &#127876;&#127876;&#127876; CHRISTMAS TIME - CHRISTMAS COLLECTION &#127876;&#127876;&#127876; Trang chủ Menu Chuyện của Thức Về chúng tôi Cửa hàng Chính sách thành viên Tuyển Dụng Liên Hệ Đăng Nhập Nhận tin khuyến mãi của Thức 1800 6230 info.thuccoffee247@gmail.com 1800 6230 Menu Chuyện của Thức Về chúng tôi Cửa hàng Chính sách thành viên Tuyển Dụng Liên Hệ Thức uống Tin tức Trang chủ Chuyện của Thức &#127876;&#127876;&#127876; CHRISTMAS TIME - CHRISTMAS COLLECTION &#12","23",
"200","story-detail","/chuyen-cua-thuc/%F0%9F%8E%84-christmas-combo-%F0%9F%8E%84-s1412t2/","http://www.thuccoffee.com.vn/chuyen-cua-thuc/%F0%9F%8E%84-christmas-combo-%F0%9F%8E%84-s1412t2/","Thức Coffee - Open 24/7 - &#127876; CHRISTMAS COMBO &#127876;","H1: &#127876; CHRISTMAS COMBO &#127876; | H4: THỨC COFFEE - OPEN 24/7 Hotline: 1800 6230 | H4: © 2018. All Right Reserved. Thức Coffee","Thức Coffee - Open 24/7 - &#127876; CHRISTMAS COMBO &#127876; Trang chủ Menu Chuyện của Thức Về chúng tôi Cửa hàng Chính sách thành viên Tuyển Dụng Liên Hệ Đăng Nhập Nhận tin khuyến mãi của Thức 1800 6230 info.thuccoffee247@gmail.com 1800 6230 Menu Chuyện của Thức Về chúng tôi Cửa hàng Chính sách thành viên Tuyển Dụng Liên Hệ Thức uống Tin tức Trang chủ Chuyện của Thức &#127876; CHRISTMAS COMBO &#127876; 03.12.2025 &#127876; CHRISTMAS COMBO &#127876; Cập nhật thông báo hôm nayyy Thức đã sẵn sàng","17",
"200","story-detail","/chuyen-cua-thuc/%F0%9F%8E%84-don-giang-sinh-cung-bo-doi-green-red-christmas-collection-2024-%E2%98%83%EF%B8%8F-s1292t2/","http://www.thuccoffee.com.vn/chuyen-cua-thuc/%F0%9F%8E%84-don-giang-sinh-cung-bo-doi-green-red-christmas-collection-2024-%E2%98%83%EF%B8%8F-s1292t2/","Thức Coffee - Open 24/7 - &#127876; ĐÓN GIÁNG SINH CÙNG BỘ ĐÔI GREEN-RED : CHRISTMAS COLLECTION 2024 ☃️","H1: &#127876; ĐÓN GIÁNG SINH CÙNG BỘ ĐÔI GREEN-RED : CHRISTMAS COLLECTION 2024 ☃️ | H4: THỨC COFFEE - OPEN 24/7 Hotline: 1800 6230 | H4: © 2018. All Right Reserved. Thức Coffee","Thức Coffee - Open 24/7 - &#127876; ĐÓN GIÁNG SINH CÙNG BỘ ĐÔI GREEN-RED : CHRISTMAS COLLECTION 2024 ☃️ Trang chủ Menu Chuyện của Thức Về chúng tôi Cửa hàng Chính sách thành viên Tuyển Dụng Liên Hệ Đăng Nhập Nhận tin khuyến mãi của Thức 1800 6230 info.thuccoffee247@gmail.com 1800 6230 Menu Chuyện của Thức Về chúng tôi Cửa hàng Chính sách thành viên Tuyển Dụng Liên Hệ Thức uống Tin tức Trang chủ Chuyện của Thức &#127876; ĐÓN GIÁNG SINH CÙNG BỘ ĐÔI GREEN-RED : CHRISTMAS COLLECTION 2024 ☃️ 16.11.20","17",
"200","story-detail","/chuyen-cua-thuc/%F0%9F%8E%84-holiday-signature-drinks-%F0%9F%8E%84-s806t2/","http://www.thuccoffee.com.vn/chuyen-cua-thuc/%F0%9F%8E%84-holiday-signature-drinks-%F0%9F%8E%84-s806t2/","Thức Coffee - Open 24/7 - &#127876; HOLIDAY SIGNATURE DRINKS &#127876;","H1: &#127876; HOLIDAY SIGNATURE DRINKS &#127876; | H4: THỨC COFFEE - OPEN 24/7 Hotline: 1800 6230 | H4: © 2018. All Right Reserved. Thức Coffee","Thức Coffee - Open 24/7 - &#127876; HOLIDAY SIGNATURE DRINKS &#127876; Trang chủ Menu Chuyện của Thức Về chúng tôi Cửa hàng Chính sách thành viên Tuyển Dụng Liên Hệ Đăng Nhập Nhận tin khuyến mãi của Thức 1800 6230 info.thuccoffee247@gmail.com 1800 6230 Menu Chuyện của Thức Về chúng tôi Cửa hàng Chính sách thành viên Tuyển Dụng Liên Hệ Thức uống Tin tức Trang chủ Chuyện của Thức &#127876; HOLIDAY SIGNATURE DRINKS &#127876; 30.11.2020 &#127876; HOLIDAY SIGNATURE DRINKS &#127876; Không khí se lạnh ","17",
"200","story-detail","/chuyen-cua-thuc/%F0%9F%8E%84-jingle-bells-jingle-bells-jingle-all-the-way-%F0%9F%8E%84-s874t2/","http://www.thuccoffee.com.vn/chuyen-cua-thuc/%F0%9F%8E%84-jingle-bells-jingle-bells-jingle-all-the-way-%F0%9F%8E%84-s874t2/","Thức Coffee - Open 24/7 - &#127876; Jingle bells, jingle bells. Jingle all the way... &#127876;","H1: &#127876; Jingle bells, jingle bells. Jingle all the way... &#127876; | H4: THỨC COFFEE - OPEN 24/7 Hotline: 1800 6230 | H4: © 2018. All Right Reserved. Thức Coffee","Thức Coffee - Open 24/7 - &#127876; Jingle bells, jingle bells. Jingle all the way... &#127876; Trang chủ Menu Chuyện của Thức Về chúng tôi Cửa hàng Chính sách thành viên Tuyển Dụng Liên Hệ Đăng Nhập Nhận tin khuyến mãi của Thức 1800 6230 info.thuccoffee247@gmail.com 1800 6230 Menu Chuyện của Thức Về chúng tôi Cửa hàng Chính sách thành viên Tuyển Dụng Liên Hệ Thức uống Tin tức Trang chủ Chuyện của Thức &#127876; Jingle bells, jingle bells. Jingle all the way... &#127876; 27.11.2021 &#127876; Jin","17",
"200","story-detail","/chuyen-cua-thuc/%F0%9F%8E%84-mua-giang-sinh-ve-thuc-co-dieu-muon-he-lo-%F0%9F%8E%84-s1411t2/","http://www.thuccoffee.com.vn/chuyen-cua-thuc/%F0%9F%8E%84-mua-giang-sinh-ve-thuc-co-dieu-muon-he-lo-%F0%9F%8E%84-s1411t2/","Thức Coffee - Open 24/7 - &#127876; MÙA GIÁNG SINH VỀ, THỨC CÓ ĐIỀU MUỐN HÉ LỘ &#127876;","H1: &#127876; MÙA GIÁNG SINH VỀ, THỨC CÓ ĐIỀU MUỐN HÉ LỘ &#127876; | H4: THỨC COFFEE - OPEN 24/7 Hotline: 1800 6230 | H4: © 2018. All Right Reserved. Thức Coffee","Thức Coffee - Open 24/7 - &#127876; MÙA GIÁNG SINH VỀ, THỨC CÓ ĐIỀU MUỐN HÉ LỘ &#127876; Trang chủ Menu Chuyện của Thức Về chúng tôi Cửa hàng Chính sách thành viên Tuyển Dụng Liên Hệ Đăng Nhập Nhận tin khuyến mãi của Thức 1800 6230 info.thuccoffee247@gmail.com 1800 6230 Menu Chuyện của Thức Về chúng tôi Cửa hàng Chính sách thành viên Tuyển Dụng Liên Hệ Thức uống Tin tức Trang chủ Chuyện của Thức &#127876; MÙA GIÁNG SINH VỀ, THỨC CÓ ĐIỀU MUỐN HÉ LỘ &#127876; 03.12.2025 &#127876; MÙA GIÁNG SINH VỀ","17",
"200","story-detail","/chuyen-cua-thuc/%F0%9F%8E%84-thang-12-luon-la-thang-duoc-yeu-thich-nhat-trong-nam-vi-sao-u--s815t2/","http://www.thuccoffee.com.vn/chuyen-cua-thuc/%F0%9F%8E%84-thang-12-luon-la-thang-duoc-yeu-thich-nhat-trong-nam-vi-sao-u--s815t2/","Thức Coffee - Open 24/7 - &#127876; Tháng 12 luôn là tháng được yêu thích nhất trong năm. Vì sao ư?","H1: &#127876; Tháng 12 luôn là tháng được yêu thích nhất trong năm. Vì sao ư? | H4: THỨC COFFEE - OPEN 24/7 Hotline: 1800 6230 | H4: © 2018. All Right Reserved. Thức Coffee","Thức Coffee - Open 24/7 - &#127876; Tháng 12 luôn là tháng được yêu thích nhất trong năm. Vì sao ư? Trang chủ Menu Chuyện của Thức Về chúng tôi Cửa hàng Chính sách thành viên Tuyển Dụng Liên Hệ Đăng Nhập Nhận tin khuyến mãi của Thức 1800 6230 info.thuccoffee247@gmail.com 1800 6230 Menu Chuyện của Thức Về chúng tôi Cửa hàng Chính sách thành viên Tuyển Dụng Liên Hệ Thức uống Tin tức Trang chủ Chuyện của Thức &#127876; Tháng 12 luôn là tháng được yêu thích nhất trong năm. Vì sao ư? 09.12.2020 &#127","17",
"200","story-detail","/chuyen-cua-thuc/%F0%9F%8E%86-%F0%9D%90%87%F0%9D%90%80%F0%9D%90%8F%F0%9D%90%8F%F0%9D%90%98-%F0%9D%90%8D%F0%9D%90%84%F0%9D%90%96-%F0%9D%90%98%F0%9D%90%84%F0%9D%90%80%F0%9D%90%91-%F0%9D%9F%90%F0%9D%9F%8E%F0%9D%9F%90%F0%9D%9F%8E-%F0%9F%8E%86-s659t2/","http://www.thuccoffee.com.vn/chuyen-cua-thuc/%F0%9F%8E%86-%F0%9D%90%87%F0%9D%90%80%F0%9D%90%8F%F0%9D%90%8F%F0%9D%90%98-%F0%9D%90%8D%F0%9D%90%84%F0%9D%90%96-%F0%9D%90%98%F0%9D%90%84%F0%9D%90%80%F0%9D%90%91-%F0%9D%9F%90%F0%9D%9F%8E%F0%9D%9F%90%F0%9D%9F%8E-%F0%9F%8E%86-s659t2/","Thức Coffee - Open 24/7 - &#127878; &#119815;&#119808;&#119823;&#119823;&#119832; &#119821;&#119812;&#119830; &#119832;&#119812;&#119808;&#119825; &#120784;&#120782;&#120784;&#120782; &#127878;","H1: &#127878; &#119815;&#119808;&#119823;&#119823;&#119832; &#119821;&#119812;&#119830; &#119832;&#119812;&#119808;&#119825; &#120784;&#120782;&#120784;&#120782; &#127878; | H4: THỨC COFFEE - OPEN 24/7 Hotline: 1800 6230 | H4: © 2018. All Right Reserved. Thức Coffee","Thức Coffee - Open 24/7 - &#127878; &#119815;&#119808;&#119823;&#119823;&#119832; &#119821;&#119812;&#119830; &#119832;&#119812;&#119808;&#119825; &#120784;&#120782;&#120784;&#120782; &#127878; Trang chủ Menu Chuyện của Thức Về chúng tôi Cửa hàng Chính sách thành viên Tuyển Dụng Liên Hệ Đăng Nhập Nhận tin khuyến mãi của Thức 1800 6230 info.thuccoffee247@gmail.com 1800 6230 Menu Chuyện của Thức Về chúng tôi Cửa hàng Chính sách thành viên Tuyển Dụng Liên Hệ Thức uống Tin tức Trang chủ Chuyện của T","17",
"200","story-detail","/chuyen-cua-thuc/%F0%9F%8E%86-happy-new-year-2023-%F0%9F%8E%86-s972t2/","http://www.thuccoffee.com.vn/chuyen-cua-thuc/%F0%9F%8E%86-happy-new-year-2023-%F0%9F%8E%86-s972t2/","Thức Coffee - Open 24/7 - &#127878; HAPPY NEW YEAR 2023 &#127878;","H1: &#127878; HAPPY NEW YEAR 2023 &#127878; | H4: THỨC COFFEE - OPEN 24/7 Hotline: 1800 6230 | H4: © 2018. All Right Reserved. Thức Coffee","Thức Coffee - Open 24/7 - &#127878; HAPPY NEW YEAR 2023 &#127878; Trang chủ Menu Chuyện của Thức Về chúng tôi Cửa hàng Chính sách thành viên Tuyển Dụng Liên Hệ Đăng Nhập Nhận tin khuyến mãi của Thức 1800 6230 info.thuccoffee247@gmail.com 1800 6230 Menu Chuyện của Thức Về chúng tôi Cửa hàng Chính sách thành viên Tuyển Dụng Liên Hệ Thức uống Tin tức Trang chủ Chuyện của Thức &#127878; HAPPY NEW YEAR 2023 &#127878; 05.01.2023 &#127878; HAPPY NEW YEAR 2023 &#127878; 3, 2, 1... Cheer!!! 🥂 🥂 🎆 HAPP","17",
"200","story-detail","/chuyen-cua-thuc/%F0%9F%8E%88-10-years-of-thuc-coffee-%F0%9F%8E%88-s952t2/","http://www.thuccoffee.com.vn/chuyen-cua-thuc/%F0%9F%8E%88-10-years-of-thuc-coffee-%F0%9F%8E%88-s952t2/","Thức Coffee - Open 24/7 - &#127880; 10 YEARS OF THUC COFFEE &#127880;","H1: &#127880; 10 YEARS OF THUC COFFEE &#127880; | H4: THỨC COFFEE - OPEN 24/7 Hotline: 1800 6230 | H4: © 2018. All Right Reserved. Thức Coffee","Thức Coffee - Open 24/7 - &#127880; 10 YEARS OF THUC COFFEE &#127880; Trang chủ Menu Chuyện của Thức Về chúng tôi Cửa hàng Chính sách thành viên Tuyển Dụng Liên Hệ Đăng Nhập Nhận tin khuyến mãi của Thức 1800 6230 info.thuccoffee247@gmail.com 1800 6230 Menu Chuyện của Thức Về chúng tôi Cửa hàng Chính sách thành viên Tuyển Dụng Liên Hệ Thức uống Tin tức Trang chủ Chuyện của Thức &#127880; 10 YEARS OF THUC COFFEE &#127880; 17.10.2022 &#127880; 10 YEARS OF THUC COFFEE &#127880; Nhân dịp Thức chạm mố","17",
"200","story-detail","/chuyen-cua-thuc/%F0%9F%8E%89-%F0%9D%90%93%F0%9D%90%A1%F0%9D%90%AE%CC%9B%CC%81%F0%9D%90%9C-%F0%9D%90%82%F0%9D%90%A8%F0%9D%90%9F%F0%9D%90%9F%F0%9D%90%9E%F0%9D%90%9E-%F0%9D%9F%91%F0%9D%9F%90%F0%9D%9F%8E-%F0%9D%90%8D%F0%9D%90%A0%F0%9D%90%AE%F0%9D%90%B2%F0%9D%90%9E%CC%82%CC%83%F0%9D%90%A7-%F0%9D%90%93%F0%9D%90%A1%F0%9D%90%9A%CC%81%F0%9D%90%A2-%F0%9D%90%92%F0%9D%90%A8%CC%9B%F0%9D%90%A7-tro-lai-%F0%9D%90%A1%F0%9D%90%A8%F0%9D%90%9A%CC%A3%F0%9D%90%AD-d%F0%9D%90%A8%CC%A3%CC%82%F0%9D%90%A7%F0%9D%90%A0-%F0%9D%9F%90%F0%9D%9F%92%F0%9D%90%87-tu-hom-nay--s732t2/","http://www.thuccoffee.com.vn/chuyen-cua-thuc/%F0%9F%8E%89-%F0%9D%90%93%F0%9D%90%A1%F0%9D%90%AE%CC%9B%CC%81%F0%9D%90%9C-%F0%9D%90%82%F0%9D%90%A8%F0%9D%90%9F%F0%9D%90%9F%F0%9D%90%9E%F0%9D%90%9E-%F0%9D%9F%91%F0%9D%9F%90%F0%9D%9F%8E-%F0%9D%90%8D%F0%9D%90%A0%F0%9D%90%AE%F0%9D%90%B2%F0%9D%90%9E%CC%82%CC%83%F0%9D%90%A7-%F0%9D%90%93%F0%9D%90%A1%F0%9D%90%9A%CC%81%F0%9D%90%A2-%F0%9D%90%92%F0%9D%90%A8%CC%9B%F0%9D%90%A7-tro-lai-%F0%9D%90%A1%F0%9D%90%A8%F0%9D%90%9A%CC%A3%F0%9D%90%AD-d%F0%9D%90%A8%CC%A3%CC%82%F0%9D%90%A7%F0%9D%90%A0-%F0%9D%9F%90%F0%9D%9F%92%F0%9D%90%87-tu-hom-nay--s732t2/","Thức Coffee - Open 24/7 - &#127881; &#119827;&#119841;&#119854;̛́&#119836; &#119810;&#119848;&#119839;&#119839;&#119838;&#119838; &#120785;&#120784;&#120782; &#119821;&#119840;&#119854;&#119858;&#119838;̂̃&#119847; &#119827;&#119841;&#119834;́&#119842; &#119826;&#119848;̛&#119847; trở lại &#119841;&#119848;&#119834;̣&#119853; đ&#119848;̣̂&#119847;&#119840; &#120784;&#120786;&#119815; từ hôm nay.","H1: &#127881; &#119827;&#119841;&#119854;̛́&#119836; &#119810;&#119848;&#119839;&#119839;&#119838;&#119838; &#120785;&#120784;&#120782; &#119821;&#119840;&#119854;&#119858;&#119838;̂̃&#119847; &#119827;&#119841;&#119834;́&#119842; &#119826;&#119848;̛&#119847; trở lại &#119841;&#119848;&#119834;̣&#119853; đ&#119848;̣̂&#119847;&#119840; &#120784;&#120786;&#119815; từ hôm nay. | H4: THỨC COFFEE - OPEN 24/7 Hotline: 1800 6230 | H4: © 2018. All Right Reserved. Thức Coffee","Thức Coffee - Open 24/7 - &#127881; &#119827;&#119841;&#119854;̛́&#119836; &#119810;&#119848;&#119839;&#119839;&#119838;&#119838; &#120785;&#120784;&#120782; &#119821;&#119840;&#119854;&#119858;&#119838;̂̃&#119847; &#119827;&#119841;&#119834;́&#119842; &#119826;&#119848;̛&#119847; trở lại &#119841;&#119848;&#119834;̣&#119853; đ&#119848;̣̂&#119847;&#119840; &#120784;&#120786;&#119815; từ hôm nay. Trang chủ Menu Chuyện của Thức Về chúng tôi Cửa hàng Chính sách thành viên Tuyển Dụng Liên Hệ Đăng Nh","17",
"200","story-detail","/chuyen-cua-thuc/%F0%9F%8E%89%F0%9F%8E%89-don-chao-%F0%9D%90%93%F0%9D%90%A1%F0%9D%90%AE%CC%9B%CC%81%F0%9D%90%9C-%F0%9D%90%82%F0%9D%90%A8%F0%9D%90%9F%F0%9D%90%9F%F0%9D%90%9E%F0%9D%90%9E-%F0%9D%9F%92%F0%9D%9F%90-%F0%9D%90%87%F0%9D%90%A8%F0%9D%90%9A-%F0%9D%90%8F%F0%9D%90%A1%F0%9D%90%AE%CC%9B%F0%9D%90%A8%CC%9B%CC%A3%F0%9D%90%A7%F0%9D%90%A0-quay-lai-%F0%9D%90%A1%F0%9D%90%A8%F0%9D%90%9A%CC%A3%F0%9D%90%AD-d%F0%9D%90%A8%CC%A3%CC%82%F0%9D%90%A7%F0%9D%90%A0-%F0%9D%9F%90%F0%9D%9F%92%F0%9D%90%87-%F0%9F%8E%89%F0%9F%8E%89-s726t2/","http://www.thuccoffee.com.vn/chuyen-cua-thuc/%F0%9F%8E%89%F0%9F%8E%89-don-chao-%F0%9D%90%93%F0%9D%90%A1%F0%9D%90%AE%CC%9B%CC%81%F0%9D%90%9C-%F0%9D%90%82%F0%9D%90%A8%F0%9D%90%9F%F0%9D%90%9F%F0%9D%90%9E%F0%9D%90%9E-%F0%9D%9F%92%F0%9D%9F%90-%F0%9D%90%87%F0%9D%90%A8%F0%9D%90%9A-%F0%9D%90%8F%F0%9D%90%A1%F0%9D%90%AE%CC%9B%F0%9D%90%A8%CC%9B%CC%A3%F0%9D%90%A7%F0%9D%90%A0-quay-lai-%F0%9D%90%A1%F0%9D%90%A8%F0%9D%90%9A%CC%A3%F0%9D%90%AD-d%F0%9D%90%A8%CC%A3%CC%82%F0%9D%90%A7%F0%9D%90%A0-%F0%9D%9F%90%F0%9D%9F%92%F0%9D%90%87-%F0%9F%8E%89%F0%9F%8E%89-s726t2/","Thức Coffee - Open 24/7 - &#127881;&#127881; Đón chào &#119827;&#119841;&#119854;̛́&#119836; &#119810;&#119848;&#119839;&#119839;&#119838;&#119838; &#120786;&#120784; &#119815;&#119848;&#119834; &#119823;&#119841;&#119854;̛&#119848;̛̣&#119847;&#119840; quay lại &#119841;&#119848;&#119834;̣&#119853; đ&#119848;̣̂&#119847;&#119840; &#120784;&#120786;&#119815; &#127881;&#127881;","H1: &#127881;&#127881; Đón chào &#119827;&#119841;&#119854;̛́&#119836; &#119810;&#119848;&#119839;&#119839;&#119838;&#119838; &#120786;&#120784; &#119815;&#119848;&#119834; &#119823;&#119841;&#119854;̛&#119848;̛̣&#119847;&#119840; quay lại &#119841;&#119848;&#119834;̣&#119853; đ&#119848;̣̂&#119847;&#119840; &#120784;&#120786;&#119815; &#127881;&#127881; | H4: THỨC COFFEE - OPEN 24/7 Hotline: 1800 6230 | H4: © 2018. All Right Reserved. Thức Coffee","Thức Coffee - Open 24/7 - &#127881;&#127881; Đón chào &#119827;&#119841;&#119854;̛́&#119836; &#119810;&#119848;&#119839;&#119839;&#119838;&#119838; &#120786;&#120784; &#119815;&#119848;&#119834; &#119823;&#119841;&#119854;̛&#119848;̛̣&#119847;&#119840; quay lại &#119841;&#119848;&#119834;̣&#119853; đ&#119848;̣̂&#119847;&#119840; &#120784;&#120786;&#119815; &#127881;&#127881; Trang chủ Menu Chuyện của Thức Về chúng tôi Cửa hàng Chính sách thành viên Tuyển Dụng Liên Hệ Đăng Nhập Nhận tin khuyến mã","17",
"200","story-detail","/chuyen-cua-thuc/%F0%9F%8E%89%F0%9F%8E%89-li-xi-ca-phe-sang-dau-nam-%F0%9F%8E%89%F0%9F%8E%89-s656t2/","http://www.thuccoffee.com.vn/chuyen-cua-thuc/%F0%9F%8E%89%F0%9F%8E%89-li-xi-ca-phe-sang-dau-nam-%F0%9F%8E%89%F0%9F%8E%89-s656t2/","Thức Coffee - Open 24/7 - &#127881;&#127881; LÌ XÌ CÀ PHÊ SÁNG ĐẦU NĂM &#127881;&#127881;","H1: &#127881;&#127881; LÌ XÌ CÀ PHÊ SÁNG ĐẦU NĂM &#127881;&#127881; | H4: THỨC COFFEE - OPEN 24/7 Hotline: 1800 6230 | H4: © 2018. All Right Reserved. Thức Coffee","Thức Coffee - Open 24/7 - &#127881;&#127881; LÌ XÌ CÀ PHÊ SÁNG ĐẦU NĂM &#127881;&#127881; Trang chủ Menu Chuyện của Thức Về chúng tôi Cửa hàng Chính sách thành viên Tuyển Dụng Liên Hệ Đăng Nhập Nhận tin khuyến mãi của Thức 1800 6230 info.thuccoffee247@gmail.com 1800 6230 Menu Chuyện của Thức Về chúng tôi Cửa hàng Chính sách thành viên Tuyển Dụng Liên Hệ Thức uống Tin tức Trang chủ Chuyện của Thức &#127881;&#127881; LÌ XÌ CÀ PHÊ SÁNG ĐẦU NĂM &#127881;&#127881; 30.12.2019 &#127881;&#127881; LÌ XÌ ","17",
"200","story-detail","/chuyen-cua-thuc/%F0%9F%8E%89%F0%9F%8E%89-thoa-suc-%F0%9D%98%BE%F0%9D%99%83%F0%9D%99%80%F0%9D%98%BE%F0%9D%99%86-%F0%9D%99%84%F0%9D%99%89-nhan-ngay-uu-dai-%F0%9F%8E%89%F0%9F%8E%89-s536t2/","http://www.thuccoffee.com.vn/chuyen-cua-thuc/%F0%9F%8E%89%F0%9F%8E%89-thoa-suc-%F0%9D%98%BE%F0%9D%99%83%F0%9D%99%80%F0%9D%98%BE%F0%9D%99%86-%F0%9D%99%84%F0%9D%99%89-nhan-ngay-uu-dai-%F0%9F%8E%89%F0%9F%8E%89-s536t2/","Thức Coffee - Open 24/7 - &#127881;&#127881; Thoả sức &#120382;&#120387;&#120384;&#120382;&#120390;-&#120388;&#120393;, nhận ngay ƯU ĐÃI &#127881;&#127881;","H1: &#127881;&#127881; Thoả sức &#120382;&#120387;&#120384;&#120382;&#120390;-&#120388;&#120393;, nhận ngay ƯU ĐÃI &#127881;&#127881; | H4: THỨC COFFEE - OPEN 24/7 Hotline: 1800 6230 | H4: © 2018. All Right Reserved. Thức Coffee","Thức Coffee - Open 24/7 - &#127881;&#127881; Thoả sức &#120382;&#120387;&#120384;&#120382;&#120390;-&#120388;&#120393;, nhận ngay ƯU ĐÃI &#127881;&#127881; Trang chủ Menu Chuyện của Thức Về chúng tôi Cửa hàng Chính sách thành viên Tuyển Dụng Liên Hệ Đăng Nhập Nhận tin khuyến mãi của Thức 1800 6230 info.thuccoffee247@gmail.com 1800 6230 Menu Chuyện của Thức Về chúng tôi Cửa hàng Chính sách thành viên Tuyển Dụng Liên Hệ Thức uống Tin tức Trang chủ Chuyện của Thức &#127881;&#127881; Thoả sức &#1203","17",
"200","story-detail","/chuyen-cua-thuc/%F0%9F%8E%89%F0%9F%8E%89-uu-dai-cuoi-tuan-voi-deal-dam-%E2%80%9Cmua-2-tang-1%E2%80%9D%F0%9F%8E%89%F0%9F%8E%89-s697t2/","http://www.thuccoffee.com.vn/chuyen-cua-thuc/%F0%9F%8E%89%F0%9F%8E%89-uu-dai-cuoi-tuan-voi-deal-dam-%E2%80%9Cmua-2-tang-1%E2%80%9D%F0%9F%8E%89%F0%9F%8E%89-s697t2/","Thức Coffee - Open 24/7 - &#127881;&#127881; Ưu đãi cuối tuần với deal đậm “MUA 2 TẶNG 1”&#127881;&#127881;","H1: &#127881;&#127881; Ưu đãi cuối tuần với deal đậm “MUA 2 TẶNG 1”&#127881;&#127881; | H4: THỨC COFFEE - OPEN 24/7 Hotline: 1800 6230 | H4: © 2018. All Right Reserved. Thức Coffee","Thức Coffee - Open 24/7 - &#127881;&#127881; Ưu đãi cuối tuần với deal đậm “MUA 2 TẶNG 1”&#127881;&#127881; Trang chủ Menu Chuyện của Thức Về chúng tôi Cửa hàng Chính sách thành viên Tuyển Dụng Liên Hệ Đăng Nhập Nhận tin khuyến mãi của Thức 1800 6230 info.thuccoffee247@gmail.com 1800 6230 Menu Chuyện của Thức Về chúng tôi Cửa hàng Chính sách thành viên Tuyển Dụng Liên Hệ Thức uống Tin tức Trang chủ Chuyện của Thức &#127881;&#127881; Ưu đãi cuối tuần với deal đậm “MUA 2 TẶNG 1”&#127881;&#127881; ","17",
"200","story-detail","/chuyen-cua-thuc/%F0%9F%8E%89-dai-tiec-tan-nien-thuc-khao-trien-mien-%F0%9F%8E%89-s901t2/","http://www.thuccoffee.com.vn/chuyen-cua-thuc/%F0%9F%8E%89-dai-tiec-tan-nien-thuc-khao-trien-mien-%F0%9F%8E%89-s901t2/","Thức Coffee - Open 24/7 - &#127881; ĐẠI TIỆC TÂN NIÊN - THỨC KHAO TRIỀN MIÊN &#127881;","H1: &#127881; ĐẠI TIỆC TÂN NIÊN - THỨC KHAO TRIỀN MIÊN &#127881; | H4: THỨC COFFEE - OPEN 24/7 Hotline: 1800 6230 | H4: © 2018. All Right Reserved. Thức Coffee","Thức Coffee - Open 24/7 - &#127881; ĐẠI TIỆC TÂN NIÊN - THỨC KHAO TRIỀN MIÊN &#127881; Trang chủ Menu Chuyện của Thức Về chúng tôi Cửa hàng Chính sách thành viên Tuyển Dụng Liên Hệ Đăng Nhập Nhận tin khuyến mãi của Thức 1800 6230 info.thuccoffee247@gmail.com 1800 6230 Menu Chuyện của Thức Về chúng tôi Cửa hàng Chính sách thành viên Tuyển Dụng Liên Hệ Thức uống Tin tức Trang chủ Chuyện của Thức &#127881; ĐẠI TIỆC TÂN NIÊN - THỨC KHAO TRIỀN MIÊN &#127881; 07.02.2022 &#127881; ĐẠI TIỆC TÂN NIÊN - T","17",
"200","story-detail","/chuyen-cua-thuc/%F0%9F%8E%89-dau-xuan-don-loc-ca-nam-may-man-%F0%9F%8E%89-s831t2/","http://www.thuccoffee.com.vn/chuyen-cua-thuc/%F0%9F%8E%89-dau-xuan-don-loc-ca-nam-may-man-%F0%9F%8E%89-s831t2/","Thức Coffee - Open 24/7 - &#127881; Đầu xuân đón lộc, cả năm may mắn &#127881;","H1: &#127881; Đầu xuân đón lộc, cả năm may mắn &#127881; | H4: THỨC COFFEE - OPEN 24/7 Hotline: 1800 6230 | H4: © 2018. All Right Reserved. Thức Coffee","Thức Coffee - Open 24/7 - &#127881; Đầu xuân đón lộc, cả năm may mắn &#127881; Trang chủ Menu Chuyện của Thức Về chúng tôi Cửa hàng Chính sách thành viên Tuyển Dụng Liên Hệ Đăng Nhập Nhận tin khuyến mãi của Thức 1800 6230 info.thuccoffee247@gmail.com 1800 6230 Menu Chuyện của Thức Về chúng tôi Cửa hàng Chính sách thành viên Tuyển Dụng Liên Hệ Thức uống Tin tức Trang chủ Chuyện của Thức &#127881; Đầu xuân đón lộc, cả năm may mắn &#127881; 10.02.2021 &#127881; Đầu xuân đón lộc, cả năm may mắn &#12","17",
"200","story-detail","/chuyen-cua-thuc/%F0%9F%8E%89-den-thuc-coffee-nhan-bao-li-xi-voi-hoa-don-bat-ki-%F0%9F%8E%89-s974t2/","http://www.thuccoffee.com.vn/chuyen-cua-thuc/%F0%9F%8E%89-den-thuc-coffee-nhan-bao-li-xi-voi-hoa-don-bat-ki-%F0%9F%8E%89-s974t2/","Thức Coffee - Open 24/7 - &#127881; ĐẾN THỨC COFFEE, NHẬN BAO LÌ XÌ, VỚI HOÁ ĐƠN BẤT KÌ &#127881;","H1: &#127881; ĐẾN THỨC COFFEE, NHẬN BAO LÌ XÌ, VỚI HOÁ ĐƠN BẤT KÌ &#127881; | H4: THỨC COFFEE - OPEN 24/7 Hotline: 1800 6230 | H4: © 2018. All Right Reserved. Thức Coffee","Thức Coffee - Open 24/7 - &#127881; ĐẾN THỨC COFFEE, NHẬN BAO LÌ XÌ, VỚI HOÁ ĐƠN BẤT KÌ &#127881; Trang chủ Menu Chuyện của Thức Về chúng tôi Cửa hàng Chính sách thành viên Tuyển Dụng Liên Hệ Đăng Nhập Nhận tin khuyến mãi của Thức 1800 6230 info.thuccoffee247@gmail.com 1800 6230 Menu Chuyện của Thức Về chúng tôi Cửa hàng Chính sách thành viên Tuyển Dụng Liên Hệ Thức uống Tin tức Trang chủ Chuyện của Thức &#127881; ĐẾN THỨC COFFEE, NHẬN BAO LÌ XÌ, VỚI HOÁ ĐƠN BẤT KÌ &#127881; 05.01.2023 &#127881;","17",
"200","story-detail","/chuyen-cua-thuc/%F0%9F%8E%89-doi-diem-tich-luy-vui-he-het-y%F0%9F%8E%89-s1455t2/","http://www.thuccoffee.com.vn/chuyen-cua-thuc/%F0%9F%8E%89-doi-diem-tich-luy-vui-he-het-y%F0%9F%8E%89-s1455t2/","Thức Coffee - Open 24/7 - &#127881; ĐỔI ĐIỂM TÍCH LUỸ - VUI HÈ HẾT Ý&#127881;","H1: &#127881; ĐỔI ĐIỂM TÍCH LUỸ - VUI HÈ HẾT Ý&#127881; | H1: Đổi Điểm Thành Viên Thức Coffee – Nhận Quà Cực Chất, Ưu Đãi Cực Hấp Dẫn! | H2: 1. ẤN PHẨM ĐẶC BIỆT VỚI SỐ LƯỢNG GIỚI HẠN | H3: • Bút bi inox Thức Coffee – 400 điểm | H2: 2. BỘ VOUCHER CỰC ĐÃ DÀNH RIÊNG KHÁCH HÀNG THÂN THIẾT | H3: • Voucher Free Drink – 550 điểm | H3: • Voucher Free Cake – 400 điểm | H3: • Voucher Mua 1 Tặng 1 – 500 điểm | H3: • Voucher 50.000đ – 500 điểm | H3: • Voucher 30.000đ – 300 điểm | H3: • Voucher 20.000đ – 200 điểm | H2: 3. CÁCH ĐỔI ĐIỂM CỰC KÌ ĐƠN GIẢN | H2:   | H2: 4. BẠN CHƯA LÀ THÀNH VIÊN CỦA THỨC COFFEE?  | H2: 6. THỂ LỆ CHƯƠNG TRÌNH ĐỔI ĐIỂM | H4: THỨC COFFEE - OPEN 24/7 Hotline: 1800 6230 | H4: © 2018. All Right Reserved. Thức Coffee","Thức Coffee - Open 24/7 - &#127881; ĐỔI ĐIỂM TÍCH LUỸ - VUI HÈ HẾT Ý&#127881; Trang chủ Menu Chuyện của Thức Về chúng tôi Cửa hàng Chính sách thành viên Tuyển Dụng Liên Hệ Đăng Nhập Nhận tin khuyến mãi của Thức 1800 6230 info.thuccoffee247@gmail.com 1800 6230 Menu Chuyện của Thức Về chúng tôi Cửa hàng Chính sách thành viên Tuyển Dụng Liên Hệ Thức uống Tin tức Trang chủ Chuyện của Thức &#127881; ĐỔI ĐIỂM TÍCH LUỸ - VUI HÈ HẾT Ý&#127881; 13.05.2026 &#127881; ĐỔI ĐIỂM TÍCH LUỸ - VUI HÈ HẾT Ý&#12788","17",
"200","story-detail","/chuyen-cua-thuc/%F0%9F%8E%89-don-he-kool-fresh-cung-combo-cuc-chill-s1022t2/","http://www.thuccoffee.com.vn/chuyen-cua-thuc/%F0%9F%8E%89-don-he-kool-fresh-cung-combo-cuc-chill-s1022t2/","Thức Coffee - Open 24/7 - &#127881; ĐÓN HÈ KOOL-FRESH CÙNG COMBO CỰC CHILL","H1: &#127881; ĐÓN HÈ KOOL-FRESH CÙNG COMBO CỰC CHILL | H4: THỨC COFFEE - OPEN 24/7 Hotline: 1800 6230 | H4: © 2018. All Right Reserved. Thức Coffee","Thức Coffee - Open 24/7 - &#127881; ĐÓN HÈ KOOL-FRESH CÙNG COMBO CỰC CHILL Trang chủ Menu Chuyện của Thức Về chúng tôi Cửa hàng Chính sách thành viên Tuyển Dụng Liên Hệ Đăng Nhập Nhận tin khuyến mãi của Thức 1800 6230 info.thuccoffee247@gmail.com 1800 6230 Menu Chuyện của Thức Về chúng tôi Cửa hàng Chính sách thành viên Tuyển Dụng Liên Hệ Thức uống Tin tức Trang chủ Chuyện của Thức &#127881; ĐÓN HÈ KOOL-FRESH CÙNG COMBO CỰC CHILL 03.07.2023 &#127881; ĐÓN HÈ KOOL-FRESH CÙNG COMBO CỰC CHILL Trải n","17",
"200","story-detail","/chuyen-cua-thuc/%F0%9F%8E%89-happy-women-s-day-ghe-thuc-ngay-qua-trao-tay-%F0%9F%8E%89-s837t2/","http://www.thuccoffee.com.vn/chuyen-cua-thuc/%F0%9F%8E%89-happy-women-s-day-ghe-thuc-ngay-qua-trao-tay-%F0%9F%8E%89-s837t2/","Thức Coffee - Open 24/7 - &#127881; HAPPY WOMEN’S DAY - GHÉ THỨC NGAY, QUÀ TRAO TAY &#127881;","H1: &#127881; HAPPY WOMEN’S DAY - GHÉ THỨC NGAY, QUÀ TRAO TAY &#127881; | H4: THỨC COFFEE - OPEN 24/7 Hotline: 1800 6230 | H4: © 2018. All Right Reserved. Thức Coffee","Thức Coffee - Open 24/7 - &#127881; HAPPY WOMEN’S DAY - GHÉ THỨC NGAY, QUÀ TRAO TAY &#127881; Trang chủ Menu Chuyện của Thức Về chúng tôi Cửa hàng Chính sách thành viên Tuyển Dụng Liên Hệ Đăng Nhập Nhận tin khuyến mãi của Thức 1800 6230 info.thuccoffee247@gmail.com 1800 6230 Menu Chuyện của Thức Về chúng tôi Cửa hàng Chính sách thành viên Tuyển Dụng Liên Hệ Thức uống Tin tức Trang chủ Chuyện của Thức &#127881; HAPPY WOMEN’S DAY - GHÉ THỨC NGAY, QUÀ TRAO TAY &#127881; 06.03.2021 &#127881; HAPPY W","17",
"200","story-detail","/chuyen-cua-thuc/%F0%9F%8E%89sinh-nhat-lan-6-qua-sieu-doc-dao-%F0%9F%8E%89-s462t2/","http://www.thuccoffee.com.vn/chuyen-cua-thuc/%F0%9F%8E%89sinh-nhat-lan-6-qua-sieu-doc-dao-%F0%9F%8E%89-s462t2/","Thức Coffee - Open 24/7 - &#127881;Sinh nhật lần 6 - Quà siêu độc đáo &#127881;","H1: &#127881;Sinh nhật lần 6 - Quà siêu độc đáo &#127881; | H4: THỨC COFFEE - OPEN 24/7 Hotline: 1800 6230 | H4: © 2018. All Right Reserved. Thức Coffee","Thức Coffee - Open 24/7 - &#127881;Sinh nhật lần 6 - Quà siêu độc đáo &#127881; Trang chủ Menu Chuyện của Thức Về chúng tôi Cửa hàng Chính sách thành viên Tuyển Dụng Liên Hệ Đăng Nhập Nhận tin khuyến mãi của Thức 1800 6230 info.thuccoffee247@gmail.com 1800 6230 Menu Chuyện của Thức Về chúng tôi Cửa hàng Chính sách thành viên Tuyển Dụng Liên Hệ Thức uống Tin tức Trang chủ Chuyện của Thức &#127881;Sinh nhật lần 6 - Quà siêu độc đáo &#127881; 04.12.2018 &#127881;Sinh nhật lần 6 - Quà siêu độc đáo &","17",
"200","story-detail","/chuyen-cua-thuc/%F0%9F%8E%89-thang-12-%E2%80%93-doi-diem-lien-tay-qua-bay-ve-nha-%F0%9F%8E%89-s1085t2/","http://www.thuccoffee.com.vn/chuyen-cua-thuc/%F0%9F%8E%89-thang-12-%E2%80%93-doi-diem-lien-tay-qua-bay-ve-nha-%F0%9F%8E%89-s1085t2/","Thức Coffee - Open 24/7 - &#127881; THÁNG 12 – ĐỔI ĐIỂM LIỀN TAY, QUÀ BAY VỀ NHÀ! &#127881;","H1: &#127881; THÁNG 12 – ĐỔI ĐIỂM LIỀN TAY, QUÀ BAY VỀ NHÀ! &#127881; | H1: Đổi Điểm Thành Viên Thức Coffee – Nhận Quà Cực Chất, Ưu Đãi Cực Hấp Dẫn! | H2: 1. ẤN PHẨM ĐẶC BIỆT PHIÊN BẢN 2025 VỚI SỐ LƯỢNG GIỚI HẠN | H3: • Ly Giữ Nhiệt Thức Coffee – 1500 điểm | H3: • Túi Tote Sắc Màu – 800 điểm | H3: • Bút bi inox Thức Coffee – 500 điểm | H3: • Cà Phê Rang Xay 250g – 1000 điểm | H2: 2. BỘ VOUCHER CỰC ĐÃ DÀNH RIÊNG KHÁCH HÀNG THÂN THIẾT | H3: • Voucher Free Drink – 550 điểm | H3: • Voucher Free Cake – 450 điểm | H3: • Voucher Mua 1 Tặng 1 – 500 điểm | H3: • Voucher 50.000đ – 500 điểm | H3: • Voucher 30.000đ – 300 điểm | H3: • Voucher Giảm 50% – 200 điểm | H2: 3. CÁCH ĐỔI ĐIỂM CỰC KÌ ĐƠN GIẢN | H2: 4. VÌ SAO NÊN ĐỔI ĐIỂM NGAY HÔM NAY? | H2: 5. BẠN CHƯA LÀ THÀNH VIÊN CỦA THỨC COFFEE? | H2: 6. THỂ LỆ CHƯƠNG TRÌNH ĐỔI ĐIỂM | H4: THỨC COFFEE - OPEN 24/7 Hotline: 1800 6230 | H4: © 2018. All Right Reserved. Thức Coffee","Thức Coffee - Open 24/7 - &#127881; THÁNG 12 – ĐỔI ĐIỂM LIỀN TAY, QUÀ BAY VỀ NHÀ! &#127881; Trang chủ Menu Chuyện của Thức Về chúng tôi Cửa hàng Chính sách thành viên Tuyển Dụng Liên Hệ Đăng Nhập Nhận tin khuyến mãi của Thức 1800 6230 info.thuccoffee247@gmail.com 1800 6230 Menu Chuyện của Thức Về chúng tôi Cửa hàng Chính sách thành viên Tuyển Dụng Liên Hệ Thức uống Tin tức Trang chủ Chuyện của Thức &#127881; THÁNG 12 – ĐỔI ĐIỂM LIỀN TAY, QUÀ BAY VỀ NHÀ! &#127881; 15.01.2026 &#127881; THÁNG 12 – ","17",
"200","story-detail","/chuyen-cua-thuc/%F0%9F%8E%89-thuc-coffee-hoat-dong-xuyen-tet-%F0%9F%8E%89-s828t2/","http://www.thuccoffee.com.vn/chuyen-cua-thuc/%F0%9F%8E%89-thuc-coffee-hoat-dong-xuyen-tet-%F0%9F%8E%89-s828t2/","Thức Coffee - Open 24/7 - &#127881; THỨC COFFEE HOẠT ĐỘNG XUYÊN TẾT &#127881;","H1: &#127881; THỨC COFFEE HOẠT ĐỘNG XUYÊN TẾT &#127881; | H4: THỨC COFFEE - OPEN 24/7 Hotline: 1800 6230 | H4: © 2018. All Right Reserved. Thức Coffee","Thức Coffee - Open 24/7 - &#127881; THỨC COFFEE HOẠT ĐỘNG XUYÊN TẾT &#127881; Trang chủ Menu Chuyện của Thức Về chúng tôi Cửa hàng Chính sách thành viên Tuyển Dụng Liên Hệ Đăng Nhập Nhận tin khuyến mãi của Thức 1800 6230 info.thuccoffee247@gmail.com 1800 6230 Menu Chuyện của Thức Về chúng tôi Cửa hàng Chính sách thành viên Tuyển Dụng Liên Hệ Thức uống Tin tức Trang chủ Chuyện của Thức &#127881; THỨC COFFEE HOẠT ĐỘNG XUYÊN TẾT &#127881; 10.02.2021 &#127881; THỨC COFFEE HOẠT ĐỘNG XUYÊN TẾT &#12788","17",
"200","story-detail","/chuyen-cua-thuc/%F0%9F%8E%89voucher-day-moi-ngay-deu-hay--s406t2/","http://www.thuccoffee.com.vn/chuyen-cua-thuc/%F0%9F%8E%89voucher-day-moi-ngay-deu-hay--s406t2/","Thức Coffee - Open 24/7 - &#127881;VOUCHER đây - Mỗi ngày đều hay!","H1: &#127881;VOUCHER đây - Mỗi ngày đều hay! | H4: THỨC COFFEE - OPEN 24/7 Hotline: 1800 6230 | H4: © 2018. All Right Reserved. Thức Coffee","Thức Coffee - Open 24/7 - &#127881;VOUCHER đây - Mỗi ngày đều hay! Trang chủ Menu Chuyện của Thức Về chúng tôi Cửa hàng Chính sách thành viên Tuyển Dụng Liên Hệ Đăng Nhập Nhận tin khuyến mãi của Thức 1800 6230 info.thuccoffee247@gmail.com 1800 6230 Menu Chuyện của Thức Về chúng tôi Cửa hàng Chính sách thành viên Tuyển Dụng Liên Hệ Thức uống Tin tức Trang chủ Chuyện của Thức &#127881;VOUCHER đây - Mỗi ngày đều hay! 29.08.2018 &#127881;VOUCHER đây - Mỗi ngày đều hay! ✨Như đã hứa, từ hôm nay, với m","17",
"200","story-detail","/chuyen-cua-thuc/%F0%9F%8E%8A-%F0%9D%90%93%F0%9D%90%A1%F0%9D%90%AE%CC%9B%CC%81%F0%9D%90%9C-%F0%9D%90%82%F0%9D%90%A8%F0%9D%90%9F%F0%9D%90%9F%F0%9D%90%9E%F0%9D%90%9E-%F0%9D%9F%92%F0%9D%9F%96-%F0%9D%90%87%F0%9D%90%AE%F0%9D%90%B2%CC%80%F0%9D%90%A7%F0%9D%90%A1-%F0%9D%90%93%F0%9D%90%A1%F0%9D%90%AE%CC%81%F0%9D%90%9C-%F0%9D%90%8A%F0%9D%90%A1%F0%9D%90%9A%CC%81%F0%9D%90%A7%F0%9D%90%A0-quay-lai-%F0%9D%90%A1%F0%9D%90%A8%F0%9D%90%9A%CC%A3%F0%9D%90%AD-d%F0%9D%90%A8%CC%A3%CC%82%F0%9D%90%A7%F0%9D%90%A0-%F0%9D%9F%90%F0%9D%9F%92%F0%9D%90%87--s731t2/","http://www.thuccoffee.com.vn/chuyen-cua-thuc/%F0%9F%8E%8A-%F0%9D%90%93%F0%9D%90%A1%F0%9D%90%AE%CC%9B%CC%81%F0%9D%90%9C-%F0%9D%90%82%F0%9D%90%A8%F0%9D%90%9F%F0%9D%90%9F%F0%9D%90%9E%F0%9D%90%9E-%F0%9D%9F%92%F0%9D%9F%96-%F0%9D%90%87%F0%9D%90%AE%F0%9D%90%B2%CC%80%F0%9D%90%A7%F0%9D%90%A1-%F0%9D%90%93%F0%9D%90%A1%F0%9D%90%AE%CC%81%F0%9D%90%9C-%F0%9D%90%8A%F0%9D%90%A1%F0%9D%90%9A%CC%81%F0%9D%90%A7%F0%9D%90%A0-quay-lai-%F0%9D%90%A1%F0%9D%90%A8%F0%9D%90%9A%CC%A3%F0%9D%90%AD-d%F0%9D%90%A8%CC%A3%CC%82%F0%9D%90%A7%F0%9D%90%A0-%F0%9D%9F%90%F0%9D%9F%92%F0%9D%90%87--s731t2/","Thức Coffee - Open 24/7 - &#127882; &#119827;&#119841;&#119854;̛́&#119836; &#119810;&#119848;&#119839;&#119839;&#119838;&#119838; &#120786;&#120790; &#119815;&#119854;&#119858;̀&#119847;&#119841; &#119827;&#119841;&#119854;́&#119836; &#119818;&#119841;&#119834;́&#119847;&#119840; quay lại &#119841;&#119848;&#119834;̣&#119853; đ&#119848;̣̂&#119847;&#119840; &#120784;&#120786;&#119815;.","H1: &#127882; &#119827;&#119841;&#119854;̛́&#119836; &#119810;&#119848;&#119839;&#119839;&#119838;&#119838; &#120786;&#120790; &#119815;&#119854;&#119858;̀&#119847;&#119841; &#119827;&#119841;&#119854;́&#119836; &#119818;&#119841;&#119834;́&#119847;&#119840; quay lại &#119841;&#119848;&#119834;̣&#119853; đ&#119848;̣̂&#119847;&#119840; &#120784;&#120786;&#119815;. | H4: THỨC COFFEE - OPEN 24/7 Hotline: 1800 6230 | H4: © 2018. All Right Reserved. Thức Coffee","Thức Coffee - Open 24/7 - &#127882; &#119827;&#119841;&#119854;̛́&#119836; &#119810;&#119848;&#119839;&#119839;&#119838;&#119838; &#120786;&#120790; &#119815;&#119854;&#119858;̀&#119847;&#119841; &#119827;&#119841;&#119854;́&#119836; &#119818;&#119841;&#119834;́&#119847;&#119840; quay lại &#119841;&#119848;&#119834;̣&#119853; đ&#119848;̣̂&#119847;&#119840; &#120784;&#120786;&#119815;. Trang chủ Menu Chuyện của Thức Về chúng tôi Cửa hàng Chính sách thành viên Tuyển Dụng Liên Hệ Đăng Nhập Nhận tin","17",
"200","story-detail","/chuyen-cua-thuc/%F0%9F%8E%8A%F0%9F%8E%8A-cuoi-tuan-them-vui-voi-deal-dam-mua-2-tang-1-%F0%9F%8E%8A%F0%9F%8E%8A-s693t2/","http://www.thuccoffee.com.vn/chuyen-cua-thuc/%F0%9F%8E%8A%F0%9F%8E%8A-cuoi-tuan-them-vui-voi-deal-dam-mua-2-tang-1-%F0%9F%8E%8A%F0%9F%8E%8A-s693t2/","Thức Coffee - Open 24/7 - &#127882;&#127882; Cuối tuần thêm vui với ""deal đậm"" MUA 2 TẶNG 1 &#127882;&#127882;","H1: &#127882;&#127882; Cuối tuần thêm vui với ""deal đậm"" MUA 2 TẶNG 1 &#127882;&#127882; | H4: THỨC COFFEE - OPEN 24/7 Hotline: 1800 6230 | H4: © 2018. All Right Reserved. Thức Coffee","Thức Coffee - Open 24/7 - &#127882;&#127882; Cuối tuần thêm vui với ""deal đậm"" MUA 2 TẶNG 1 &#127882;&#127882; Trang chủ Menu Chuyện của Thức Về chúng tôi Cửa hàng Chính sách thành viên Tuyển Dụng Liên Hệ Đăng Nhập Nhận tin khuyến mãi của Thức 1800 6230 info.thuccoffee247@gmail.com 1800 6230 Menu Chuyện của Thức Về chúng tôi Cửa hàng Chính sách thành viên Tuyển Dụng Liên Hệ Thức uống Tin tức Trang chủ Chuyện của Thức &#127882;&#127882; Cuối tuần thêm vui với ""deal đậm"" MUA 2 TẶNG 1 &#127882;&#12","17",
"200","story-detail","/chuyen-cua-thuc/%F0%9F%8E%8A%F0%9F%8E%8A-dau-tuan-da-co-%E2%80%9Chot-deal%E2%80%9D-%F0%9F%8E%8A%F0%9F%8E%8A-s698t2/","http://www.thuccoffee.com.vn/chuyen-cua-thuc/%F0%9F%8E%8A%F0%9F%8E%8A-dau-tuan-da-co-%E2%80%9Chot-deal%E2%80%9D-%F0%9F%8E%8A%F0%9F%8E%8A-s698t2/","Thức Coffee - Open 24/7 - &#127882;&#127882; Đầu tuần đã có “hot deal” &#127882;&#127882;","H1: &#127882;&#127882; Đầu tuần đã có “hot deal” &#127882;&#127882; | H4: THỨC COFFEE - OPEN 24/7 Hotline: 1800 6230 | H4: © 2018. All Right Reserved. Thức Coffee","Thức Coffee - Open 24/7 - &#127882;&#127882; Đầu tuần đã có “hot deal” &#127882;&#127882; Trang chủ Menu Chuyện của Thức Về chúng tôi Cửa hàng Chính sách thành viên Tuyển Dụng Liên Hệ Đăng Nhập Nhận tin khuyến mãi của Thức 1800 6230 info.thuccoffee247@gmail.com 1800 6230 Menu Chuyện của Thức Về chúng tôi Cửa hàng Chính sách thành viên Tuyển Dụng Liên Hệ Thức uống Tin tức Trang chủ Chuyện của Thức &#127882;&#127882; Đầu tuần đã có “hot deal” &#127882;&#127882; 20.04.2020 &#127882;&#127882; Đầu tu","17",
"200","story-detail","/chuyen-cua-thuc/%F0%9F%8E%8A%F0%9F%8E%8A-tam-su-nho-uu-dai-to-voi-%E2%80%9Chot-deal%E2%80%9D-%F0%9F%8E%8A%F0%9F%8E%8A-s699t2/","http://www.thuccoffee.com.vn/chuyen-cua-thuc/%F0%9F%8E%8A%F0%9F%8E%8A-tam-su-nho-uu-dai-to-voi-%E2%80%9Chot-deal%E2%80%9D-%F0%9F%8E%8A%F0%9F%8E%8A-s699t2/","Thức Coffee - Open 24/7 - &#127882;&#127882; Tâm sự nhỏ, ưu đãi to với “Hot Deal” &#127882;&#127882;","H1: &#127882;&#127882; Tâm sự nhỏ, ưu đãi to với “Hot Deal” &#127882;&#127882; | H4: THỨC COFFEE - OPEN 24/7 Hotline: 1800 6230 | H4: © 2018. All Right Reserved. Thức Coffee","Thức Coffee - Open 24/7 - &#127882;&#127882; Tâm sự nhỏ, ưu đãi to với “Hot Deal” &#127882;&#127882; Trang chủ Menu Chuyện của Thức Về chúng tôi Cửa hàng Chính sách thành viên Tuyển Dụng Liên Hệ Đăng Nhập Nhận tin khuyến mãi của Thức 1800 6230 info.thuccoffee247@gmail.com 1800 6230 Menu Chuyện của Thức Về chúng tôi Cửa hàng Chính sách thành viên Tuyển Dụng Liên Hệ Thức uống Tin tức Trang chủ Chuyện của Thức &#127882;&#127882; Tâm sự nhỏ, ưu đãi to với “Hot Deal” &#127882;&#127882; 15.04.2020 &#1","17",
"200","story-detail","/chuyen-cua-thuc/%F0%9F%8E%8A-happy-new-year-2022-%F0%9F%8E%8A-s886t2/","http://www.thuccoffee.com.vn/chuyen-cua-thuc/%F0%9F%8E%8A-happy-new-year-2022-%F0%9F%8E%8A-s886t2/","Thức Coffee - Open 24/7 - &#127882; HAPPY NEW YEAR 2022 &#127882;","H1: &#127882; HAPPY NEW YEAR 2022 &#127882; | H4: THỨC COFFEE - OPEN 24/7 Hotline: 1800 6230 | H4: © 2018. All Right Reserved. Thức Coffee","Thức Coffee - Open 24/7 - &#127882; HAPPY NEW YEAR 2022 &#127882; Trang chủ Menu Chuyện của Thức Về chúng tôi Cửa hàng Chính sách thành viên Tuyển Dụng Liên Hệ Đăng Nhập Nhận tin khuyến mãi của Thức 1800 6230 info.thuccoffee247@gmail.com 1800 6230 Menu Chuyện của Thức Về chúng tôi Cửa hàng Chính sách thành viên Tuyển Dụng Liên Hệ Thức uống Tin tức Trang chủ Chuyện của Thức &#127882; HAPPY NEW YEAR 2022 &#127882; 31.12.2021 &#127882; HAPPY NEW YEAR 2022 &#127882; Khép lại một năm 2021 đầy khó khă","17",
"200","story-detail","/chuyen-cua-thuc/%F0%9F%8E%8A-li-xi-loc-vang-vui-xuan-ron-rang-%F0%9F%8E%8A-s834t2/","http://www.thuccoffee.com.vn/chuyen-cua-thuc/%F0%9F%8E%8A-li-xi-loc-vang-vui-xuan-ron-rang-%F0%9F%8E%8A-s834t2/","Thức Coffee - Open 24/7 - &#127882; Lì Xì Lộc Vàng - Vui Xuân Rộn Ràng &#127882;","H1: &#127882; Lì Xì Lộc Vàng - Vui Xuân Rộn Ràng &#127882; | H4: THỨC COFFEE - OPEN 24/7 Hotline: 1800 6230 | H4: © 2018. All Right Reserved. Thức Coffee","Thức Coffee - Open 24/7 - &#127882; Lì Xì Lộc Vàng - Vui Xuân Rộn Ràng &#127882; Trang chủ Menu Chuyện của Thức Về chúng tôi Cửa hàng Chính sách thành viên Tuyển Dụng Liên Hệ Đăng Nhập Nhận tin khuyến mãi của Thức 1800 6230 info.thuccoffee247@gmail.com 1800 6230 Menu Chuyện của Thức Về chúng tôi Cửa hàng Chính sách thành viên Tuyển Dụng Liên Hệ Thức uống Tin tức Trang chủ Chuyện của Thức &#127882; Lì Xì Lộc Vàng - Vui Xuân Rộn Ràng &#127882; 16.02.2021 &#127882; Lì Xì Lộc Vàng - Vui Xuân Rộn Ràn","17",
"200","story-detail","/chuyen-cua-thuc/%F0%9F%8E%8A-nhan-ngay-bao-li-xi-voi-hoa-don-bat-ki-tai-thuc-coffee--s819t2/","http://www.thuccoffee.com.vn/chuyen-cua-thuc/%F0%9F%8E%8A-nhan-ngay-bao-li-xi-voi-hoa-don-bat-ki-tai-thuc-coffee--s819t2/","Thức Coffee - Open 24/7 - &#127882; Nhận ngay BAO LÌ XÌ với hoá đơn BẤT KÌ tại Thức Coffee.","H1: &#127882; Nhận ngay BAO LÌ XÌ với hoá đơn BẤT KÌ tại Thức Coffee. | H4: THỨC COFFEE - OPEN 24/7 Hotline: 1800 6230 | H4: © 2018. All Right Reserved. Thức Coffee","Thức Coffee - Open 24/7 - &#127882; Nhận ngay BAO LÌ XÌ với hoá đơn BẤT KÌ tại Thức Coffee. Trang chủ Menu Chuyện của Thức Về chúng tôi Cửa hàng Chính sách thành viên Tuyển Dụng Liên Hệ Đăng Nhập Nhận tin khuyến mãi của Thức 1800 6230 info.thuccoffee247@gmail.com 1800 6230 Menu Chuyện của Thức Về chúng tôi Cửa hàng Chính sách thành viên Tuyển Dụng Liên Hệ Thức uống Tin tức Trang chủ Chuyện của Thức &#127882; Nhận ngay BAO LÌ XÌ với hoá đơn BẤT KÌ tại Thức Coffee. 17.01.2021 &#127882; Nhận ngay B","17",
"200","story-detail","/chuyen-cua-thuc/%F0%9F%8E%B6-jingle-bell-jingle-bell-jingle-on-the-way--s813t2/","http://www.thuccoffee.com.vn/chuyen-cua-thuc/%F0%9F%8E%B6-jingle-bell-jingle-bell-jingle-on-the-way--s813t2/","Thức Coffee - Open 24/7 - &#127926; Jingle bell, jingle bell, jingle on the way...","H1: &#127926; Jingle bell, jingle bell, jingle on the way... | H4: THỨC COFFEE - OPEN 24/7 Hotline: 1800 6230 | H4: © 2018. All Right Reserved. Thức Coffee","Thức Coffee - Open 24/7 - &#127926; Jingle bell, jingle bell, jingle on the way... Trang chủ Menu Chuyện của Thức Về chúng tôi Cửa hàng Chính sách thành viên Tuyển Dụng Liên Hệ Đăng Nhập Nhận tin khuyến mãi của Thức 1800 6230 info.thuccoffee247@gmail.com 1800 6230 Menu Chuyện của Thức Về chúng tôi Cửa hàng Chính sách thành viên Tuyển Dụng Liên Hệ Thức uống Tin tức Trang chủ Chuyện của Thức &#127926; Jingle bell, jingle bell, jingle on the way... 09.12.2020 &#127926; Jingle bell, jingle bell, jin","17",
"200","story-detail","/chuyen-cua-thuc/%F0%9F%8F%AE-trung-thu-tray-hoi-cung-dong-doi-s788t2/","http://www.thuccoffee.com.vn/chuyen-cua-thuc/%F0%9F%8F%AE-trung-thu-tray-hoi-cung-dong-doi-s788t2/","Thức Coffee - Open 24/7 - &#127982; TRUNG THU TRẨY HỘI CÙNG ĐỒNG ĐỘI","H1: &#127982; TRUNG THU TRẨY HỘI CÙNG ĐỒNG ĐỘI | H4: THỨC COFFEE - OPEN 24/7 Hotline: 1800 6230 | H4: © 2018. All Right Reserved. Thức Coffee","Thức Coffee - Open 24/7 - &#127982; TRUNG THU TRẨY HỘI CÙNG ĐỒNG ĐỘI Trang chủ Menu Chuyện của Thức Về chúng tôi Cửa hàng Chính sách thành viên Tuyển Dụng Liên Hệ Đăng Nhập Nhận tin khuyến mãi của Thức 1800 6230 info.thuccoffee247@gmail.com 1800 6230 Menu Chuyện của Thức Về chúng tôi Cửa hàng Chính sách thành viên Tuyển Dụng Liên Hệ Thức uống Tin tức Trang chủ Chuyện của Thức &#127982; TRUNG THU TRẨY HỘI CÙNG ĐỒNG ĐỘI 30.09.2020 &#127982; TRUNG THU TRẨY HỘI CÙNG ĐỒNG ĐỘI Thức “chill” đãi tiệc tr","17",
"200","story-detail","/chuyen-cua-thuc/%F0%9F%91%89-ban-da-san-sang-chao-don-%E2%80%9Ccap-doi-thanh-mat%E2%80%9D-den-tu-dong-tra-trai-cay-nhiet-doi-dam-chat-mua-he-cua-thuc-chua--s739t2/","http://www.thuccoffee.com.vn/chuyen-cua-thuc/%F0%9F%91%89-ban-da-san-sang-chao-don-%E2%80%9Ccap-doi-thanh-mat%E2%80%9D-den-tu-dong-tra-trai-cay-nhiet-doi-dam-chat-mua-he-cua-thuc-chua--s739t2/","Thức Coffee - Open 24/7 - &#128073; Bạn đã sẵn sàng chào đón “Cặp đôi thanh mát” đến từ dòng trà trái cây nhiệt đới đậm chất mùa hè của Thức chưa ?","H1: &#128073; Bạn đã sẵn sàng chào đón “Cặp đôi thanh mát” đến từ dòng trà trái cây nhiệt đới đậm chất mùa hè của Thức chưa ? | H4: THỨC COFFEE - OPEN 24/7 Hotline: 1800 6230 | H4: © 2018. All Right Reserved. Thức Coffee","Thức Coffee - Open 24/7 - &#128073; Bạn đã sẵn sàng chào đón “Cặp đôi thanh mát” đến từ dòng trà trái cây nhiệt đới đậm chất mùa hè của Thức chưa ? Trang chủ Menu Chuyện của Thức Về chúng tôi Cửa hàng Chính sách thành viên Tuyển Dụng Liên Hệ Đăng Nhập Nhận tin khuyến mãi của Thức 1800 6230 info.thuccoffee247@gmail.com 1800 6230 Menu Chuyện của Thức Về chúng tôi Cửa hàng Chính sách thành viên Tuyển Dụng Liên Hệ Thức uống Tin tức Trang chủ Chuyện của Thức &#128073; Bạn đã sẵn sàng chào đón “Cặp đô","17",
"200","story-detail","/chuyen-cua-thuc/%F0%9F%91%89-ban-nghien-mon-tra-trai-cay-nao-o-thuc-nho--s734t2/","http://www.thuccoffee.com.vn/chuyen-cua-thuc/%F0%9F%91%89-ban-nghien-mon-tra-trai-cay-nao-o-thuc-nho--s734t2/","Thức Coffee - Open 24/7 - &#128073; Bạn nghiện món trà trái cây nào ở Thức nhở?","H1: &#128073; Bạn nghiện món trà trái cây nào ở Thức nhở? | H4: THỨC COFFEE - OPEN 24/7 Hotline: 1800 6230 | H4: © 2018. All Right Reserved. Thức Coffee","Thức Coffee - Open 24/7 - &#128073; Bạn nghiện món trà trái cây nào ở Thức nhở? Trang chủ Menu Chuyện của Thức Về chúng tôi Cửa hàng Chính sách thành viên Tuyển Dụng Liên Hệ Đăng Nhập Nhận tin khuyến mãi của Thức 1800 6230 info.thuccoffee247@gmail.com 1800 6230 Menu Chuyện của Thức Về chúng tôi Cửa hàng Chính sách thành viên Tuyển Dụng Liên Hệ Thức uống Tin tức Trang chủ Chuyện của Thức &#128073; Bạn nghiện món trà trái cây nào ở Thức nhở? 22.05.2020 &#128073; Bạn nghiện món trà trái cây nào ở T","17",
"200","story-detail","/chuyen-cua-thuc/%F0%9F%91%89-dieu-dau-tien-ban-lam-sau-khi-het-dich-la-gi--s711t2/","http://www.thuccoffee.com.vn/chuyen-cua-thuc/%F0%9F%91%89-dieu-dau-tien-ban-lam-sau-khi-het-dich-la-gi--s711t2/","Thức Coffee - Open 24/7 - &#128073; Điều đầu tiên bạn làm sau khi hết dịch là gì?","H1: &#128073; Điều đầu tiên bạn làm sau khi hết dịch là gì? | H4: THỨC COFFEE - OPEN 24/7 Hotline: 1800 6230 | H4: © 2018. All Right Reserved. Thức Coffee","Thức Coffee - Open 24/7 - &#128073; Điều đầu tiên bạn làm sau khi hết dịch là gì? Trang chủ Menu Chuyện của Thức Về chúng tôi Cửa hàng Chính sách thành viên Tuyển Dụng Liên Hệ Đăng Nhập Nhận tin khuyến mãi của Thức 1800 6230 info.thuccoffee247@gmail.com 1800 6230 Menu Chuyện của Thức Về chúng tôi Cửa hàng Chính sách thành viên Tuyển Dụng Liên Hệ Thức uống Tin tức Trang chủ Chuyện của Thức &#128073; Điều đầu tiên bạn làm sau khi hết dịch là gì? 21.04.2020 &#128073; Điều đầu tiên bạn làm sau khi h","17",
"200","story-detail","/chuyen-cua-thuc/%F0%9F%91%89-ke-hoach-cua-ban-trong-%E2%80%9C14-day-quarantine%E2%80%9D-la-gi--s694t2/","http://www.thuccoffee.com.vn/chuyen-cua-thuc/%F0%9F%91%89-ke-hoach-cua-ban-trong-%E2%80%9C14-day-quarantine%E2%80%9D-la-gi--s694t2/","Thức Coffee - Open 24/7 - &#128073; Kế hoạch của bạn trong “14 - day quarantine” là gì?","H1: &#128073; Kế hoạch của bạn trong “14 - day quarantine” là gì? | H4: THỨC COFFEE - OPEN 24/7 Hotline: 1800 6230 | H4: © 2018. All Right Reserved. Thức Coffee","Thức Coffee - Open 24/7 - &#128073; Kế hoạch của bạn trong “14 - day quarantine” là gì? Trang chủ Menu Chuyện của Thức Về chúng tôi Cửa hàng Chính sách thành viên Tuyển Dụng Liên Hệ Đăng Nhập Nhận tin khuyến mãi của Thức 1800 6230 info.thuccoffee247@gmail.com 1800 6230 Menu Chuyện của Thức Về chúng tôi Cửa hàng Chính sách thành viên Tuyển Dụng Liên Hệ Thức uống Tin tức Trang chủ Chuyện của Thức &#128073; Kế hoạch của bạn trong “14 - day quarantine” là gì? 04.04.2020 &#128073; Kế hoạch của bạn tr","17",
"200","story-detail","/chuyen-cua-thuc/%F0%9F%91%89-thu-ba-luon-la-ngay-khoe-khoan-nhat-s814t2/","http://www.thuccoffee.com.vn/chuyen-cua-thuc/%F0%9F%91%89-thu-ba-luon-la-ngay-khoe-khoan-nhat-s814t2/","Thức Coffee - Open 24/7 - &#128073; THỨ BA luôn là ngày khoẻ khoắn nhất","H1: &#128073; THỨ BA luôn là ngày khoẻ khoắn nhất | H4: THỨC COFFEE - OPEN 24/7 Hotline: 1800 6230 | H4: © 2018. All Right Reserved. Thức Coffee","Thức Coffee - Open 24/7 - &#128073; THỨ BA luôn là ngày khoẻ khoắn nhất Trang chủ Menu Chuyện của Thức Về chúng tôi Cửa hàng Chính sách thành viên Tuyển Dụng Liên Hệ Đăng Nhập Nhận tin khuyến mãi của Thức 1800 6230 info.thuccoffee247@gmail.com 1800 6230 Menu Chuyện của Thức Về chúng tôi Cửa hàng Chính sách thành viên Tuyển Dụng Liên Hệ Thức uống Tin tức Trang chủ Chuyện của Thức &#128073; THỨ BA luôn là ngày khoẻ khoắn nhất 09.12.2020 &#128073; THỨ BA luôn là ngày khoẻ khoắn nhất 🍓 Nước ép trái","17",
"200","story-detail","/chuyen-cua-thuc/%F0%9F%91%8Dco-hoi-chi-co-mot-dung-bo-lo-%E2%9D%97%EF%B8%8F%E2%9D%97%EF%B8%8F%E2%9D%97%EF%B8%8F-s622t2/","http://www.thuccoffee.com.vn/chuyen-cua-thuc/%F0%9F%91%8Dco-hoi-chi-co-mot-dung-bo-lo-%E2%9D%97%EF%B8%8F%E2%9D%97%EF%B8%8F%E2%9D%97%EF%B8%8F-s622t2/","Thức Coffee - Open 24/7 - &#128077;Cơ hội chỉ có một, đừng bỏ lỡ ❗️❗️❗️","H1: &#128077;Cơ hội chỉ có một, đừng bỏ lỡ ❗️❗️❗️ | H4: THỨC COFFEE - OPEN 24/7 Hotline: 1800 6230 | H4: © 2018. All Right Reserved. Thức Coffee","Thức Coffee - Open 24/7 - &#128077;Cơ hội chỉ có một, đừng bỏ lỡ ❗️❗️❗️ Trang chủ Menu Chuyện của Thức Về chúng tôi Cửa hàng Chính sách thành viên Tuyển Dụng Liên Hệ Đăng Nhập Nhận tin khuyến mãi của Thức 1800 6230 info.thuccoffee247@gmail.com 1800 6230 Menu Chuyện của Thức Về chúng tôi Cửa hàng Chính sách thành viên Tuyển Dụng Liên Hệ Thức uống Tin tức Trang chủ Chuyện của Thức &#128077;Cơ hội chỉ có một, đừng bỏ lỡ ❗️❗️❗️ 07.12.2019 &#128077;Cơ hội chỉ có một, đừng bỏ lỡ ❗️❗️❗️ 😊 Ấy ơi tớ hỏi","17",
"200","story-detail","/chuyen-cua-thuc/%F0%9F%91%BB%F0%9F%91%BB-nhat-quy-nhi-ma-thu-ba-hoc-tro-s624t2/","http://www.thuccoffee.com.vn/chuyen-cua-thuc/%F0%9F%91%BB%F0%9F%91%BB-nhat-quy-nhi-ma-thu-ba-hoc-tro-s624t2/","Thức Coffee - Open 24/7 - &#128123;&#128123; Nhất quỷ - Nhì ma - Thứ ba học trò","H1: &#128123;&#128123; Nhất quỷ - Nhì ma - Thứ ba học trò | H4: THỨC COFFEE - OPEN 24/7 Hotline: 1800 6230 | H4: © 2018. All Right Reserved. Thức Coffee","Thức Coffee - Open 24/7 - &#128123;&#128123; Nhất quỷ - Nhì ma - Thứ ba học trò Trang chủ Menu Chuyện của Thức Về chúng tôi Cửa hàng Chính sách thành viên Tuyển Dụng Liên Hệ Đăng Nhập Nhận tin khuyến mãi của Thức 1800 6230 info.thuccoffee247@gmail.com 1800 6230 Menu Chuyện của Thức Về chúng tôi Cửa hàng Chính sách thành viên Tuyển Dụng Liên Hệ Thức uống Tin tức Trang chủ Chuyện của Thức &#128123;&#128123; Nhất quỷ - Nhì ma - Thứ ba học trò 24.09.2019 &#128123;&#128123; Nhất quỷ - Nhì ma - Thứ ba","17",
"200","story-detail","/chuyen-cua-thuc/%F0%9F%91%BB%F0%9F%91%BB-nhat-quy-nhi-ma-thu-ba-hoc-tro-vay-thu-tu-la-gi-%E2%9D%93%E2%9D%93-s625t2/","http://www.thuccoffee.com.vn/chuyen-cua-thuc/%F0%9F%91%BB%F0%9F%91%BB-nhat-quy-nhi-ma-thu-ba-hoc-tro-vay-thu-tu-la-gi-%E2%9D%93%E2%9D%93-s625t2/","Thức Coffee - Open 24/7 - &#128123;&#128123; Nhất quỷ - Nhì ma - Thứ ba học trò - Vậy thứ tư là gì ❓❓","H1: &#128123;&#128123; Nhất quỷ - Nhì ma - Thứ ba học trò - Vậy thứ tư là gì ❓❓ | H4: THỨC COFFEE - OPEN 24/7 Hotline: 1800 6230 | H4: © 2018. All Right Reserved. Thức Coffee","Thức Coffee - Open 24/7 - &#128123;&#128123; Nhất quỷ - Nhì ma - Thứ ba học trò - Vậy thứ tư là gì ❓❓ Trang chủ Menu Chuyện của Thức Về chúng tôi Cửa hàng Chính sách thành viên Tuyển Dụng Liên Hệ Đăng Nhập Nhận tin khuyến mãi của Thức 1800 6230 info.thuccoffee247@gmail.com 1800 6230 Menu Chuyện của Thức Về chúng tôi Cửa hàng Chính sách thành viên Tuyển Dụng Liên Hệ Thức uống Tin tức Trang chủ Chuyện của Thức &#128123;&#128123; Nhất quỷ - Nhì ma - Thứ ba học trò - Vậy thứ tư là gì ❓❓ 24.09.2019 &","17",
"200","story-detail","/chuyen-cua-thuc/%F0%9F%92%80-ban-se-thich-mot-halloween-dang-so-hay-mot-mua-halloween-dang-nho-%F0%9F%91%BB%F0%9F%91%BB-s636t2/","http://www.thuccoffee.com.vn/chuyen-cua-thuc/%F0%9F%92%80-ban-se-thich-mot-halloween-dang-so-hay-mot-mua-halloween-dang-nho-%F0%9F%91%BB%F0%9F%91%BB-s636t2/","Thức Coffee - Open 24/7 - &#128128; Bạn sẽ thích một Halloween đáng sợ hay một mùa Halloween đáng nhớ &#128123;&#128123;","H1: &#128128; Bạn sẽ thích một Halloween đáng sợ hay một mùa Halloween đáng nhớ &#128123;&#128123; | H4: THỨC COFFEE - OPEN 24/7 Hotline: 1800 6230 | H4: © 2018. All Right Reserved. Thức Coffee","Thức Coffee - Open 24/7 - &#128128; Bạn sẽ thích một Halloween đáng sợ hay một mùa Halloween đáng nhớ &#128123;&#128123; Trang chủ Menu Chuyện của Thức Về chúng tôi Cửa hàng Chính sách thành viên Tuyển Dụng Liên Hệ Đăng Nhập Nhận tin khuyến mãi của Thức 1800 6230 info.thuccoffee247@gmail.com 1800 6230 Menu Chuyện của Thức Về chúng tôi Cửa hàng Chính sách thành viên Tuyển Dụng Liên Hệ Thức uống Tin tức Trang chủ Chuyện của Thức &#128128; Bạn sẽ thích một Halloween đáng sợ hay một mùa Halloween đá","17",
"200","story-detail","/chuyen-cua-thuc/%F0%9F%92%83-la-con-gai-phai-xinh-happy-women-s-day-8-3-%F0%9F%92%90-s1451t2/","http://www.thuccoffee.com.vn/chuyen-cua-thuc/%F0%9F%92%83-la-con-gai-phai-xinh-happy-women-s-day-8-3-%F0%9F%92%90-s1451t2/","Thức Coffee - Open 24/7 - &#128131; LÀ CON GÁI PHẢI XINH - HAPPY WOMEN'S DAY 8/3 &#128144;","H1: &#128131; LÀ CON GÁI PHẢI XINH - HAPPY WOMEN'S DAY 8/3 &#128144; | H4: THỨC COFFEE - OPEN 24/7 Hotline: 1800 6230 | H4: © 2018. All Right Reserved. Thức Coffee","Thức Coffee - Open 24/7 - &#128131; LÀ CON GÁI PHẢI XINH - HAPPY WOMEN'S DAY 8/3 &#128144; Trang chủ Menu Chuyện của Thức Về chúng tôi Cửa hàng Chính sách thành viên Tuyển Dụng Liên Hệ Đăng Nhập Nhận tin khuyến mãi của Thức 1800 6230 info.thuccoffee247@gmail.com 1800 6230 Menu Chuyện của Thức Về chúng tôi Cửa hàng Chính sách thành viên Tuyển Dụng Liên Hệ Thức uống Tin tức Trang chủ Chuyện của Thức &#128131; LÀ CON GÁI PHẢI XINH - HAPPY WOMEN'S DAY 8/3 &#128144; 07.03.2026 &#128131; LÀ CON GÁI PH","17",
"200","story-detail","/chuyen-cua-thuc/%F0%9F%92%90-happy-teacher-s-day-s805t2/","http://www.thuccoffee.com.vn/chuyen-cua-thuc/%F0%9F%92%90-happy-teacher-s-day-s805t2/","Thức Coffee - Open 24/7 - &#128144; HAPPY TEACHER'S DAY","H1: &#128144; HAPPY TEACHER'S DAY | H4: THỨC COFFEE - OPEN 24/7 Hotline: 1800 6230 | H4: © 2018. All Right Reserved. Thức Coffee","Thức Coffee - Open 24/7 - &#128144; HAPPY TEACHER'S DAY Trang chủ Menu Chuyện của Thức Về chúng tôi Cửa hàng Chính sách thành viên Tuyển Dụng Liên Hệ Đăng Nhập Nhận tin khuyến mãi của Thức 1800 6230 info.thuccoffee247@gmail.com 1800 6230 Menu Chuyện của Thức Về chúng tôi Cửa hàng Chính sách thành viên Tuyển Dụng Liên Hệ Thức uống Tin tức Trang chủ Chuyện của Thức &#128144; HAPPY TEACHER'S DAY 24.11.2020 &#128144; HAPPY TEACHER'S DAY “Nghề nhà giáo bao đời luôn là nghề cao quý và đáng kính trọng ","17",
"200","story-detail","/chuyen-cua-thuc/%F0%9F%92%93%F0%9F%92%93%F0%9F%92%93-single-day-%F0%9F%92%93%F0%9F%92%93%F0%9F%92%93-s638t2/","http://www.thuccoffee.com.vn/chuyen-cua-thuc/%F0%9F%92%93%F0%9F%92%93%F0%9F%92%93-single-day-%F0%9F%92%93%F0%9F%92%93%F0%9F%92%93-s638t2/","Thức Coffee - Open 24/7 - &#128147;&#128147;&#128147; SINGLE DAY &#128147;&#128147;&#128147;","H1: &#128147;&#128147;&#128147; SINGLE DAY &#128147;&#128147;&#128147; | H4: THỨC COFFEE - OPEN 24/7 Hotline: 1800 6230 | H4: © 2018. All Right Reserved. Thức Coffee","Thức Coffee - Open 24/7 - &#128147;&#128147;&#128147; SINGLE DAY &#128147;&#128147;&#128147; Trang chủ Menu Chuyện của Thức Về chúng tôi Cửa hàng Chính sách thành viên Tuyển Dụng Liên Hệ Đăng Nhập Nhận tin khuyến mãi của Thức 1800 6230 info.thuccoffee247@gmail.com 1800 6230 Menu Chuyện của Thức Về chúng tôi Cửa hàng Chính sách thành viên Tuyển Dụng Liên Hệ Thức uống Tin tức Trang chủ Chuyện của Thức &#128147;&#128147;&#128147; SINGLE DAY &#128147;&#128147;&#128147; 11.11.2019 &#128147;&#128147;&","17",
"200","story-detail","/chuyen-cua-thuc/%F0%9F%92%93-tet-thay-ao-moi-don-xuan-phoi-phoi-%F0%9F%92%93-s833t2/","http://www.thuccoffee.com.vn/chuyen-cua-thuc/%F0%9F%92%93-tet-thay-ao-moi-don-xuan-phoi-phoi-%F0%9F%92%93-s833t2/","Thức Coffee - Open 24/7 - &#128147; Tết thay áo mới, đón xuân phơi phới &#128147;","H1: &#128147; Tết thay áo mới, đón xuân phơi phới &#128147; | H4: THỨC COFFEE - OPEN 24/7 Hotline: 1800 6230 | H4: © 2018. All Right Reserved. Thức Coffee","Thức Coffee - Open 24/7 - &#128147; Tết thay áo mới, đón xuân phơi phới &#128147; Trang chủ Menu Chuyện của Thức Về chúng tôi Cửa hàng Chính sách thành viên Tuyển Dụng Liên Hệ Đăng Nhập Nhận tin khuyến mãi của Thức 1800 6230 info.thuccoffee247@gmail.com 1800 6230 Menu Chuyện của Thức Về chúng tôi Cửa hàng Chính sách thành viên Tuyển Dụng Liên Hệ Thức uống Tin tức Trang chủ Chuyện của Thức &#128147; Tết thay áo mới, đón xuân phơi phới &#128147; 16.02.2021 &#128147; Tết thay áo mới, đón xuân phơi ","17",
"200","story-detail","/chuyen-cua-thuc/%F0%9F%92%95%F0%9F%92%95%F0%9F%92%95-happy-valentine-s-day-%F0%9F%92%95%F0%9F%92%95%F0%9F%92%95-s513t2/","http://www.thuccoffee.com.vn/chuyen-cua-thuc/%F0%9F%92%95%F0%9F%92%95%F0%9F%92%95-happy-valentine-s-day-%F0%9F%92%95%F0%9F%92%95%F0%9F%92%95-s513t2/","Thức Coffee - Open 24/7 - &#128149;&#128149;&#128149; Happy Valentine’s Day &#128149;&#128149;&#128149;","H1: &#128149;&#128149;&#128149; Happy Valentine’s Day &#128149;&#128149;&#128149; | H4: THỨC COFFEE - OPEN 24/7 Hotline: 1800 6230 | H4: © 2018. All Right Reserved. Thức Coffee","Thức Coffee - Open 24/7 - &#128149;&#128149;&#128149; Happy Valentine’s Day &#128149;&#128149;&#128149; Trang chủ Menu Chuyện của Thức Về chúng tôi Cửa hàng Chính sách thành viên Tuyển Dụng Liên Hệ Đăng Nhập Nhận tin khuyến mãi của Thức 1800 6230 info.thuccoffee247@gmail.com 1800 6230 Menu Chuyện của Thức Về chúng tôi Cửa hàng Chính sách thành viên Tuyển Dụng Liên Hệ Thức uống Tin tức Trang chủ Chuyện của Thức &#128149;&#128149;&#128149; Happy Valentine’s Day &#128149;&#128149;&#128149; 14.02.20","17",
"200","story-detail","/chuyen-cua-thuc/%F0%9F%92%95%F0%9F%92%95-valentine-den-uu-dai-tinh-nhan-ve-%F0%9F%92%95%F0%9F%92%95-s674t2/","http://www.thuccoffee.com.vn/chuyen-cua-thuc/%F0%9F%92%95%F0%9F%92%95-valentine-den-uu-dai-tinh-nhan-ve-%F0%9F%92%95%F0%9F%92%95-s674t2/","Thức Coffee - Open 24/7 - &#128149;&#128149; VALENTINE ĐẾN - ƯU ĐÃI ""TÌNH NHÂN"" VỀ &#128149;&#128149;","H1: &#128149;&#128149; VALENTINE ĐẾN - ƯU ĐÃI ""TÌNH NHÂN"" VỀ &#128149;&#128149; | H4: THỨC COFFEE - OPEN 24/7 Hotline: 1800 6230 | H4: © 2018. All Right Reserved. Thức Coffee","Thức Coffee - Open 24/7 - &#128149;&#128149; VALENTINE ĐẾN - ƯU ĐÃI ""TÌNH NHÂN"" VỀ &#128149;&#128149; Trang chủ Menu Chuyện của Thức Về chúng tôi Cửa hàng Chính sách thành viên Tuyển Dụng Liên Hệ Đăng Nhập Nhận tin khuyến mãi của Thức 1800 6230 info.thuccoffee247@gmail.com 1800 6230 Menu Chuyện của Thức Về chúng tôi Cửa hàng Chính sách thành viên Tuyển Dụng Liên Hệ Thức uống Tin tức Trang chủ Chuyện của Thức &#128149;&#128149; VALENTINE ĐẾN - ƯU ĐÃI ""TÌNH NHÂN"" VỀ &#128149;&#128149; 13.02.2020 &","17",
"200","story-detail","/chuyen-cua-thuc/%F0%9F%92%9B%F0%9F%92%9B-ngay-cua-nang-hay-san-sang-den-thuc-%F0%9F%92%9B%F0%9F%92%9B-s521t2/","http://www.thuccoffee.com.vn/chuyen-cua-thuc/%F0%9F%92%9B%F0%9F%92%9B-ngay-cua-nang-hay-san-sang-den-thuc-%F0%9F%92%9B%F0%9F%92%9B-s521t2/","Thức Coffee - Open 24/7 - &#128155;&#128155; Ngày của Nàng hãy sẵn sàng đến Thức &#128155;&#128155;","H1: &#128155;&#128155; Ngày của Nàng hãy sẵn sàng đến Thức &#128155;&#128155; | H4: THỨC COFFEE - OPEN 24/7 Hotline: 1800 6230 | H4: © 2018. All Right Reserved. Thức Coffee","Thức Coffee - Open 24/7 - &#128155;&#128155; Ngày của Nàng hãy sẵn sàng đến Thức &#128155;&#128155; Trang chủ Menu Chuyện của Thức Về chúng tôi Cửa hàng Chính sách thành viên Tuyển Dụng Liên Hệ Đăng Nhập Nhận tin khuyến mãi của Thức 1800 6230 info.thuccoffee247@gmail.com 1800 6230 Menu Chuyện của Thức Về chúng tôi Cửa hàng Chính sách thành viên Tuyển Dụng Liên Hệ Thức uống Tin tức Trang chủ Chuyện của Thức &#128155;&#128155; Ngày của Nàng hãy sẵn sàng đến Thức &#128155;&#128155; 05.03.2019 &#128","17",
"200","story-detail","/chuyen-cua-thuc/%F0%9F%92%9E-gui-tam-y-am-than-tinh-trung-thu-tron-ven-%F0%9F%92%9E-s919t2/","http://www.thuccoffee.com.vn/chuyen-cua-thuc/%F0%9F%92%9E-gui-tam-y-am-than-tinh-trung-thu-tron-ven-%F0%9F%92%9E-s919t2/","Thức Coffee - Open 24/7 - &#128158; GỬI TÂM Ý - ẤM THÂN TÌNH - TRUNG THU TRỌN VẸN &#128158;","H1: &#128158; GỬI TÂM Ý - ẤM THÂN TÌNH - TRUNG THU TRỌN VẸN &#128158; | H4: THỨC COFFEE - OPEN 24/7 Hotline: 1800 6230 | H4: © 2018. All Right Reserved. Thức Coffee","Thức Coffee - Open 24/7 - &#128158; GỬI TÂM Ý - ẤM THÂN TÌNH - TRUNG THU TRỌN VẸN &#128158; Trang chủ Menu Chuyện của Thức Về chúng tôi Cửa hàng Chính sách thành viên Tuyển Dụng Liên Hệ Đăng Nhập Nhận tin khuyến mãi của Thức 1800 6230 info.thuccoffee247@gmail.com 1800 6230 Menu Chuyện của Thức Về chúng tôi Cửa hàng Chính sách thành viên Tuyển Dụng Liên Hệ Thức uống Tin tức Trang chủ Chuyện của Thức &#128158; GỬI TÂM Ý - ẤM THÂN TÌNH - TRUNG THU TRỌN VẸN &#128158; 29.07.2022 &#128158; GỬI TÂM Ý -","17",
"200","story-detail","/chuyen-cua-thuc/%F0%9F%92%9F%F0%9F%92%9F%F0%9F%92%9F-ngay-cua-nang-lan-toa-ngan-yeu-thuong-%F0%9F%92%9F%F0%9F%92%9F%F0%9F%92%9F-s634t2/","http://www.thuccoffee.com.vn/chuyen-cua-thuc/%F0%9F%92%9F%F0%9F%92%9F%F0%9F%92%9F-ngay-cua-nang-lan-toa-ngan-yeu-thuong-%F0%9F%92%9F%F0%9F%92%9F%F0%9F%92%9F-s634t2/","Thức Coffee - Open 24/7 - &#128159;&#128159;&#128159; Ngày của nàng - lan toả ngàn yêu thương &#128159;&#128159;&#128159;","H1: &#128159;&#128159;&#128159; Ngày của nàng - lan toả ngàn yêu thương &#128159;&#128159;&#128159; | H4: THỨC COFFEE - OPEN 24/7 Hotline: 1800 6230 | H4: © 2018. All Right Reserved. Thức Coffee","Thức Coffee - Open 24/7 - &#128159;&#128159;&#128159; Ngày của nàng - lan toả ngàn yêu thương &#128159;&#128159;&#128159; Trang chủ Menu Chuyện của Thức Về chúng tôi Cửa hàng Chính sách thành viên Tuyển Dụng Liên Hệ Đăng Nhập Nhận tin khuyến mãi của Thức 1800 6230 info.thuccoffee247@gmail.com 1800 6230 Menu Chuyện của Thức Về chúng tôi Cửa hàng Chính sách thành viên Tuyển Dụng Liên Hệ Thức uống Tin tức Trang chủ Chuyện của Thức &#128159;&#128159;&#128159; Ngày của nàng - lan toả ngàn yêu thương ","17",
"200","story-detail","/chuyen-cua-thuc/%F0%9F%92%9F-happy-valentine-14-02-2021-%F0%9F%92%9F-s836t2/","http://www.thuccoffee.com.vn/chuyen-cua-thuc/%F0%9F%92%9F-happy-valentine-14-02-2021-%F0%9F%92%9F-s836t2/","Thức Coffee - Open 24/7 - &#128159; HAPPY VALENTINE 14.02.2021 &#128159;","H1: &#128159; HAPPY VALENTINE 14.02.2021 &#128159; | H4: THỨC COFFEE - OPEN 24/7 Hotline: 1800 6230 | H4: © 2018. All Right Reserved. Thức Coffee","Thức Coffee - Open 24/7 - &#128159; HAPPY VALENTINE 14.02.2021 &#128159; Trang chủ Menu Chuyện của Thức Về chúng tôi Cửa hàng Chính sách thành viên Tuyển Dụng Liên Hệ Đăng Nhập Nhận tin khuyến mãi của Thức 1800 6230 info.thuccoffee247@gmail.com 1800 6230 Menu Chuyện của Thức Về chúng tôi Cửa hàng Chính sách thành viên Tuyển Dụng Liên Hệ Thức uống Tin tức Trang chủ Chuyện của Thức &#128159; HAPPY VALENTINE 14.02.2021 &#128159; 16.02.2021 &#128159; HAPPY VALENTINE 14.02.2021 &#128159; Gợi ý thức u","17",
"200","story-detail","/chuyen-cua-thuc/%F0%9F%92%A5-bung-no-black-friday-%F0%9F%92%A5-s873t2/","http://www.thuccoffee.com.vn/chuyen-cua-thuc/%F0%9F%92%A5-bung-no-black-friday-%F0%9F%92%A5-s873t2/","Thức Coffee - Open 24/7 - &#128165; BÙNG NỔ BLACK FRIDAY &#128165;","H1: &#128165; BÙNG NỔ BLACK FRIDAY &#128165; | H4: THỨC COFFEE - OPEN 24/7 Hotline: 1800 6230 | H4: © 2018. All Right Reserved. Thức Coffee","Thức Coffee - Open 24/7 - &#128165; BÙNG NỔ BLACK FRIDAY &#128165; Trang chủ Menu Chuyện của Thức Về chúng tôi Cửa hàng Chính sách thành viên Tuyển Dụng Liên Hệ Đăng Nhập Nhận tin khuyến mãi của Thức 1800 6230 info.thuccoffee247@gmail.com 1800 6230 Menu Chuyện của Thức Về chúng tôi Cửa hàng Chính sách thành viên Tuyển Dụng Liên Hệ Thức uống Tin tức Trang chủ Chuyện của Thức &#128165; BÙNG NỔ BLACK FRIDAY &#128165; 27.11.2021 &#128165; BÙNG NỔ BLACK FRIDAY &#128165; GIẢM 71% - CÀ PHÊ TRUYỀN THỐNG","17",
"200","story-detail","/chuyen-cua-thuc/%F0%9F%92%A5-ghe-thuc-ngay-thu-van-may-san-lung-labubu-v2-cuc-pham-%F0%9F%98%8D-s1219t2/","http://www.thuccoffee.com.vn/chuyen-cua-thuc/%F0%9F%92%A5-ghe-thuc-ngay-thu-van-may-san-lung-labubu-v2-cuc-pham-%F0%9F%98%8D-s1219t2/","Thức Coffee - Open 24/7 - &#128165; GHÉ THỨC NGAY, THỬ VẬN MAY SĂN LÙNG LABUBU V2 CỰC PHẨM &#128525;","H1: &#128165; GHÉ THỨC NGAY, THỬ VẬN MAY SĂN LÙNG LABUBU V2 CỰC PHẨM &#128525; | H4: THỨC COFFEE - OPEN 24/7 Hotline: 1800 6230 | H4: © 2018. All Right Reserved. Thức Coffee","Thức Coffee - Open 24/7 - &#128165; GHÉ THỨC NGAY, THỬ VẬN MAY SĂN LÙNG LABUBU V2 CỰC PHẨM &#128525; Trang chủ Menu Chuyện của Thức Về chúng tôi Cửa hàng Chính sách thành viên Tuyển Dụng Liên Hệ Đăng Nhập Nhận tin khuyến mãi của Thức 1800 6230 info.thuccoffee247@gmail.com 1800 6230 Menu Chuyện của Thức Về chúng tôi Cửa hàng Chính sách thành viên Tuyển Dụng Liên Hệ Thức uống Tin tức Trang chủ Chuyện của Thức &#128165; GHÉ THỨC NGAY, THỬ VẬN MAY SĂN LÙNG LABUBU V2 CỰC PHẨM &#128525; 20.08.2024 &#1","17",
"200","story-detail","/chuyen-cua-thuc/%F0%9F%92%A5-giam-20-cho-moi-hoa-don-mua-mang-ve-%F0%9F%92%A5-s861t2/","http://www.thuccoffee.com.vn/chuyen-cua-thuc/%F0%9F%92%A5-giam-20-cho-moi-hoa-don-mua-mang-ve-%F0%9F%92%A5-s861t2/","Thức Coffee - Open 24/7 - &#128165; GIẢM 20% CHO MỌI HÓA ĐƠN MUA MANG VỀ &#128165;","H1: &#128165; GIẢM 20% CHO MỌI HÓA ĐƠN MUA MANG VỀ &#128165; | H4: THỨC COFFEE - OPEN 24/7 Hotline: 1800 6230 | H4: © 2018. All Right Reserved. Thức Coffee","Thức Coffee - Open 24/7 - &#128165; GIẢM 20% CHO MỌI HÓA ĐƠN MUA MANG VỀ &#128165; Trang chủ Menu Chuyện của Thức Về chúng tôi Cửa hàng Chính sách thành viên Tuyển Dụng Liên Hệ Đăng Nhập Nhận tin khuyến mãi của Thức 1800 6230 info.thuccoffee247@gmail.com 1800 6230 Menu Chuyện của Thức Về chúng tôi Cửa hàng Chính sách thành viên Tuyển Dụng Liên Hệ Thức uống Tin tức Trang chủ Chuyện của Thức &#128165; GIẢM 20% CHO MỌI HÓA ĐƠN MUA MANG VỀ &#128165; 24.05.2021 &#128165; GIẢM 20% CHO MỌI HÓA ĐƠN MUA ","17",
"200","story-detail","/chuyen-cua-thuc/%F0%9F%92%AA%F0%9F%92%AA-song-khoe-cung-thuc-vuc-day-tinh-than-danh-bay-%E2%80%9Cco-vi%E2%80%9D-s692t2/","http://www.thuccoffee.com.vn/chuyen-cua-thuc/%F0%9F%92%AA%F0%9F%92%AA-song-khoe-cung-thuc-vuc-day-tinh-than-danh-bay-%E2%80%9Cco-vi%E2%80%9D-s692t2/","Thức Coffee - Open 24/7 - &#128170;&#128170; Sống khỏe cùng Thức, vực dậy tinh thần, đánh bay “Cô Vi”","H1: &#128170;&#128170; Sống khỏe cùng Thức, vực dậy tinh thần, đánh bay “Cô Vi” | H4: THỨC COFFEE - OPEN 24/7 Hotline: 1800 6230 | H4: © 2018. All Right Reserved. Thức Coffee","Thức Coffee - Open 24/7 - &#128170;&#128170; Sống khỏe cùng Thức, vực dậy tinh thần, đánh bay “Cô Vi” Trang chủ Menu Chuyện của Thức Về chúng tôi Cửa hàng Chính sách thành viên Tuyển Dụng Liên Hệ Đăng Nhập Nhận tin khuyến mãi của Thức 1800 6230 info.thuccoffee247@gmail.com 1800 6230 Menu Chuyện của Thức Về chúng tôi Cửa hàng Chính sách thành viên Tuyển Dụng Liên Hệ Thức uống Tin tức Trang chủ Chuyện của Thức &#128170;&#128170; Sống khỏe cùng Thức, vực dậy tinh thần, đánh bay “Cô Vi” 31.03.2020 &","17",
"200","story-detail","/chuyen-cua-thuc/%F0%9F%92%AE-don-tet-nhu-y-cung-combo-tra-hoa-tu-quy-%F0%9F%92%AE-s897t2/","http://www.thuccoffee.com.vn/chuyen-cua-thuc/%F0%9F%92%AE-don-tet-nhu-y-cung-combo-tra-hoa-tu-quy-%F0%9F%92%AE-s897t2/","Thức Coffee - Open 24/7 - &#128174; Đón TẾT NHƯ Ý cùng COMBO TRÀ HOA TỨ QUÝ &#128174;","H1: &#128174; Đón TẾT NHƯ Ý cùng COMBO TRÀ HOA TỨ QUÝ &#128174; | H4: THỨC COFFEE - OPEN 24/7 Hotline: 1800 6230 | H4: © 2018. All Right Reserved. Thức Coffee","Thức Coffee - Open 24/7 - &#128174; Đón TẾT NHƯ Ý cùng COMBO TRÀ HOA TỨ QUÝ &#128174; Trang chủ Menu Chuyện của Thức Về chúng tôi Cửa hàng Chính sách thành viên Tuyển Dụng Liên Hệ Đăng Nhập Nhận tin khuyến mãi của Thức 1800 6230 info.thuccoffee247@gmail.com 1800 6230 Menu Chuyện của Thức Về chúng tôi Cửa hàng Chính sách thành viên Tuyển Dụng Liên Hệ Thức uống Tin tức Trang chủ Chuyện của Thức &#128174; Đón TẾT NHƯ Ý cùng COMBO TRÀ HOA TỨ QUÝ &#128174; 12.02.2022 &#128174; Đón TẾT NHƯ Ý cùng COMB","17",
"200","story-detail","/chuyen-cua-thuc/%F0%9F%93%8C-thuc-coffe-hoat-dong-24h-xuyen-le-tet-%F0%9F%93%8C-s973t2/","http://www.thuccoffee.com.vn/chuyen-cua-thuc/%F0%9F%93%8C-thuc-coffe-hoat-dong-24h-xuyen-le-tet-%F0%9F%93%8C-s973t2/","Thức Coffee - Open 24/7 - &#128204; THỨC COFFE HOẠT ĐỘNG 24H XUYÊN LỄ/TẾT &#128204;","H1: &#128204; THỨC COFFE HOẠT ĐỘNG 24H XUYÊN LỄ/TẾT &#128204; | H4: THỨC COFFEE - OPEN 24/7 Hotline: 1800 6230 | H4: © 2018. All Right Reserved. Thức Coffee","Thức Coffee - Open 24/7 - &#128204; THỨC COFFE HOẠT ĐỘNG 24H XUYÊN LỄ/TẾT &#128204; Trang chủ Menu Chuyện của Thức Về chúng tôi Cửa hàng Chính sách thành viên Tuyển Dụng Liên Hệ Đăng Nhập Nhận tin khuyến mãi của Thức 1800 6230 info.thuccoffee247@gmail.com 1800 6230 Menu Chuyện của Thức Về chúng tôi Cửa hàng Chính sách thành viên Tuyển Dụng Liên Hệ Thức uống Tin tức Trang chủ Chuyện của Thức &#128204; THỨC COFFE HOẠT ĐỘNG 24H XUYÊN LỄ/TẾT &#128204; 05.01.2023 &#128204; THỨC COFFE HOẠT ĐỘNG 24H XU","17",
"200","story-detail","/chuyen-cua-thuc/%F0%9F%93%A3%F0%9F%93%A3-%F0%9D%90%93%F0%9D%90%A1%F0%9D%90%AE%CC%9B%CC%81%F0%9D%90%9C-%F0%9D%90%82%F0%9D%90%A8%F0%9D%90%9F%F0%9D%90%9F%F0%9D%90%9E%F0%9D%90%9E-%F0%9D%9F%90%F0%9D%9F%90-%F0%9D%90%90%F0%9D%90%AE%F0%9D%90%9A%F0%9D%90%A7%F0%9D%90%A0-%F0%9D%90%93%F0%9D%90%AB%F0%9D%90%AE%F0%9D%90%A7%F0%9D%90%A0-%F0%9D%90%A1%F0%9D%90%A8%F0%9D%90%9A%CC%A3%F0%9D%90%AD-d%F0%9D%90%A8%CC%A3%CC%82%F0%9D%90%A7%F0%9D%90%A0-%F0%9D%9F%90%F0%9D%9F%92%F0%9D%90%A1-%F0%9D%90%AD%F0%9D%90%AE%CC%9B%CC%80-%F0%9D%90%A1%F0%9D%90%A8%CC%82%F0%9D%90%A6-%F0%9D%90%A7%F0%9D%90%9A%F0%9D%90%B2-%F0%9F%93%A3%F0%9F%93%A3-s725t2/","http://www.thuccoffee.com.vn/chuyen-cua-thuc/%F0%9F%93%A3%F0%9F%93%A3-%F0%9D%90%93%F0%9D%90%A1%F0%9D%90%AE%CC%9B%CC%81%F0%9D%90%9C-%F0%9D%90%82%F0%9D%90%A8%F0%9D%90%9F%F0%9D%90%9F%F0%9D%90%9E%F0%9D%90%9E-%F0%9D%9F%90%F0%9D%9F%90-%F0%9D%90%90%F0%9D%90%AE%F0%9D%90%9A%F0%9D%90%A7%F0%9D%90%A0-%F0%9D%90%93%F0%9D%90%AB%F0%9D%90%AE%F0%9D%90%A7%F0%9D%90%A0-%F0%9D%90%A1%F0%9D%90%A8%F0%9D%90%9A%CC%A3%F0%9D%90%AD-d%F0%9D%90%A8%CC%A3%CC%82%F0%9D%90%A7%F0%9D%90%A0-%F0%9D%9F%90%F0%9D%9F%92%F0%9D%90%A1-%F0%9D%90%AD%F0%9D%90%AE%CC%9B%CC%80-%F0%9D%90%A1%F0%9D%90%A8%CC%82%F0%9D%90%A6-%F0%9D%90%A7%F0%9D%90%9A%F0%9D%90%B2-%F0%9F%93%A3%F0%9F%93%A3-s725t2/","Thức Coffee - Open 24/7 - &#128227;&#128227; &#119827;&#119841;&#119854;̛́&#119836; &#119810;&#119848;&#119839;&#119839;&#119838;&#119838; &#120784;&#120784; &#119824;&#119854;&#119834;&#119847;&#119840; &#119827;&#119851;&#119854;&#119847;&#119840; &#119841;&#119848;&#119834;̣&#119853; đ&#119848;̣̂&#119847;&#119840; &#120784;&#120786;&#119841; &#119853;&#119854;̛̀ &#119841;&#119848;̂&#119846; &#119847;&#119834;&#119858; &#128227;&#128227;","H1: &#128227;&#128227; &#119827;&#119841;&#119854;̛́&#119836; &#119810;&#119848;&#119839;&#119839;&#119838;&#119838; &#120784;&#120784; &#119824;&#119854;&#119834;&#119847;&#119840; &#119827;&#119851;&#119854;&#119847;&#119840; &#119841;&#119848;&#119834;̣&#119853; đ&#119848;̣̂&#119847;&#119840; &#120784;&#120786;&#119841; &#119853;&#119854;̛̀ &#119841;&#119848;̂&#119846; &#119847;&#119834;&#119858; &#128227;&#128227; | H4: THỨC COFFEE - OPEN 24/7 Hotline: 1800 6230 | H4: © 2018. All Right Reserved. Thức Coffee","Thức Coffee - Open 24/7 - &#128227;&#128227; &#119827;&#119841;&#119854;̛́&#119836; &#119810;&#119848;&#119839;&#119839;&#119838;&#119838; &#120784;&#120784; &#119824;&#119854;&#119834;&#119847;&#119840; &#119827;&#119851;&#119854;&#119847;&#119840; &#119841;&#119848;&#119834;̣&#119853; đ&#119848;̣̂&#119847;&#119840; &#120784;&#120786;&#119841; &#119853;&#119854;̛̀ &#119841;&#119848;̂&#119846; &#119847;&#119834;&#119858; &#128227;&#128227; Trang chủ Menu Chuyện của Thức Về chúng tôi Cửa hàng Chí","17",
"200","story-detail","/chuyen-cua-thuc/%F0%9F%93%A3-dang-ky-thanh-vien-thuc-coffee-nhan-ngay-uu-dai-20-khong-gioi-han-%F0%9F%93%A3-s1023t2/","http://www.thuccoffee.com.vn/chuyen-cua-thuc/%F0%9F%93%A3-dang-ky-thanh-vien-thuc-coffee-nhan-ngay-uu-dai-20-khong-gioi-han-%F0%9F%93%A3-s1023t2/","Thức Coffee - Open 24/7 - &#128227; ĐĂNG KÝ THÀNH VIÊN THỨC COFFEE - NHẬN NGAY ƯU ĐÃI 20% KHÔNG GIỚI HẠN &#128227;","H1: &#128227; ĐĂNG KÝ THÀNH VIÊN THỨC COFFEE - NHẬN NGAY ƯU ĐÃI 20% KHÔNG GIỚI HẠN &#128227; | H4: THỨC COFFEE - OPEN 24/7 Hotline: 1800 6230 | H4: © 2018. All Right Reserved. Thức Coffee","Thức Coffee - Open 24/7 - &#128227; ĐĂNG KÝ THÀNH VIÊN THỨC COFFEE - NHẬN NGAY ƯU ĐÃI 20% KHÔNG GIỚI HẠN &#128227; Trang chủ Menu Chuyện của Thức Về chúng tôi Cửa hàng Chính sách thành viên Tuyển Dụng Liên Hệ Đăng Nhập Nhận tin khuyến mãi của Thức 1800 6230 info.thuccoffee247@gmail.com 1800 6230 Menu Chuyện của Thức Về chúng tôi Cửa hàng Chính sách thành viên Tuyển Dụng Liên Hệ Thức uống Tin tức Trang chủ Chuyện của Thức &#128227; ĐĂNG KÝ THÀNH VIÊN THỨC COFFEE - NHẬN NGAY ƯU ĐÃI 20% KHÔNG GIỚI ","17",
"200","story-detail","/chuyen-cua-thuc/%F0%9F%93%B2-dang-ky-thanh-vien-thuc-coffee-nhan-ngay-uu-dai-giam-20-tong-hoa-don-%E2%9C%A8-s1391t2/","http://www.thuccoffee.com.vn/chuyen-cua-thuc/%F0%9F%93%B2-dang-ky-thanh-vien-thuc-coffee-nhan-ngay-uu-dai-giam-20-tong-hoa-don-%E2%9C%A8-s1391t2/","Thức Coffee - Open 24/7 - &#128242; ĐĂNG KÝ THÀNH VIÊN THỨC COFFEE NHẬN NGAY ƯU ĐÃI GIẢM 20% TỔNG HOÁ ĐƠN ✨","H1: &#128242; ĐĂNG KÝ THÀNH VIÊN THỨC COFFEE NHẬN NGAY ƯU ĐÃI GIẢM 20% TỔNG HOÁ ĐƠN ✨ | H4: THỨC COFFEE - OPEN 24/7 Hotline: 1800 6230 | H4: © 2018. All Right Reserved. Thức Coffee","Thức Coffee - Open 24/7 - &#128242; ĐĂNG KÝ THÀNH VIÊN THỨC COFFEE NHẬN NGAY ƯU ĐÃI GIẢM 20% TỔNG HOÁ ĐƠN ✨ Trang chủ Menu Chuyện của Thức Về chúng tôi Cửa hàng Chính sách thành viên Tuyển Dụng Liên Hệ Đăng Nhập Nhận tin khuyến mãi của Thức 1800 6230 info.thuccoffee247@gmail.com 1800 6230 Menu Chuyện của Thức Về chúng tôi Cửa hàng Chính sách thành viên Tuyển Dụng Liên Hệ Thức uống Tin tức Trang chủ Chuyện của Thức &#128242; ĐĂNG KÝ THÀNH VIÊN THỨC COFFEE NHẬN NGAY ƯU ĐÃI GIẢM 20% TỔNG HOÁ ĐƠN ✨ ","17",
"200","story-detail","/chuyen-cua-thuc/%F0%9F%94%96-christmas-collection-gia-dung-thu-chi-49-000d-s1293t2/","http://www.thuccoffee.com.vn/chuyen-cua-thuc/%F0%9F%94%96-christmas-collection-gia-dung-thu-chi-49-000d-s1293t2/","Thức Coffee - Open 24/7 - &#128278; CHRISTMAS COLLECTION - GIÁ DÙNG THỬ CHỈ 49.000Đ","H1: &#128278; CHRISTMAS COLLECTION - GIÁ DÙNG THỬ CHỈ 49.000Đ | H4: THỨC COFFEE - OPEN 24/7 Hotline: 1800 6230 | H4: © 2018. All Right Reserved. Thức Coffee","Thức Coffee - Open 24/7 - &#128278; CHRISTMAS COLLECTION - GIÁ DÙNG THỬ CHỈ 49.000Đ Trang chủ Menu Chuyện của Thức Về chúng tôi Cửa hàng Chính sách thành viên Tuyển Dụng Liên Hệ Đăng Nhập Nhận tin khuyến mãi của Thức 1800 6230 info.thuccoffee247@gmail.com 1800 6230 Menu Chuyện của Thức Về chúng tôi Cửa hàng Chính sách thành viên Tuyển Dụng Liên Hệ Thức uống Tin tức Trang chủ Chuyện của Thức &#128278; CHRISTMAS COLLECTION - GIÁ DÙNG THỬ CHỈ 49.000Đ 16.11.2024 &#128278; CHRISTMAS COLLECTION - GIÁ ","17",
"200","story-detail","/chuyen-cua-thuc/%F0%9F%94%96-happy-hours-happy-deal-s1221t2/","http://www.thuccoffee.com.vn/chuyen-cua-thuc/%F0%9F%94%96-happy-hours-happy-deal-s1221t2/","Thức Coffee - Open 24/7 - &#128278; HAPPY HOURS - HAPPY DEAL","H1: &#128278; HAPPY HOURS - HAPPY DEAL | H4: THỨC COFFEE - OPEN 24/7 Hotline: 1800 6230 | H4: © 2018. All Right Reserved. Thức Coffee","Thức Coffee - Open 24/7 - &#128278; HAPPY HOURS - HAPPY DEAL Trang chủ Menu Chuyện của Thức Về chúng tôi Cửa hàng Chính sách thành viên Tuyển Dụng Liên Hệ Đăng Nhập Nhận tin khuyến mãi của Thức 1800 6230 info.thuccoffee247@gmail.com 1800 6230 Menu Chuyện của Thức Về chúng tôi Cửa hàng Chính sách thành viên Tuyển Dụng Liên Hệ Thức uống Tin tức Trang chủ Chuyện của Thức &#128278; HAPPY HOURS - HAPPY DEAL 28.09.2024 &#128278; HAPPY HOURS - HAPPY DEAL 💥 CHILL LY THỨ 2 GIÁ CHỈ 9.000Đ Giờ lành 15H - ","17",
"200","story-detail","/chuyen-cua-thuc/%F0%9F%98%88-welcome-to-black-island-%F0%9F%98%88-s954t2/","http://www.thuccoffee.com.vn/chuyen-cua-thuc/%F0%9F%98%88-welcome-to-black-island-%F0%9F%98%88-s954t2/","Thức Coffee - Open 24/7 - &#128520; Welcome to BLACK ISLAND!! &#128520;","H1: &#128520; Welcome to BLACK ISLAND!! &#128520; | H4: THỨC COFFEE - OPEN 24/7 Hotline: 1800 6230 | H4: © 2018. All Right Reserved. Thức Coffee","Thức Coffee - Open 24/7 - &#128520; Welcome to BLACK ISLAND!! &#128520; Trang chủ Menu Chuyện của Thức Về chúng tôi Cửa hàng Chính sách thành viên Tuyển Dụng Liên Hệ Đăng Nhập Nhận tin khuyến mãi của Thức 1800 6230 info.thuccoffee247@gmail.com 1800 6230 Menu Chuyện của Thức Về chúng tôi Cửa hàng Chính sách thành viên Tuyển Dụng Liên Hệ Thức uống Tin tức Trang chủ Chuyện của Thức &#128520; Welcome to BLACK ISLAND!! &#128520; 19.10.2022 &#128520; Welcome to BLACK ISLAND!! &#128520; 🎃 Halloween nă","17",
"200","story-detail","/chuyen-cua-thuc/%F0%9F%A4%9D%F0%9F%A4%9D-dong-hanh-cung-su-kien-gio-trai-dat-tren-toan-the-gioi-%F0%9F%8C%8D%F0%9F%8C%8E%F0%9F%8C%8F-s525t2/","http://www.thuccoffee.com.vn/chuyen-cua-thuc/%F0%9F%A4%9D%F0%9F%A4%9D-dong-hanh-cung-su-kien-gio-trai-dat-tren-toan-the-gioi-%F0%9F%8C%8D%F0%9F%8C%8E%F0%9F%8C%8F-s525t2/","Thức Coffee - Open 24/7 - &#129309;&#129309; Đồng hành cùng sự kiện Giờ Trái Đất trên toàn thế giới &#127757;&#127758;&#127759;","H1: &#129309;&#129309; Đồng hành cùng sự kiện Giờ Trái Đất trên toàn thế giới &#127757;&#127758;&#127759; | H4: THỨC COFFEE - OPEN 24/7 Hotline: 1800 6230 | H4: © 2018. All Right Reserved. Thức Coffee","Thức Coffee - Open 24/7 - &#129309;&#129309; Đồng hành cùng sự kiện Giờ Trái Đất trên toàn thế giới &#127757;&#127758;&#127759; Trang chủ Menu Chuyện của Thức Về chúng tôi Cửa hàng Chính sách thành viên Tuyển Dụng Liên Hệ Đăng Nhập Nhận tin khuyến mãi của Thức 1800 6230 info.thuccoffee247@gmail.com 1800 6230 Menu Chuyện của Thức Về chúng tôi Cửa hàng Chính sách thành viên Tuyển Dụng Liên Hệ Thức uống Tin tức Trang chủ Chuyện của Thức &#129309;&#129309; Đồng hành cùng sự kiện Giờ Trái Đất trên to","17",
"200","story-detail","/chuyen-cua-thuc/%F0%9F%A5%A4%F0%9F%A5%A4%F0%9F%A5%A4-reusable-cup%F0%9F%A5%A4%F0%9F%A5%A4%F0%9F%A5%A4-s631t2/","http://www.thuccoffee.com.vn/chuyen-cua-thuc/%F0%9F%A5%A4%F0%9F%A5%A4%F0%9F%A5%A4-reusable-cup%F0%9F%A5%A4%F0%9F%A5%A4%F0%9F%A5%A4-s631t2/","Thức Coffee - Open 24/7 - &#129380;&#129380;&#129380; REUSABLE CUP&#129380;&#129380;&#129380;","H1: &#129380;&#129380;&#129380; REUSABLE CUP&#129380;&#129380;&#129380; | H4: THỨC COFFEE - OPEN 24/7 Hotline: 1800 6230 | H4: © 2018. All Right Reserved. Thức Coffee","Thức Coffee - Open 24/7 - &#129380;&#129380;&#129380; REUSABLE CUP&#129380;&#129380;&#129380; Trang chủ Menu Chuyện của Thức Về chúng tôi Cửa hàng Chính sách thành viên Tuyển Dụng Liên Hệ Đăng Nhập Nhận tin khuyến mãi của Thức 1800 6230 info.thuccoffee247@gmail.com 1800 6230 Menu Chuyện của Thức Về chúng tôi Cửa hàng Chính sách thành viên Tuyển Dụng Liên Hệ Thức uống Tin tức Trang chủ Chuyện của Thức &#129380;&#129380;&#129380; REUSABLE CUP&#129380;&#129380;&#129380; 11.10.2019 &#129380;&#129380","17",
"200","story-detail","/chuyen-cua-thuc/%F0%9F%A5%A4-mot-ly-lam-chang-nen-non-s704t2/","http://www.thuccoffee.com.vn/chuyen-cua-thuc/%F0%9F%A5%A4-mot-ly-lam-chang-nen-non-s704t2/","Thức Coffee - Open 24/7 - &#129380; Một ly làm chẳng nên non","H1: &#129380; Một ly làm chẳng nên non | H4: THỨC COFFEE - OPEN 24/7 Hotline: 1800 6230 | H4: © 2018. All Right Reserved. Thức Coffee","Thức Coffee - Open 24/7 - &#129380; Một ly làm chẳng nên non Trang chủ Menu Chuyện của Thức Về chúng tôi Cửa hàng Chính sách thành viên Tuyển Dụng Liên Hệ Đăng Nhập Nhận tin khuyến mãi của Thức 1800 6230 info.thuccoffee247@gmail.com 1800 6230 Menu Chuyện của Thức Về chúng tôi Cửa hàng Chính sách thành viên Tuyển Dụng Liên Hệ Thức uống Tin tức Trang chủ Chuyện của Thức &#129380; Một ly làm chẳng nên non 17.04.2020 &#129380; Một ly làm chẳng nên non Hai ly chụm lại nhận ngay ưu đãi [Giảm 20% x FRE","17",
"200","story-detail","/chuyen-cua-thuc/%F0%9F%A5%B3-chao-nha-moi-44b-ly-tu-trong-p-ben-nghe-q-1--s947t2/","http://www.thuccoffee.com.vn/chuyen-cua-thuc/%F0%9F%A5%B3-chao-nha-moi-44b-ly-tu-trong-p-ben-nghe-q-1--s947t2/","Thức Coffee - Open 24/7 - &#129395; CHÀO NHÀ MỚI 44B LÝ TỰ TRỌNG, P.BẾN NGHÉ, Q.1.","H1: &#129395; CHÀO NHÀ MỚI 44B LÝ TỰ TRỌNG, P.BẾN NGHÉ, Q.1. | H4: THỨC COFFEE - OPEN 24/7 Hotline: 1800 6230 | H4: © 2018. All Right Reserved. Thức Coffee","Thức Coffee - Open 24/7 - &#129395; CHÀO NHÀ MỚI 44B LÝ TỰ TRỌNG, P.BẾN NGHÉ, Q.1. Trang chủ Menu Chuyện của Thức Về chúng tôi Cửa hàng Chính sách thành viên Tuyển Dụng Liên Hệ Đăng Nhập Nhận tin khuyến mãi của Thức 1800 6230 info.thuccoffee247@gmail.com 1800 6230 Menu Chuyện của Thức Về chúng tôi Cửa hàng Chính sách thành viên Tuyển Dụng Liên Hệ Thức uống Tin tức Trang chủ Chuyện của Thức &#129395; CHÀO NHÀ MỚI 44B LÝ TỰ TRỌNG, P.BẾN NGHÉ, Q.1. 24.09.2022 &#129395; CHÀO NHÀ MỚI 44B LÝ TỰ TRỌNG,","17",
"200","story-detail","/chuyen-cua-thuc/%F0%9F%A5%B3-tet-nay-cung-thuc-choi-cho-vui-cuoi-cho-da-%F0%9F%8E%8A-s1439t2/","http://www.thuccoffee.com.vn/chuyen-cua-thuc/%F0%9F%A5%B3-tet-nay-cung-thuc-choi-cho-vui-cuoi-cho-da-%F0%9F%8E%8A-s1439t2/","Thức Coffee - Open 24/7 - &#129395; TẾT NÀY cùng Thức ""CHƠI CHO VUI, CƯỜI CHO ĐÃ"" &#127882;","H1: &#129395; TẾT NÀY cùng Thức ""CHƠI CHO VUI, CƯỜI CHO ĐÃ"" &#127882; | H4: THỨC COFFEE - OPEN 24/7 Hotline: 1800 6230 | H4: © 2018. All Right Reserved. Thức Coffee","Thức Coffee - Open 24/7 - &#129395; TẾT NÀY cùng Thức ""CHƠI CHO VUI, CƯỜI CHO ĐÃ"" &#127882; Trang chủ Menu Chuyện của Thức Về chúng tôi Cửa hàng Chính sách thành viên Tuyển Dụng Liên Hệ Đăng Nhập Nhận tin khuyến mãi của Thức 1800 6230 info.thuccoffee247@gmail.com 1800 6230 Menu Chuyện của Thức Về chúng tôi Cửa hàng Chính sách thành viên Tuyển Dụng Liên Hệ Thức uống Tin tức Trang chủ Chuyện của Thức &#129395; TẾT NÀY cùng Thức ""CHƠI CHO VUI, CƯỜI CHO ĐÃ"" &#127882; 19.01.2026 &#129395; TẾT NÀY cùn","17",
"200","story-detail","/chuyen-cua-thuc/%F0%9F%A7%A7-mua-cap-%E2%80%93-loc-gap-doi-tet-nay-phai-co-doi-co-cap-%F0%9F%A7%A7-s1440t2/","http://www.thuccoffee.com.vn/chuyen-cua-thuc/%F0%9F%A7%A7-mua-cap-%E2%80%93-loc-gap-doi-tet-nay-phai-co-doi-co-cap-%F0%9F%A7%A7-s1440t2/","Thức Coffee - Open 24/7 - &#129511; MUA CẶP – LỘC GẤP ĐÔI: TẾT NÀY PHẢI CÓ ĐÔI CÓ CẶP! &#129511;","H1: &#129511; MUA CẶP – LỘC GẤP ĐÔI: TẾT NÀY PHẢI CÓ ĐÔI CÓ CẶP! &#129511; | H4: THỨC COFFEE - OPEN 24/7 Hotline: 1800 6230 | H4: © 2018. All Right Reserved. Thức Coffee","Thức Coffee - Open 24/7 - &#129511; MUA CẶP – LỘC GẤP ĐÔI: TẾT NÀY PHẢI CÓ ĐÔI CÓ CẶP! &#129511; Trang chủ Menu Chuyện của Thức Về chúng tôi Cửa hàng Chính sách thành viên Tuyển Dụng Liên Hệ Đăng Nhập Nhận tin khuyến mãi của Thức 1800 6230 info.thuccoffee247@gmail.com 1800 6230 Menu Chuyện của Thức Về chúng tôi Cửa hàng Chính sách thành viên Tuyển Dụng Liên Hệ Thức uống Tin tức Trang chủ Chuyện của Thức &#129511; MUA CẶP – LỘC GẤP ĐÔI: TẾT NÀY PHẢI CÓ ĐÔI CÓ CẶP! &#129511; 21.01.2026 &#129511; M","17",
"200","story-detail","/chuyen-cua-thuc/11-11-free-mon-an-kem-tiep-suc-san-sale-%F0%9F%92%AA-s800t2/","http://www.thuccoffee.com.vn/chuyen-cua-thuc/11-11-free-mon-an-kem-tiep-suc-san-sale-%F0%9F%92%AA-s800t2/","Thức Coffee - Open 24/7 - 11.11 - FREE MÓN ĂN KÈM - TIẾP SỨC SĂN SALE &#128170;","H1: 11.11 - FREE MÓN ĂN KÈM - TIẾP SỨC SĂN SALE &#128170; | H4: THỨC COFFEE - OPEN 24/7 Hotline: 1800 6230 | H4: © 2018. All Right Reserved. Thức Coffee","Thức Coffee - Open 24/7 - 11.11 - FREE MÓN ĂN KÈM - TIẾP SỨC SĂN SALE &#128170; Trang chủ Menu Chuyện của Thức Về chúng tôi Cửa hàng Chính sách thành viên Tuyển Dụng Liên Hệ Đăng Nhập Nhận tin khuyến mãi của Thức 1800 6230 info.thuccoffee247@gmail.com 1800 6230 Menu Chuyện của Thức Về chúng tôi Cửa hàng Chính sách thành viên Tuyển Dụng Liên Hệ Thức uống Tin tức Trang chủ Chuyện của Thức 11.11 - FREE MÓN ĂN KÈM - TIẾP SỨC SĂN SALE &#128170; 10.11.2020 11.11 - FREE MÓN ĂN KÈM - TIẾP SỨC SĂN SALE &","17",
"200","story-detail","/chuyen-cua-thuc/1-2-3-%E2%80%A6-5-ban-danh-roi-%E2%80%9Cthu-tu-vui-ve%E2%80%9D-roi-ne--s745t2/","http://www.thuccoffee.com.vn/chuyen-cua-thuc/1-2-3-%E2%80%A6-5-ban-danh-roi-%E2%80%9Cthu-tu-vui-ve%E2%80%9D-roi-ne--s745t2/","Thức Coffee - Open 24/7 - 1 2 3 … 5.. Bạn đánh rơi “thứ tư vui vẻ” rồi nè!!","H1: 1 2 3 … 5.. Bạn đánh rơi “thứ tư vui vẻ” rồi nè!! | H4: THỨC COFFEE - OPEN 24/7 Hotline: 1800 6230 | H4: © 2018. All Right Reserved. Thức Coffee","Thức Coffee - Open 24/7 - 1 2 3 … 5.. Bạn đánh rơi “thứ tư vui vẻ” rồi nè!! Trang chủ Menu Chuyện của Thức Về chúng tôi Cửa hàng Chính sách thành viên Tuyển Dụng Liên Hệ Đăng Nhập Nhận tin khuyến mãi của Thức 1800 6230 info.thuccoffee247@gmail.com 1800 6230 Menu Chuyện của Thức Về chúng tôi Cửa hàng Chính sách thành viên Tuyển Dụng Liên Hệ Thức uống Tin tức Trang chủ Chuyện của Thức 1 2 3 … 5.. Bạn đánh rơi “thứ tư vui vẻ” rồi nè!! 10.06.2020 1 2 3 … 5.. Bạn đánh rơi “thứ tư vui vẻ” rồi nè!! 🎉 ","17",
"200","story-detail","/chuyen-cua-thuc/an-pham-xin-xo-tu-thuc-da-xuat-hien-s567t2/","http://www.thuccoffee.com.vn/chuyen-cua-thuc/an-pham-xin-xo-tu-thuc-da-xuat-hien-s567t2/","Thức Coffee - Open 24/7 - Ấn phẩm ""xịn xò"" từ Thức đã xuất hiện","H1: Ấn phẩm ""xịn xò"" từ Thức đã xuất hiện | H4: THỨC COFFEE - OPEN 24/7 Hotline: 1800 6230 | H4: © 2018. All Right Reserved. Thức Coffee","Thức Coffee - Open 24/7 - Ấn phẩm ""xịn xò"" từ Thức đã xuất hiện Trang chủ Menu Chuyện của Thức Về chúng tôi Cửa hàng Chính sách thành viên Tuyển Dụng Liên Hệ Đăng Nhập Nhận tin khuyến mãi của Thức 1800 6230 info.thuccoffee247@gmail.com 1800 6230 Menu Chuyện của Thức Về chúng tôi Cửa hàng Chính sách thành viên Tuyển Dụng Liên Hệ Thức uống Tin tức Trang chủ Chuyện của Thức Ấn phẩm ""xịn xò"" từ Thức đã xuất hiện 26.06.2019 Ấn phẩm ""xịn xò"" từ Thức đã xuất hiện 🌤⛈ Dù trời có nắng hay mưa, Thức đây v","17",
"200","story-detail","/chuyen-cua-thuc/ay-oi-minh-tra-dau-nhe--s595t2/","http://www.thuccoffee.com.vn/chuyen-cua-thuc/ay-oi-minh-tra-dau-nhe--s595t2/","Thức Coffee - Open 24/7 - Ấy ơi, mình trà dâu nhé!","H1: Ấy ơi, mình trà dâu nhé! | H4: THỨC COFFEE - OPEN 24/7 Hotline: 1800 6230 | H4: © 2018. All Right Reserved. Thức Coffee","Thức Coffee - Open 24/7 - Ấy ơi, mình trà dâu nhé! Trang chủ Menu Chuyện của Thức Về chúng tôi Cửa hàng Chính sách thành viên Tuyển Dụng Liên Hệ Đăng Nhập Nhận tin khuyến mãi của Thức 1800 6230 info.thuccoffee247@gmail.com 1800 6230 Menu Chuyện của Thức Về chúng tôi Cửa hàng Chính sách thành viên Tuyển Dụng Liên Hệ Thức uống Tin tức Trang chủ Chuyện của Thức Ấy ơi, mình trà dâu nhé! 24.07.2019 Ấy ơi, mình trà dâu nhé! 😋 Vị chanh thanh mát 🍓 Thơm ngát hương dâu 🍃 Hoà quyện vị trà 🤤 Đê mê thưở","17",
"200","story-detail","/chuyen-cua-thuc/back-to-school-cool-to-back-s1059t2/","http://www.thuccoffee.com.vn/chuyen-cua-thuc/back-to-school-cool-to-back-s1059t2/","Thức Coffee - Open 24/7 - BACK TO SCHOOL - COOL TO BACK","H1: BACK TO SCHOOL - COOL TO BACK | H4: THỨC COFFEE - OPEN 24/7 Hotline: 1800 6230 | H4: © 2018. All Right Reserved. Thức Coffee","Thức Coffee - Open 24/7 - BACK TO SCHOOL - COOL TO BACK Trang chủ Menu Chuyện của Thức Về chúng tôi Cửa hàng Chính sách thành viên Tuyển Dụng Liên Hệ Đăng Nhập Nhận tin khuyến mãi của Thức 1800 6230 info.thuccoffee247@gmail.com 1800 6230 Menu Chuyện của Thức Về chúng tôi Cửa hàng Chính sách thành viên Tuyển Dụng Liên Hệ Thức uống Tin tức Trang chủ Chuyện của Thức BACK TO SCHOOL - COOL TO BACK 05.09.2023 BACK TO SCHOOL - COOL TO BACK Mang THẺ SINH VIÊN đến THỨC COFFEE, nhận ngay ƯU ĐÃI MUA 1 TẶNG","17",
"200","story-detail","/chuyen-cua-thuc/ban-co-bo-lo-uu-dai-20-tu-thuc--s573t2/","http://www.thuccoffee.com.vn/chuyen-cua-thuc/ban-co-bo-lo-uu-dai-20-tu-thuc--s573t2/","Thức Coffee - Open 24/7 - Bạn có bỏ lỡ ưu đãi 20% từ Thức ???","H1: Bạn có bỏ lỡ ưu đãi 20% từ Thức ??? | H4: THỨC COFFEE - OPEN 24/7 Hotline: 1800 6230 | H4: © 2018. All Right Reserved. Thức Coffee","Thức Coffee - Open 24/7 - Bạn có bỏ lỡ ưu đãi 20% từ Thức ??? Trang chủ Menu Chuyện của Thức Về chúng tôi Cửa hàng Chính sách thành viên Tuyển Dụng Liên Hệ Đăng Nhập Nhận tin khuyến mãi của Thức 1800 6230 info.thuccoffee247@gmail.com 1800 6230 Menu Chuyện của Thức Về chúng tôi Cửa hàng Chính sách thành viên Tuyển Dụng Liên Hệ Thức uống Tin tức Trang chủ Chuyện của Thức Bạn có bỏ lỡ ưu đãi 20% từ Thức ??? 08.07.2019 Bạn có bỏ lỡ ưu đãi 20% từ Thức ??? ➡️ Đăng ký thành viên 𝐓𝐡𝐮̛́𝐜 𝐂𝐨𝐟𝐟𝐞𝐞","17",
"200","story-detail","/chuyen-cua-thuc/ban-da-bao-gio-nghe-den-apple-tart-chua--s563t2/","http://www.thuccoffee.com.vn/chuyen-cua-thuc/ban-da-bao-gio-nghe-den-apple-tart-chua--s563t2/","Thức Coffee - Open 24/7 - Bạn đã bao giờ nghe đến Apple Tart chưa ??","H1: Bạn đã bao giờ nghe đến Apple Tart chưa ?? | H4: THỨC COFFEE - OPEN 24/7 Hotline: 1800 6230 | H4: © 2018. All Right Reserved. Thức Coffee","Thức Coffee - Open 24/7 - Bạn đã bao giờ nghe đến Apple Tart chưa ?? Trang chủ Menu Chuyện của Thức Về chúng tôi Cửa hàng Chính sách thành viên Tuyển Dụng Liên Hệ Đăng Nhập Nhận tin khuyến mãi của Thức 1800 6230 info.thuccoffee247@gmail.com 1800 6230 Menu Chuyện của Thức Về chúng tôi Cửa hàng Chính sách thành viên Tuyển Dụng Liên Hệ Thức uống Tin tức Trang chủ Chuyện của Thức Bạn đã bao giờ nghe đến Apple Tart chưa ?? 21.06.2019 Bạn đã bao giờ nghe đến Apple Tart chưa ?? Nay em ấy đã có mặt tại ","17",
"200","story-detail","/chuyen-cua-thuc/ban-da-biet-cach-order-de-nhan-uu-dai-giao-hang-tu-thuc-chua--s690t2/","http://www.thuccoffee.com.vn/chuyen-cua-thuc/ban-da-biet-cach-order-de-nhan-uu-dai-giao-hang-tu-thuc-chua--s690t2/","Thức Coffee - Open 24/7 - Bạn đã biết cách order để nhận ưu đãi giao hàng từ Thức chưa?","H1: Bạn đã biết cách order để nhận ưu đãi giao hàng từ Thức chưa? | H4: THỨC COFFEE - OPEN 24/7 Hotline: 1800 6230 | H4: © 2018. All Right Reserved. Thức Coffee","Thức Coffee - Open 24/7 - Bạn đã biết cách order để nhận ưu đãi giao hàng từ Thức chưa? Trang chủ Menu Chuyện của Thức Về chúng tôi Cửa hàng Chính sách thành viên Tuyển Dụng Liên Hệ Đăng Nhập Nhận tin khuyến mãi của Thức 1800 6230 info.thuccoffee247@gmail.com 1800 6230 Menu Chuyện của Thức Về chúng tôi Cửa hàng Chính sách thành viên Tuyển Dụng Liên Hệ Thức uống Tin tức Trang chủ Chuyện của Thức Bạn đã biết cách order để nhận ưu đãi giao hàng từ Thức chưa? 27.03.2020 Bạn đã biết cách order để nhậ","17",
"200","story-detail","/chuyen-cua-thuc/ban-da-co-y-tuong-gi-cho-mua-trang-nam-nay-chua--s585t2/","http://www.thuccoffee.com.vn/chuyen-cua-thuc/ban-da-co-y-tuong-gi-cho-mua-trang-nam-nay-chua--s585t2/","Thức Coffee - Open 24/7 - Bạn đã có ý tưởng gì cho mùa trăng năm nay chưa ??","H1: Bạn đã có ý tưởng gì cho mùa trăng năm nay chưa ?? | H4: THỨC COFFEE - OPEN 24/7 Hotline: 1800 6230 | H4: © 2018. All Right Reserved. Thức Coffee","Thức Coffee - Open 24/7 - Bạn đã có ý tưởng gì cho mùa trăng năm nay chưa ?? Trang chủ Menu Chuyện của Thức Về chúng tôi Cửa hàng Chính sách thành viên Tuyển Dụng Liên Hệ Đăng Nhập Nhận tin khuyến mãi của Thức 1800 6230 info.thuccoffee247@gmail.com 1800 6230 Menu Chuyện của Thức Về chúng tôi Cửa hàng Chính sách thành viên Tuyển Dụng Liên Hệ Thức uống Tin tức Trang chủ Chuyện của Thức Bạn đã có ý tưởng gì cho mùa trăng năm nay chưa ?? 19.07.2019 Bạn đã có ý tưởng gì cho mùa trăng năm nay chưa ?? ","18",
"200","story-detail","/chuyen-cua-thuc/ban-dang-tim-kiem-vi-banh-trung-thu-ngon-va-an-toan-cho-suc-khoe--s599t2/","http://www.thuccoffee.com.vn/chuyen-cua-thuc/ban-dang-tim-kiem-vi-banh-trung-thu-ngon-va-an-toan-cho-suc-khoe--s599t2/","Thức Coffee - Open 24/7 - Bạn đang tìm kiếm vị bánh trung thu ngon và an toàn cho sức khoẻ ??","H1: Bạn đang tìm kiếm vị bánh trung thu ngon và an toàn cho sức khoẻ ?? | H4: THỨC COFFEE - OPEN 24/7 Hotline: 1800 6230 | H4: © 2018. All Right Reserved. Thức Coffee","Thức Coffee - Open 24/7 - Bạn đang tìm kiếm vị bánh trung thu ngon và an toàn cho sức khoẻ ?? Trang chủ Menu Chuyện của Thức Về chúng tôi Cửa hàng Chính sách thành viên Tuyển Dụng Liên Hệ Đăng Nhập Nhận tin khuyến mãi của Thức 1800 6230 info.thuccoffee247@gmail.com 1800 6230 Menu Chuyện của Thức Về chúng tôi Cửa hàng Chính sách thành viên Tuyển Dụng Liên Hệ Thức uống Tin tức Trang chủ Chuyện của Thức Bạn đang tìm kiếm vị bánh trung thu ngon và an toàn cho sức khoẻ ?? 29.07.2019 Bạn đang tìm kiếm","18",
"200","story-detail","/chuyen-cua-thuc/ban-da-san-sang-trai-nghiem-cap-doi-giang-sinh-day-mau-sac-cua-thuc-chua--s492t2/","http://www.thuccoffee.com.vn/chuyen-cua-thuc/ban-da-san-sang-trai-nghiem-cap-doi-giang-sinh-day-mau-sac-cua-thuc-chua--s492t2/","Thức Coffee - Open 24/7 - Bạn đã sẵn sàng trải nghiệm ""Cặp đôi Giáng Sinh"" đầy màu sắc của Thức chưa ??","H1: Bạn đã sẵn sàng trải nghiệm ""Cặp đôi Giáng Sinh"" đầy màu sắc của Thức chưa ?? | H4: THỨC COFFEE - OPEN 24/7 Hotline: 1800 6230 | H4: © 2018. All Right Reserved. Thức Coffee","Thức Coffee - Open 24/7 - Bạn đã sẵn sàng trải nghiệm ""Cặp đôi Giáng Sinh"" đầy màu sắc của Thức chưa ?? Trang chủ Menu Chuyện của Thức Về chúng tôi Cửa hàng Chính sách thành viên Tuyển Dụng Liên Hệ Đăng Nhập Nhận tin khuyến mãi của Thức 1800 6230 info.thuccoffee247@gmail.com 1800 6230 Menu Chuyện của Thức Về chúng tôi Cửa hàng Chính sách thành viên Tuyển Dụng Liên Hệ Thức uống Tin tức Trang chủ Chuyện của Thức Bạn đã sẵn sàng trải nghiệm ""Cặp đôi Giáng Sinh"" đầy màu sắc của Thức chưa ?? 19.12.20","17",
"200","story-detail","/chuyen-cua-thuc/ban-oi-ta-hen-ngay-dep-troi-gap-nhau-thoi--s717t2/","http://www.thuccoffee.com.vn/chuyen-cua-thuc/ban-oi-ta-hen-ngay-dep-troi-gap-nhau-thoi--s717t2/","Thức Coffee - Open 24/7 - Bạn ơi, ta hẹn ngày đẹp trời gặp nhau thôi!","H1: Bạn ơi, ta hẹn ngày đẹp trời gặp nhau thôi! | H4: THỨC COFFEE - OPEN 24/7 Hotline: 1800 6230 | H4: © 2018. All Right Reserved. Thức Coffee","Thức Coffee - Open 24/7 - Bạn ơi, ta hẹn ngày đẹp trời gặp nhau thôi! Trang chủ Menu Chuyện của Thức Về chúng tôi Cửa hàng Chính sách thành viên Tuyển Dụng Liên Hệ Đăng Nhập Nhận tin khuyến mãi của Thức 1800 6230 info.thuccoffee247@gmail.com 1800 6230 Menu Chuyện của Thức Về chúng tôi Cửa hàng Chính sách thành viên Tuyển Dụng Liên Hệ Thức uống Tin tức Trang chủ Chuyện của Thức Bạn ơi, ta hẹn ngày đẹp trời gặp nhau thôi! 25.04.2020 Bạn ơi, ta hẹn ngày đẹp trời gặp nhau thôi! Hẹn nhau ta hẹn một s","17",
"200","story-detail","/chuyen-cua-thuc/bao-li-xi-xinh-cho-nguoi-den-rinh-s1368t2/","http://www.thuccoffee.com.vn/chuyen-cua-thuc/bao-li-xi-xinh-cho-nguoi-den-rinh-s1368t2/","Thức Coffee - Open 24/7 - BAO LÌ XÌ XINH, CHỜ NGƯỜI ĐẾN RINH","H1: BAO LÌ XÌ XINH, CHỜ NGƯỜI ĐẾN RINH | H4: THỨC COFFEE - OPEN 24/7 Hotline: 1800 6230 | H4: © 2018. All Right Reserved. Thức Coffee","Thức Coffee - Open 24/7 - BAO LÌ XÌ XINH, CHỜ NGƯỜI ĐẾN RINH Trang chủ Menu Chuyện của Thức Về chúng tôi Cửa hàng Chính sách thành viên Tuyển Dụng Liên Hệ Đăng Nhập Nhận tin khuyến mãi của Thức 1800 6230 info.thuccoffee247@gmail.com 1800 6230 Menu Chuyện của Thức Về chúng tôi Cửa hàng Chính sách thành viên Tuyển Dụng Liên Hệ Thức uống Tin tức Trang chủ Chuyện của Thức BAO LÌ XÌ XINH, CHỜ NGƯỜI ĐẾN RINH 24.01.2025 BAO LÌ XÌ XINH, CHỜ NGƯỜI ĐẾN RINH Tết đến xuân về, sao thiếu được những chiếc bao ","17",
"200","story-detail","/chuyen-cua-thuc/black-friday-thuc-coffee-tiep-suc-san-sale-mua-cuoi-nam-s1098t2/","http://www.thuccoffee.com.vn/chuyen-cua-thuc/black-friday-thuc-coffee-tiep-suc-san-sale-mua-cuoi-nam-s1098t2/","Thức Coffee - Open 24/7 - BLACK FRIDAY - THỨC COFFEE TIẾP SỨC SĂN SALE MÙA CUỐI NĂM","H1: BLACK FRIDAY - THỨC COFFEE TIẾP SỨC SĂN SALE MÙA CUỐI NĂM | H4: THỨC COFFEE - OPEN 24/7 Hotline: 1800 6230 | H4: © 2018. All Right Reserved. Thức Coffee","Thức Coffee - Open 24/7 - BLACK FRIDAY - THỨC COFFEE TIẾP SỨC SĂN SALE MÙA CUỐI NĂM Trang chủ Menu Chuyện của Thức Về chúng tôi Cửa hàng Chính sách thành viên Tuyển Dụng Liên Hệ Đăng Nhập Nhận tin khuyến mãi của Thức 1800 6230 info.thuccoffee247@gmail.com 1800 6230 Menu Chuyện của Thức Về chúng tôi Cửa hàng Chính sách thành viên Tuyển Dụng Liên Hệ Thức uống Tin tức Trang chủ Chuyện của Thức BLACK FRIDAY - THỨC COFFEE TIẾP SỨC SĂN SALE MÙA CUỐI NĂM 23.11.2023 BLACK FRIDAY - THỨC COFFEE TIẾP SỨC S","17",
"200","story-detail","/chuyen-cua-thuc/buoi-chieu-so-sweet-cung-combo-ngot-ngao-s1475t2/","http://www.thuccoffee.com.vn/chuyen-cua-thuc/buoi-chieu-so-sweet-cung-combo-ngot-ngao-s1475t2/","Thức Coffee - Open 24/7 - BUỔI CHIỀU ""SO SWEET"" CÙNG COMBO NGỌT NGÀO","H1: BUỔI CHIỀU ""SO SWEET"" CÙNG COMBO NGỌT NGÀO | H4: THỨC COFFEE - OPEN 24/7 Hotline: 1800 6230 | H4: © 2018. All Right Reserved. Thức Coffee","Thức Coffee - Open 24/7 - BUỔI CHIỀU ""SO SWEET"" CÙNG COMBO NGỌT NGÀO Trang chủ Menu Chuyện của Thức Về chúng tôi Cửa hàng Chính sách thành viên Tuyển Dụng Liên Hệ Đăng Nhập Nhận tin khuyến mãi của Thức 1800 6230 info.thuccoffee247@gmail.com 1800 6230 Menu Chuyện của Thức Về chúng tôi Cửa hàng Chính sách thành viên Tuyển Dụng Liên Hệ Thức uống Tin tức Trang chủ Chuyện của Thức BUỔI CHIỀU ""SO SWEET"" CÙNG COMBO NGỌT NGÀO 02.06.2026 BUỔI CHIỀU ""SO SWEET"" CÙNG COMBO NGỌT NGÀO Gói ghém chút ngọt ngào,","17",
"200","story-detail","/chuyen-cua-thuc/cap-doi-%E2%80%9Csummer-vibes%E2%80%9D-%E2%80%93-khuay-dong-mua-he-cung-thuc-s741t2/","http://www.thuccoffee.com.vn/chuyen-cua-thuc/cap-doi-%E2%80%9Csummer-vibes%E2%80%9D-%E2%80%93-khuay-dong-mua-he-cung-thuc-s741t2/","Thức Coffee - Open 24/7 - CẶP ĐÔI “SUMMER VIBES” – KHUẤY ĐỘNG MÙA HÈ CÙNG THỨC","H1: CẶP ĐÔI “SUMMER VIBES” – KHUẤY ĐỘNG MÙA HÈ CÙNG THỨC | H4: THỨC COFFEE - OPEN 24/7 Hotline: 1800 6230 | H4: © 2018. All Right Reserved. Thức Coffee","Thức Coffee - Open 24/7 - CẶP ĐÔI “SUMMER VIBES” – KHUẤY ĐỘNG MÙA HÈ CÙNG THỨC Trang chủ Menu Chuyện của Thức Về chúng tôi Cửa hàng Chính sách thành viên Tuyển Dụng Liên Hệ Đăng Nhập Nhận tin khuyến mãi của Thức 1800 6230 info.thuccoffee247@gmail.com 1800 6230 Menu Chuyện của Thức Về chúng tôi Cửa hàng Chính sách thành viên Tuyển Dụng Liên Hệ Thức uống Tin tức Trang chủ Chuyện của Thức CẶP ĐÔI “SUMMER VIBES” – KHUẤY ĐỘNG MÙA HÈ CÙNG THỨC 06.06.2020 CẶP ĐÔI “SUMMER VIBES” – KHUẤY ĐỘNG MÙA HÈ CÙNG","17",
"200","story-detail","/chuyen-cua-thuc/cap-doi-vang-tuoi-since-2018-s779t2/","http://www.thuccoffee.com.vn/chuyen-cua-thuc/cap-doi-vang-tuoi-since-2018-s779t2/","Thức Coffee - Open 24/7 - CẶP ĐÔI VÀNG TƯƠI, since 2018","H1: CẶP ĐÔI VÀNG TƯƠI, since 2018 | H4: THỨC COFFEE - OPEN 24/7 Hotline: 1800 6230 | H4: © 2018. All Right Reserved. Thức Coffee","Thức Coffee - Open 24/7 - CẶP ĐÔI VÀNG TƯƠI, since 2018 Trang chủ Menu Chuyện của Thức Về chúng tôi Cửa hàng Chính sách thành viên Tuyển Dụng Liên Hệ Đăng Nhập Nhận tin khuyến mãi của Thức 1800 6230 info.thuccoffee247@gmail.com 1800 6230 Menu Chuyện của Thức Về chúng tôi Cửa hàng Chính sách thành viên Tuyển Dụng Liên Hệ Thức uống Tin tức Trang chủ Chuyện của Thức CẶP ĐÔI VÀNG TƯƠI, since 2018 21.08.2020 CẶP ĐÔI VÀNG TƯƠI, since 2018 🍐🥭🍐🥭 Kể từ ngày ra mắt, cặp đôi VÀNG TƯƠI đã chiếm cảm tình","17",
"200","story-detail","/chuyen-cua-thuc/ca-phe-%E2%80%9Cxua%E2%80%9D-va-%E2%80%9Cnay%E2%80%9D-co-gi-khac--s720t2/","http://www.thuccoffee.com.vn/chuyen-cua-thuc/ca-phe-%E2%80%9Cxua%E2%80%9D-va-%E2%80%9Cnay%E2%80%9D-co-gi-khac--s720t2/","Thức Coffee - Open 24/7 - Cà phê “xưa” và “nay” có gì khác?","H1: Cà phê “xưa” và “nay” có gì khác? | H4: THỨC COFFEE - OPEN 24/7 Hotline: 1800 6230 | H4: © 2018. All Right Reserved. Thức Coffee","Thức Coffee - Open 24/7 - Cà phê “xưa” và “nay” có gì khác? Trang chủ Menu Chuyện của Thức Về chúng tôi Cửa hàng Chính sách thành viên Tuyển Dụng Liên Hệ Đăng Nhập Nhận tin khuyến mãi của Thức 1800 6230 info.thuccoffee247@gmail.com 1800 6230 Menu Chuyện của Thức Về chúng tôi Cửa hàng Chính sách thành viên Tuyển Dụng Liên Hệ Thức uống Tin tức Trang chủ Chuyện của Thức Cà phê “xưa” và “nay” có gì khác? 28.04.2020 Cà phê “xưa” và “nay” có gì khác? ➡️ Cà phê “thời trước dịch”: tụ tập với đám bạn thâ","17",
"200","story-detail","/chuyen-cua-thuc/ca-phe-1d-chi-co-tai-thuc-coffee-duong-41-quan-4-s950t2/","http://www.thuccoffee.com.vn/chuyen-cua-thuc/ca-phe-1d-chi-co-tai-thuc-coffee-duong-41-quan-4-s950t2/","Thức Coffee - Open 24/7 - CÀ PHÊ 1Đ CHỈ CÓ TẠI THỨC COFFEE - ĐƯỜNG 41, QUẬN 4","H1: CÀ PHÊ 1Đ CHỈ CÓ TẠI THỨC COFFEE - ĐƯỜNG 41, QUẬN 4 | H4: THỨC COFFEE - OPEN 24/7 Hotline: 1800 6230 | H4: © 2018. All Right Reserved. Thức Coffee","Thức Coffee - Open 24/7 - CÀ PHÊ 1Đ CHỈ CÓ TẠI THỨC COFFEE - ĐƯỜNG 41, QUẬN 4 Trang chủ Menu Chuyện của Thức Về chúng tôi Cửa hàng Chính sách thành viên Tuyển Dụng Liên Hệ Đăng Nhập Nhận tin khuyến mãi của Thức 1800 6230 info.thuccoffee247@gmail.com 1800 6230 Menu Chuyện của Thức Về chúng tôi Cửa hàng Chính sách thành viên Tuyển Dụng Liên Hệ Thức uống Tin tức Trang chủ Chuyện của Thức CÀ PHÊ 1Đ CHỈ CÓ TẠI THỨC COFFEE - ĐƯỜNG 41, QUẬN 4 17.10.2022 CÀ PHÊ 1Đ CHỈ CÓ TẠI THỨC COFFEE - ĐƯỜNG 41, QUẬN","17",
"200","story-detail","/chuyen-cua-thuc/ca-phe-moi-ngay-them-y-tuong-hay-s707t2/","http://www.thuccoffee.com.vn/chuyen-cua-thuc/ca-phe-moi-ngay-them-y-tuong-hay-s707t2/","Thức Coffee - Open 24/7 - CÀ PHÊ MỖI NGÀY, THÊM Ý TƯỞNG HAY","H1: CÀ PHÊ MỖI NGÀY, THÊM Ý TƯỞNG HAY | H4: THỨC COFFEE - OPEN 24/7 Hotline: 1800 6230 | H4: © 2018. All Right Reserved. Thức Coffee","Thức Coffee - Open 24/7 - CÀ PHÊ MỖI NGÀY, THÊM Ý TƯỞNG HAY Trang chủ Menu Chuyện của Thức Về chúng tôi Cửa hàng Chính sách thành viên Tuyển Dụng Liên Hệ Đăng Nhập Nhận tin khuyến mãi của Thức 1800 6230 info.thuccoffee247@gmail.com 1800 6230 Menu Chuyện của Thức Về chúng tôi Cửa hàng Chính sách thành viên Tuyển Dụng Liên Hệ Thức uống Tin tức Trang chủ Chuyện của Thức CÀ PHÊ MỖI NGÀY, THÊM Ý TƯỞNG HAY 20.04.2020 CÀ PHÊ MỖI NGÀY, THÊM Ý TƯỞNG HAY 💞 Là một “coffee lover” chân chính của Thức chắc c","18",
"200","story-detail","/chuyen-cua-thuc/chao-don-%E2%80%9Ccap-doi-vang-tuoi%E2%80%9D-chinh-thuc-len-song-tren-menu-thuc-coffee-%F0%9F%98%8E%F0%9F%98%8E-s501t2/","http://www.thuccoffee.com.vn/chuyen-cua-thuc/chao-don-%E2%80%9Ccap-doi-vang-tuoi%E2%80%9D-chinh-thuc-len-song-tren-menu-thuc-coffee-%F0%9F%98%8E%F0%9F%98%8E-s501t2/","Thức Coffee - Open 24/7 - Chào đón “CẶP ĐÔI VÀNG TƯƠI” chính thức lên sóng trên menu Thức Coffee &#128526;&#128526;","H1: Chào đón “CẶP ĐÔI VÀNG TƯƠI” chính thức lên sóng trên menu Thức Coffee &#128526;&#128526; | H4: THỨC COFFEE - OPEN 24/7 Hotline: 1800 6230 | H4: © 2018. All Right Reserved. Thức Coffee","Thức Coffee - Open 24/7 - Chào đón “CẶP ĐÔI VÀNG TƯƠI” chính thức lên sóng trên menu Thức Coffee &#128526;&#128526; Trang chủ Menu Chuyện của Thức Về chúng tôi Cửa hàng Chính sách thành viên Tuyển Dụng Liên Hệ Đăng Nhập Nhận tin khuyến mãi của Thức 1800 6230 info.thuccoffee247@gmail.com 1800 6230 Menu Chuyện của Thức Về chúng tôi Cửa hàng Chính sách thành viên Tuyển Dụng Liên Hệ Thức uống Tin tức Trang chủ Chuyện của Thức Chào đón “CẶP ĐÔI VÀNG TƯƠI” chính thức lên sóng trên menu Thức Coffee &#1","17",
"200","story-detail","/chuyen-cua-thuc/chao-don-thang-moi-voi-su-ra-mat-cua-mot-thanh-vien-moi-%E2%80%9Cchoco-berry-cake%E2%80%9D-s737t2/","http://www.thuccoffee.com.vn/chuyen-cua-thuc/chao-don-thang-moi-voi-su-ra-mat-cua-mot-thanh-vien-moi-%E2%80%9Cchoco-berry-cake%E2%80%9D-s737t2/","Thức Coffee - Open 24/7 - Chào đón tháng mới với sự ra mắt của một thành viên mới: “Choco Berry cake”","H1: Chào đón tháng mới với sự ra mắt của một thành viên mới: “Choco Berry cake” | H4: THỨC COFFEE - OPEN 24/7 Hotline: 1800 6230 | H4: © 2018. All Right Reserved. Thức Coffee","Thức Coffee - Open 24/7 - Chào đón tháng mới với sự ra mắt của một thành viên mới: “Choco Berry cake” Trang chủ Menu Chuyện của Thức Về chúng tôi Cửa hàng Chính sách thành viên Tuyển Dụng Liên Hệ Đăng Nhập Nhận tin khuyến mãi của Thức 1800 6230 info.thuccoffee247@gmail.com 1800 6230 Menu Chuyện của Thức Về chúng tôi Cửa hàng Chính sách thành viên Tuyển Dụng Liên Hệ Thức uống Tin tức Trang chủ Chuyện của Thức Chào đón tháng mới với sự ra mắt của một thành viên mới: “Choco Berry cake” 01.06.2020 C","17",
"200","story-detail","/chuyen-cua-thuc/chao-he-cung-bst-sunny-summer-s911t2/","http://www.thuccoffee.com.vn/chuyen-cua-thuc/chao-he-cung-bst-sunny-summer-s911t2/","Thức Coffee - Open 24/7 - Chào hè cùng BST SUNNY SUMMER","H1: Chào hè cùng BST SUNNY SUMMER | H4: THỨC COFFEE - OPEN 24/7 Hotline: 1800 6230 | H4: © 2018. All Right Reserved. Thức Coffee","Thức Coffee - Open 24/7 - Chào hè cùng BST SUNNY SUMMER Trang chủ Menu Chuyện của Thức Về chúng tôi Cửa hàng Chính sách thành viên Tuyển Dụng Liên Hệ Đăng Nhập Nhận tin khuyến mãi của Thức 1800 6230 info.thuccoffee247@gmail.com 1800 6230 Menu Chuyện của Thức Về chúng tôi Cửa hàng Chính sách thành viên Tuyển Dụng Liên Hệ Thức uống Tin tức Trang chủ Chuyện của Thức Chào hè cùng BST SUNNY SUMMER 21.06.2022 Chào hè cùng BST SUNNY SUMMER Toả sáng như ánh nắng chói chang ngày hè, những siêu phẩm trong","17",
"200","story-detail","/chuyen-cua-thuc/check-in-khoanh-khac-bat-ngay-voucher-s786t2/","http://www.thuccoffee.com.vn/chuyen-cua-thuc/check-in-khoanh-khac-bat-ngay-voucher-s786t2/","Thức Coffee - Open 24/7 - CHECK-IN KHOẢNH KHẮC, ""BẮT"" NGAY VOUCHER","H1: CHECK-IN KHOẢNH KHẮC, ""BẮT"" NGAY VOUCHER | H4: THỨC COFFEE - OPEN 24/7 Hotline: 1800 6230 | H4: © 2018. All Right Reserved. Thức Coffee","Thức Coffee - Open 24/7 - CHECK-IN KHOẢNH KHẮC, ""BẮT"" NGAY VOUCHER Trang chủ Menu Chuyện của Thức Về chúng tôi Cửa hàng Chính sách thành viên Tuyển Dụng Liên Hệ Đăng Nhập Nhận tin khuyến mãi của Thức 1800 6230 info.thuccoffee247@gmail.com 1800 6230 Menu Chuyện của Thức Về chúng tôi Cửa hàng Chính sách thành viên Tuyển Dụng Liên Hệ Thức uống Tin tức Trang chủ Chuyện của Thức CHECK-IN KHOẢNH KHẮC, ""BẮT"" NGAY VOUCHER 22.09.2020 CHECK-IN KHOẢNH KHẮC, ""BẮT"" NGAY VOUCHER Cả nhà đừng quên lên lịch nhữn","18",
"200","story-detail","/chuyen-cua-thuc/chia-se-bi-quyet-giup-tinh-tao-moi-buoi-hoc-online-s700t2/","http://www.thuccoffee.com.vn/chuyen-cua-thuc/chia-se-bi-quyet-giup-tinh-tao-moi-buoi-hoc-online-s700t2/","Thức Coffee - Open 24/7 - Chia sẻ bí quyết giúp tỉnh táo mỗi buổi học online","H1: Chia sẻ bí quyết giúp tỉnh táo mỗi buổi học online | H4: THỨC COFFEE - OPEN 24/7 Hotline: 1800 6230 | H4: © 2018. All Right Reserved. Thức Coffee","Thức Coffee - Open 24/7 - Chia sẻ bí quyết giúp tỉnh táo mỗi buổi học online Trang chủ Menu Chuyện của Thức Về chúng tôi Cửa hàng Chính sách thành viên Tuyển Dụng Liên Hệ Đăng Nhập Nhận tin khuyến mãi của Thức 1800 6230 info.thuccoffee247@gmail.com 1800 6230 Menu Chuyện của Thức Về chúng tôi Cửa hàng Chính sách thành viên Tuyển Dụng Liên Hệ Thức uống Tin tức Trang chủ Chuyện của Thức Chia sẻ bí quyết giúp tỉnh táo mỗi buổi học online 17.04.2020 Chia sẻ bí quyết giúp tỉnh táo mỗi buổi học online ","18",
"200","story-detail","/chuyen-cua-thuc/chuc-xuan-giap-thin-an-khang-thinh-vuong-van-su-cat-tuong-s1126t2/","http://www.thuccoffee.com.vn/chuyen-cua-thuc/chuc-xuan-giap-thin-an-khang-thinh-vuong-van-su-cat-tuong-s1126t2/","Thức Coffee - Open 24/7 - Chúc xuân Giáp Thìn - An Khang Thịnh Vượng - Vạn Sự Cát Tường","H1: Chúc xuân Giáp Thìn - An Khang Thịnh Vượng - Vạn Sự Cát Tường | H4: THỨC COFFEE - OPEN 24/7 Hotline: 1800 6230 | H4: © 2018. All Right Reserved. Thức Coffee","Thức Coffee - Open 24/7 - Chúc xuân Giáp Thìn - An Khang Thịnh Vượng - Vạn Sự Cát Tường Trang chủ Menu Chuyện của Thức Về chúng tôi Cửa hàng Chính sách thành viên Tuyển Dụng Liên Hệ Đăng Nhập Nhận tin khuyến mãi của Thức 1800 6230 info.thuccoffee247@gmail.com 1800 6230 Menu Chuyện của Thức Về chúng tôi Cửa hàng Chính sách thành viên Tuyển Dụng Liên Hệ Thức uống Tin tức Trang chủ Chuyện của Thức Chúc xuân Giáp Thìn - An Khang Thịnh Vượng - Vạn Sự Cát Tường 08.03.2024 Chúc xuân Giáp Thìn - An Khan","17",
"200","story-detail","/chuyen-cua-thuc/coco-coffee-iceblend-da-co-mat-tai-thuc-coffee-s1137t2/","http://www.thuccoffee.com.vn/chuyen-cua-thuc/coco-coffee-iceblend-da-co-mat-tai-thuc-coffee-s1137t2/","Thức Coffee - Open 24/7 - COCO COFFEE ICEBLEND - ĐÃ CÓ MẶT TẠI THỨC COFFEE","H1: COCO COFFEE ICEBLEND - ĐÃ CÓ MẶT TẠI THỨC COFFEE | H4: THỨC COFFEE - OPEN 24/7 Hotline: 1800 6230 | H4: © 2018. All Right Reserved. Thức Coffee","Thức Coffee - Open 24/7 - COCO COFFEE ICEBLEND - ĐÃ CÓ MẶT TẠI THỨC COFFEE Trang chủ Menu Chuyện của Thức Về chúng tôi Cửa hàng Chính sách thành viên Tuyển Dụng Liên Hệ Đăng Nhập Nhận tin khuyến mãi của Thức 1800 6230 info.thuccoffee247@gmail.com 1800 6230 Menu Chuyện của Thức Về chúng tôi Cửa hàng Chính sách thành viên Tuyển Dụng Liên Hệ Thức uống Tin tức Trang chủ Chuyện của Thức COCO COFFEE ICEBLEND - ĐÃ CÓ MẶT TẠI THỨC COFFEE 23.04.2024 COCO COFFEE ICEBLEND - ĐÃ CÓ MẶT TẠI THỨC COFFEE Một sự","17",
"200","story-detail","/chuyen-cua-thuc/cold-brew-da-co-mat-tai-thuc-coffee-s1381t2/","http://www.thuccoffee.com.vn/chuyen-cua-thuc/cold-brew-da-co-mat-tai-thuc-coffee-s1381t2/","Thức Coffee - Open 24/7 - COLD BREW ĐÃ CÓ MẶT TẠI THỨC COFFEE","H1: COLD BREW ĐÃ CÓ MẶT TẠI THỨC COFFEE | H4: THỨC COFFEE - OPEN 24/7 Hotline: 1800 6230 | H4: © 2018. All Right Reserved. Thức Coffee","Thức Coffee - Open 24/7 - COLD BREW ĐÃ CÓ MẶT TẠI THỨC COFFEE Trang chủ Menu Chuyện của Thức Về chúng tôi Cửa hàng Chính sách thành viên Tuyển Dụng Liên Hệ Đăng Nhập Nhận tin khuyến mãi của Thức 1800 6230 info.thuccoffee247@gmail.com 1800 6230 Menu Chuyện của Thức Về chúng tôi Cửa hàng Chính sách thành viên Tuyển Dụng Liên Hệ Thức uống Tin tức Trang chủ Chuyện của Thức COLD BREW ĐÃ CÓ MẶT TẠI THỨC COFFEE 03.09.2025 COLD BREW ĐÃ CÓ MẶT TẠI THỨC COFFEE Black Cold Brew với 100% Arabica nguyên chất,","17",
"200","story-detail","/chuyen-cua-thuc/cold-brew-origins-where-fresh-flavor-begin-%E2%9C%A8-s1454t2/","http://www.thuccoffee.com.vn/chuyen-cua-thuc/cold-brew-origins-where-fresh-flavor-begin-%E2%9C%A8-s1454t2/","Thức Coffee - Open 24/7 - COLD BREW ORIGINS - Where fresh flavor begin ✨","H1: COLD BREW ORIGINS - Where fresh flavor begin ✨ | H4: THỨC COFFEE - OPEN 24/7 Hotline: 1800 6230 | H4: © 2018. All Right Reserved. Thức Coffee","Thức Coffee - Open 24/7 - COLD BREW ORIGINS - Where fresh flavor begin ✨ Trang chủ Menu Chuyện của Thức Về chúng tôi Cửa hàng Chính sách thành viên Tuyển Dụng Liên Hệ Đăng Nhập Nhận tin khuyến mãi của Thức 1800 6230 info.thuccoffee247@gmail.com 1800 6230 Menu Chuyện của Thức Về chúng tôi Cửa hàng Chính sách thành viên Tuyển Dụng Liên Hệ Thức uống Tin tức Trang chủ Chuyện của Thức COLD BREW ORIGINS - Where fresh flavor begin ✨ 25.03.2026 COLD BREW ORIGINS - Where fresh flavor begin ✨ ✨ COLD BREW ","17",
"200","story-detail","/chuyen-cua-thuc/combo-chao-he-da-co-mat-tai-thuc-coffee-s917t2/","http://www.thuccoffee.com.vn/chuyen-cua-thuc/combo-chao-he-da-co-mat-tai-thuc-coffee-s917t2/","Thức Coffee - Open 24/7 - COMBO CHÀO HÈ đã có mặt tại Thức Coffee","H1: COMBO CHÀO HÈ đã có mặt tại Thức Coffee | H4: THỨC COFFEE - OPEN 24/7 Hotline: 1800 6230 | H4: © 2018. All Right Reserved. Thức Coffee","Thức Coffee - Open 24/7 - COMBO CHÀO HÈ đã có mặt tại Thức Coffee Trang chủ Menu Chuyện của Thức Về chúng tôi Cửa hàng Chính sách thành viên Tuyển Dụng Liên Hệ Đăng Nhập Nhận tin khuyến mãi của Thức 1800 6230 info.thuccoffee247@gmail.com 1800 6230 Menu Chuyện của Thức Về chúng tôi Cửa hàng Chính sách thành viên Tuyển Dụng Liên Hệ Thức uống Tin tức Trang chủ Chuyện của Thức COMBO CHÀO HÈ đã có mặt tại Thức Coffee 21.06.2022 COMBO CHÀO HÈ đã có mặt tại Thức Coffee Hôm nay là một ngày đẹp trời, Thứ","17",
"200","story-detail","/chuyen-cua-thuc/combo-doan-vien-don-tet-trung-thu-an-yen-s1058t2/","http://www.thuccoffee.com.vn/chuyen-cua-thuc/combo-doan-vien-don-tet-trung-thu-an-yen-s1058t2/","Thức Coffee - Open 24/7 - COMBO ĐOÀN VIÊN đón Tết Trung Thu an yên","H1: COMBO ĐOÀN VIÊN đón Tết Trung Thu an yên | H4: THỨC COFFEE - OPEN 24/7 Hotline: 1800 6230 | H4: © 2018. All Right Reserved. Thức Coffee","Thức Coffee - Open 24/7 - COMBO ĐOÀN VIÊN đón Tết Trung Thu an yên Trang chủ Menu Chuyện của Thức Về chúng tôi Cửa hàng Chính sách thành viên Tuyển Dụng Liên Hệ Đăng Nhập Nhận tin khuyến mãi của Thức 1800 6230 info.thuccoffee247@gmail.com 1800 6230 Menu Chuyện của Thức Về chúng tôi Cửa hàng Chính sách thành viên Tuyển Dụng Liên Hệ Thức uống Tin tức Trang chủ Chuyện của Thức COMBO ĐOÀN VIÊN đón Tết Trung Thu an yên 28.08.2023 COMBO ĐOÀN VIÊN đón Tết Trung Thu an yên Mùa trăng năm nay sẽ trọn vẹn ","17",
"200","story-detail","/chuyen-cua-thuc/combo-tron-nang-chi-99k-s1136t2/","http://www.thuccoffee.com.vn/chuyen-cua-thuc/combo-tron-nang-chi-99k-s1136t2/","Thức Coffee - Open 24/7 - COMBO TRỐN NẮNG CHỈ 99K","H1: COMBO TRỐN NẮNG CHỈ 99K | H4: THỨC COFFEE - OPEN 24/7 Hotline: 1800 6230 | H4: © 2018. All Right Reserved. Thức Coffee","Thức Coffee - Open 24/7 - COMBO TRỐN NẮNG CHỈ 99K Trang chủ Menu Chuyện của Thức Về chúng tôi Cửa hàng Chính sách thành viên Tuyển Dụng Liên Hệ Đăng Nhập Nhận tin khuyến mãi của Thức 1800 6230 info.thuccoffee247@gmail.com 1800 6230 Menu Chuyện của Thức Về chúng tôi Cửa hàng Chính sách thành viên Tuyển Dụng Liên Hệ Thức uống Tin tức Trang chủ Chuyện của Thức COMBO TRỐN NẮNG CHỈ 99K 23.04.2024 COMBO TRỐN NẮNG CHỈ 99K Kết thúc ưu đãi GIÁ DÙNG THỬ, chúng mình cùng chào đón COMBO TRỐN NẮNG chỉ 99K. M","17",
"200","story-detail","/chuyen-cua-thuc/cuc-khai-phu-quy-tron-vi-doan-vien-s1383t2/","http://www.thuccoffee.com.vn/chuyen-cua-thuc/cuc-khai-phu-quy-tron-vi-doan-vien-s1383t2/","Thức Coffee - Open 24/7 - CÚC KHAI PHÚ QUÝ - TRỌN VỊ ĐOÀN VIÊN","H1: CÚC KHAI PHÚ QUÝ - TRỌN VỊ ĐOÀN VIÊN | H4: THỨC COFFEE - OPEN 24/7 Hotline: 1800 6230 | H4: © 2018. All Right Reserved. Thức Coffee","Thức Coffee - Open 24/7 - CÚC KHAI PHÚ QUÝ - TRỌN VỊ ĐOÀN VIÊN Trang chủ Menu Chuyện của Thức Về chúng tôi Cửa hàng Chính sách thành viên Tuyển Dụng Liên Hệ Đăng Nhập Nhận tin khuyến mãi của Thức 1800 6230 info.thuccoffee247@gmail.com 1800 6230 Menu Chuyện của Thức Về chúng tôi Cửa hàng Chính sách thành viên Tuyển Dụng Liên Hệ Thức uống Tin tức Trang chủ Chuyện của Thức CÚC KHAI PHÚ QUÝ - TRỌN VỊ ĐOÀN VIÊN 03.09.2025 CÚC KHAI PHÚ QUÝ - TRỌN VỊ ĐOÀN VIÊN ""Nàng thu"" đã về đến cửa, cúc khai nở rộ đ","17",
"200","story-detail","/chuyen-cua-thuc/cuoi-gion-tan-nhai-rom-ra-cho-cau-chuyen-tron-ven-ha--s751t2/","http://www.thuccoffee.com.vn/chuyen-cua-thuc/cuoi-gion-tan-nhai-rom-ra-cho-cau-chuyen-tron-ven-ha--s751t2/","Thức Coffee - Open 24/7 - Cười giòn tan, nhai rôm rả cho câu chuyện trọn vẹn ha!","H1: Cười giòn tan, nhai rôm rả cho câu chuyện trọn vẹn ha! | H4: THỨC COFFEE - OPEN 24/7 Hotline: 1800 6230 | H4: © 2018. All Right Reserved. Thức Coffee","Thức Coffee - Open 24/7 - Cười giòn tan, nhai rôm rả cho câu chuyện trọn vẹn ha! Trang chủ Menu Chuyện của Thức Về chúng tôi Cửa hàng Chính sách thành viên Tuyển Dụng Liên Hệ Đăng Nhập Nhận tin khuyến mãi của Thức 1800 6230 info.thuccoffee247@gmail.com 1800 6230 Menu Chuyện của Thức Về chúng tôi Cửa hàng Chính sách thành viên Tuyển Dụng Liên Hệ Thức uống Tin tức Trang chủ Chuyện của Thức Cười giòn tan, nhai rôm rả cho câu chuyện trọn vẹn ha! 20.06.2020 Cười giòn tan, nhai rôm rả cho câu chuyện t","17",
"200","story-detail","/chuyen-cua-thuc/cuoi-tuan-mua-2-tang-1--s705t2/","http://www.thuccoffee.com.vn/chuyen-cua-thuc/cuoi-tuan-mua-2-tang-1--s705t2/","Thức Coffee - Open 24/7 - CUỐI TUẦN ""MUA 2 TẶNG 1""","H1: CUỐI TUẦN ""MUA 2 TẶNG 1"" | H4: THỨC COFFEE - OPEN 24/7 Hotline: 1800 6230 | H4: © 2018. All Right Reserved. Thức Coffee","Thức Coffee - Open 24/7 - CUỐI TUẦN ""MUA 2 TẶNG 1"" Trang chủ Menu Chuyện của Thức Về chúng tôi Cửa hàng Chính sách thành viên Tuyển Dụng Liên Hệ Đăng Nhập Nhận tin khuyến mãi của Thức 1800 6230 info.thuccoffee247@gmail.com 1800 6230 Menu Chuyện của Thức Về chúng tôi Cửa hàng Chính sách thành viên Tuyển Dụng Liên Hệ Thức uống Tin tức Trang chủ Chuyện của Thức CUỐI TUẦN ""MUA 2 TẶNG 1"" 18.04.2020 CUỐI TUẦN ""MUA 2 TẶNG 1"" 🎶🎶🎶 Cho hỏi là mấy giờ rồi vậy cà? Anh shipper à, anh shipper ơi! Mới đặt g","18",
"200","story-detail","/chuyen-cua-thuc/dang-tinh-up-hinh-ly-mojito-du-do-cac-ban-ghe-thuc-s14t2/","http://www.thuccoffee.com.vn/chuyen-cua-thuc/dang-tinh-up-hinh-ly-mojito-du-do-cac-ban-ghe-thuc-s14t2/","Thức Coffee - Open 24/7 - Đang tính up hình ly mojito dụ dỗ các bạn ghé Thức","H1: Đang tính up hình ly mojito dụ dỗ các bạn ghé Thức | H4: THỨC COFFEE - OPEN 24/7 Hotline: 1800 6230 | H4: © 2018. All Right Reserved. Thức Coffee","Thức Coffee - Open 24/7 - Đang tính up hình ly mojito dụ dỗ các bạn ghé Thức Trang chủ Menu Chuyện của Thức Về chúng tôi Cửa hàng Chính sách thành viên Tuyển Dụng Liên Hệ Đăng Nhập Nhận tin khuyến mãi của Thức 1800 6230 info.thuccoffee247@gmail.com 1800 6230 Menu Chuyện của Thức Về chúng tôi Cửa hàng Chính sách thành viên Tuyển Dụng Liên Hệ Thức uống Tin tức Trang chủ Chuyện của Thức Đang tính up hình ly mojito dụ dỗ các bạn ghé Thức 27.05.2018 Đang tính up hình ly mojito dụ dỗ các bạn ghé Thức ","17",
"200","story-detail","/chuyen-cua-thuc/da-sang-dang-xinh-song-khoe-mua-corona-s673t2/","http://www.thuccoffee.com.vn/chuyen-cua-thuc/da-sang-dang-xinh-song-khoe-mua-corona-s673t2/","Thức Coffee - Open 24/7 - DA SÁNG, DÁNG XINH, SỐNG KHỎE MÙA CORONA","H1: DA SÁNG, DÁNG XINH, SỐNG KHỎE MÙA CORONA | H4: THỨC COFFEE - OPEN 24/7 Hotline: 1800 6230 | H4: © 2018. All Right Reserved. Thức Coffee","Thức Coffee - Open 24/7 - DA SÁNG, DÁNG XINH, SỐNG KHỎE MÙA CORONA Trang chủ Menu Chuyện của Thức Về chúng tôi Cửa hàng Chính sách thành viên Tuyển Dụng Liên Hệ Đăng Nhập Nhận tin khuyến mãi của Thức 1800 6230 info.thuccoffee247@gmail.com 1800 6230 Menu Chuyện của Thức Về chúng tôi Cửa hàng Chính sách thành viên Tuyển Dụng Liên Hệ Thức uống Tin tức Trang chủ Chuyện của Thức DA SÁNG, DÁNG XINH, SỐNG KHỎE MÙA CORONA 11.02.2020 DA SÁNG, DÁNG XINH, SỐNG KHỎE MÙA CORONA 👉 Giữa tình hình dịch bệnh Co","17",
"200","story-detail","/chuyen-cua-thuc/dat-giao-hang-nhan-uu-dai-x3-s691t2/","http://www.thuccoffee.com.vn/chuyen-cua-thuc/dat-giao-hang-nhan-uu-dai-x3-s691t2/","Thức Coffee - Open 24/7 - ĐẶT GIAO HÀNG NHẬN ƯU ĐÃI X3","H1: ĐẶT GIAO HÀNG NHẬN ƯU ĐÃI X3 | H4: THỨC COFFEE - OPEN 24/7 Hotline: 1800 6230 | H4: © 2018. All Right Reserved. Thức Coffee","Thức Coffee - Open 24/7 - ĐẶT GIAO HÀNG NHẬN ƯU ĐÃI X3 Trang chủ Menu Chuyện của Thức Về chúng tôi Cửa hàng Chính sách thành viên Tuyển Dụng Liên Hệ Đăng Nhập Nhận tin khuyến mãi của Thức 1800 6230 info.thuccoffee247@gmail.com 1800 6230 Menu Chuyện của Thức Về chúng tôi Cửa hàng Chính sách thành viên Tuyển Dụng Liên Hệ Thức uống Tin tức Trang chủ Chuyện của Thức ĐẶT GIAO HÀNG NHẬN ƯU ĐÃI X3 27.03.2020 ĐẶT GIAO HÀNG NHẬN ƯU ĐÃI X3 Chẳng lo về giá, Chẳng ngại đường xa! Thức ship tận nơi, Bánh - Tr","17",
"200","story-detail","/chuyen-cua-thuc/dat-hang-de-dang-uu-dai-vang-20-toan-menu-s980t2/","http://www.thuccoffee.com.vn/chuyen-cua-thuc/dat-hang-de-dang-uu-dai-vang-20-toan-menu-s980t2/","Thức Coffee - Open 24/7 - ĐẶT HÀNG DỄ DÀNG - ƯU ĐÃI VÀNG 20% TOÀN MENU","H1: ĐẶT HÀNG DỄ DÀNG - ƯU ĐÃI VÀNG 20% TOÀN MENU | H4: THỨC COFFEE - OPEN 24/7 Hotline: 1800 6230 | H4: © 2018. All Right Reserved. Thức Coffee","Thức Coffee - Open 24/7 - ĐẶT HÀNG DỄ DÀNG - ƯU ĐÃI VÀNG 20% TOÀN MENU Trang chủ Menu Chuyện của Thức Về chúng tôi Cửa hàng Chính sách thành viên Tuyển Dụng Liên Hệ Đăng Nhập Nhận tin khuyến mãi của Thức 1800 6230 info.thuccoffee247@gmail.com 1800 6230 Menu Chuyện của Thức Về chúng tôi Cửa hàng Chính sách thành viên Tuyển Dụng Liên Hệ Thức uống Tin tức Trang chủ Chuyện của Thức ĐẶT HÀNG DỄ DÀNG - ƯU ĐÃI VÀNG 20% TOÀN MENU 11.03.2023 ĐẶT HÀNG DỄ DÀNG - ƯU ĐÃI VÀNG 20% TOÀN MENU QUÉT QR CODE ĐẶT T","17",
"200","story-detail","/chuyen-cua-thuc/dau-nam-hai-loc-ca-nam-phat-tai-s1124t2/","http://www.thuccoffee.com.vn/chuyen-cua-thuc/dau-nam-hai-loc-ca-nam-phat-tai-s1124t2/","Thức Coffee - Open 24/7 - ĐẦU NĂM HÁI LỘC, CẢ NĂM PHÁT TÀI","H1: ĐẦU NĂM HÁI LỘC, CẢ NĂM PHÁT TÀI | H4: THỨC COFFEE - OPEN 24/7 Hotline: 1800 6230 | H4: © 2018. All Right Reserved. Thức Coffee","Thức Coffee - Open 24/7 - ĐẦU NĂM HÁI LỘC, CẢ NĂM PHÁT TÀI Trang chủ Menu Chuyện của Thức Về chúng tôi Cửa hàng Chính sách thành viên Tuyển Dụng Liên Hệ Đăng Nhập Nhận tin khuyến mãi của Thức 1800 6230 info.thuccoffee247@gmail.com 1800 6230 Menu Chuyện của Thức Về chúng tôi Cửa hàng Chính sách thành viên Tuyển Dụng Liên Hệ Thức uống Tin tức Trang chủ Chuyện của Thức ĐẦU NĂM HÁI LỘC, CẢ NĂM PHÁT TÀI 08.03.2024 ĐẦU NĂM HÁI LỘC, CẢ NĂM PHÁT TÀI Cầu một năm mới sung túc an khang, Thức Coffee có chươ","17",
"200","story-detail","/chuyen-cua-thuc/deadline-overnight-van-tran-day-nang-luong-cung-combo-tinh-tao-s1476t2/","http://www.thuccoffee.com.vn/chuyen-cua-thuc/deadline-overnight-van-tran-day-nang-luong-cung-combo-tinh-tao-s1476t2/","Thức Coffee - Open 24/7 - DEADLINE OVERNIGHT VẪN TRÀN ĐẦY NĂNG LƯỢNG CÙNG COMBO TỈNH TÁO","H1: DEADLINE OVERNIGHT VẪN TRÀN ĐẦY NĂNG LƯỢNG CÙNG COMBO TỈNH TÁO | H4: THỨC COFFEE - OPEN 24/7 Hotline: 1800 6230 | H4: © 2018. All Right Reserved. Thức Coffee","Thức Coffee - Open 24/7 - DEADLINE OVERNIGHT VẪN TRÀN ĐẦY NĂNG LƯỢNG CÙNG COMBO TỈNH TÁO Trang chủ Menu Chuyện của Thức Về chúng tôi Cửa hàng Chính sách thành viên Tuyển Dụng Liên Hệ Đăng Nhập Nhận tin khuyến mãi của Thức 1800 6230 info.thuccoffee247@gmail.com 1800 6230 Menu Chuyện của Thức Về chúng tôi Cửa hàng Chính sách thành viên Tuyển Dụng Liên Hệ Thức uống Tin tức Trang chủ Chuyện của Thức DEADLINE OVERNIGHT VẪN TRÀN ĐẦY NĂNG LƯỢNG CÙNG COMBO TỈNH TÁO 02.06.2026 DEADLINE OVERNIGHT VẪN TRÀN","17",
"200","story-detail","/chuyen-cua-thuc/deal-ngon-phai-co-ban-hien-order-ca-nhom-thuc-moi-lien-20-%F0%9F%8E%8A-s778t2/","http://www.thuccoffee.com.vn/chuyen-cua-thuc/deal-ngon-phai-co-ban-hien-order-ca-nhom-thuc-moi-lien-20-%F0%9F%8E%8A-s778t2/","Thức Coffee - Open 24/7 - Deal ngon phải có bạn hiền - Order cả nhóm, Thức mời liền 20% &#127882;","H1: Deal ngon phải có bạn hiền - Order cả nhóm, Thức mời liền 20% &#127882; | H4: THỨC COFFEE - OPEN 24/7 Hotline: 1800 6230 | H4: © 2018. All Right Reserved. Thức Coffee","Thức Coffee - Open 24/7 - Deal ngon phải có bạn hiền - Order cả nhóm, Thức mời liền 20% &#127882; Trang chủ Menu Chuyện của Thức Về chúng tôi Cửa hàng Chính sách thành viên Tuyển Dụng Liên Hệ Đăng Nhập Nhận tin khuyến mãi của Thức 1800 6230 info.thuccoffee247@gmail.com 1800 6230 Menu Chuyện của Thức Về chúng tôi Cửa hàng Chính sách thành viên Tuyển Dụng Liên Hệ Thức uống Tin tức Trang chủ Chuyện của Thức Deal ngon phải có bạn hiền - Order cả nhóm, Thức mời liền 20% &#127882; 11.08.2020 Deal ngon","17",
"200","story-detail","/chuyen-cua-thuc/deal-on-day-chill-all-day-s1468t2/","http://www.thuccoffee.com.vn/chuyen-cua-thuc/deal-on-day-chill-all-day-s1468t2/","Thức Coffee - Open 24/7 - Deal on Day - Chill all Day","H1: Deal on Day - Chill all Day | H4: THỨC COFFEE - OPEN 24/7 Hotline: 1800 6230 | H4: © 2018. All Right Reserved. Thức Coffee","Thức Coffee - Open 24/7 - Deal on Day - Chill all Day Trang chủ Menu Chuyện của Thức Về chúng tôi Cửa hàng Chính sách thành viên Tuyển Dụng Liên Hệ Đăng Nhập Nhận tin khuyến mãi của Thức 1800 6230 info.thuccoffee247@gmail.com 1800 6230 Menu Chuyện của Thức Về chúng tôi Cửa hàng Chính sách thành viên Tuyển Dụng Liên Hệ Thức uống Tin tức Trang chủ Chuyện của Thức Deal on Day - Chill all Day 06.06.2026 Deal on Day - Chill all Day Deal đã sẵn sàng chỉ chờ bạn hàng tuần ghé Thức ""get deal"", cùng thưở","17",
"200","story-detail","/chuyen-cua-thuc/den-%F0%9D%91%AE%F0%9D%92%8A%F0%9D%92%90%CC%9B%CC%80-%F0%9D%92%97%F0%9D%92%82%CC%80%F0%9D%92%8F%F0%9D%92%88-goi-%F0%9D%91%BB%F0%9D%92%89%F0%9D%92%96%CC%9B%CC%81%F0%9D%92%84-%F0%9D%92%88%F0%9D%92%8A%F0%9D%92%82%F0%9D%92%90-%F0%9D%92%89%F0%9D%92%82%CC%80%F0%9D%92%8F%F0%9D%92%88-%F0%9D%92%8F%F0%9D%92%88%F0%9D%92%82%CC%A3%CC%82%F0%9D%92%91-%F0%9D%92%95%F0%9D%92%93%F0%9D%92%82%CC%80%F0%9D%92%8F-%F0%9D%92%96%CC%9B%F0%9D%92%96-d%F0%9D%92%82%CC%83%F0%9D%92%8A-%F0%9F%98%8D-s539t2/","http://www.thuccoffee.com.vn/chuyen-cua-thuc/den-%F0%9D%91%AE%F0%9D%92%8A%F0%9D%92%90%CC%9B%CC%80-%F0%9D%92%97%F0%9D%92%82%CC%80%F0%9D%92%8F%F0%9D%92%88-goi-%F0%9D%91%BB%F0%9D%92%89%F0%9D%92%96%CC%9B%CC%81%F0%9D%92%84-%F0%9D%92%88%F0%9D%92%8A%F0%9D%92%82%F0%9D%92%90-%F0%9D%92%89%F0%9D%92%82%CC%80%F0%9D%92%8F%F0%9D%92%88-%F0%9D%92%8F%F0%9D%92%88%F0%9D%92%82%CC%A3%CC%82%F0%9D%92%91-%F0%9D%92%95%F0%9D%92%93%F0%9D%92%82%CC%80%F0%9D%92%8F-%F0%9D%92%96%CC%9B%F0%9D%92%96-d%F0%9D%92%82%CC%83%F0%9D%92%8A-%F0%9F%98%8D-s539t2/","Thức Coffee - Open 24/7 - Đến ""&#119918;&#119946;&#119952;̛̀ &#119959;&#119938;̀&#119951;&#119944;"", gọi &#119931;&#119945;&#119958;̛́&#119940; &#119944;&#119946;&#119938;&#119952; &#119945;&#119938;̀&#119951;&#119944; - &#119951;&#119944;&#119938;̣̂&#119953; &#119957;&#119955;&#119938;̀&#119951; &#119958;̛&#119958; đ&#119938;̃&#119946; &#128525;","H1: Đến ""&#119918;&#119946;&#119952;̛̀ &#119959;&#119938;̀&#119951;&#119944;"", gọi &#119931;&#119945;&#119958;̛́&#119940; &#119944;&#119946;&#119938;&#119952; &#119945;&#119938;̀&#119951;&#119944; - &#119951;&#119944;&#119938;̣̂&#119953; &#119957;&#119955;&#119938;̀&#119951; &#119958;̛&#119958; đ&#119938;̃&#119946; &#128525; | H4: THỨC COFFEE - OPEN 24/7 Hotline: 1800 6230 | H4: © 2018. All Right Reserved. Thức Coffee","Thức Coffee - Open 24/7 - Đến ""&#119918;&#119946;&#119952;̛̀ &#119959;&#119938;̀&#119951;&#119944;"", gọi &#119931;&#119945;&#119958;̛́&#119940; &#119944;&#119946;&#119938;&#119952; &#119945;&#119938;̀&#119951;&#119944; - &#119951;&#119944;&#119938;̣̂&#119953; &#119957;&#119955;&#119938;̀&#119951; &#119958;̛&#119958; đ&#119938;̃&#119946; &#128525; Trang chủ Menu Chuyện của Thức Về chúng tôi Cửa hàng Chính sách thành viên Tuyển Dụng Liên Hệ Đăng Nhập Nhận tin khuyến mãi của Thức 1800 6230 info.thu","17",
"200","story-detail","/chuyen-cua-thuc/doi-diem-tich-luy-nhan-qua-het-y-s1036t2/","http://www.thuccoffee.com.vn/chuyen-cua-thuc/doi-diem-tich-luy-nhan-qua-het-y-s1036t2/","Thức Coffee - Open 24/7 - ĐỔI ĐIỂM TÍCH LŨY NHẬN QUÀ HẾT Ý","H1: ĐỔI ĐIỂM TÍCH LŨY NHẬN QUÀ HẾT Ý | H4: THỨC COFFEE - OPEN 24/7 Hotline: 1800 6230 | H4: © 2018. All Right Reserved. Thức Coffee","Thức Coffee - Open 24/7 - ĐỔI ĐIỂM TÍCH LŨY NHẬN QUÀ HẾT Ý Trang chủ Menu Chuyện của Thức Về chúng tôi Cửa hàng Chính sách thành viên Tuyển Dụng Liên Hệ Đăng Nhập Nhận tin khuyến mãi của Thức 1800 6230 info.thuccoffee247@gmail.com 1800 6230 Menu Chuyện của Thức Về chúng tôi Cửa hàng Chính sách thành viên Tuyển Dụng Liên Hệ Thức uống Tin tức Trang chủ Chuyện của Thức ĐỔI ĐIỂM TÍCH LŨY NHẬN QUÀ HẾT Ý 07.08.2023 ĐỔI ĐIỂM TÍCH LŨY NHẬN QUÀ HẾT Ý 🎉🎉 Tin thiệt hot cho thành viên ""cứng"" của nhà Thức ","17",
"200","story-detail","/chuyen-cua-thuc/don-tet-du-day-%E2%80%93-van-deal-ngat-ngay--s1367t2/","http://www.thuccoffee.com.vn/chuyen-cua-thuc/don-tet-du-day-%E2%80%93-van-deal-ngat-ngay--s1367t2/","Thức Coffee - Open 24/7 - ĐÓN TẾT ĐỦ ĐẦY – VẠN DEAL NGẤT NGÂY!","H1: ĐÓN TẾT ĐỦ ĐẦY – VẠN DEAL NGẤT NGÂY! | H4: THỨC COFFEE - OPEN 24/7 Hotline: 1800 6230 | H4: © 2018. All Right Reserved. Thức Coffee","Thức Coffee - Open 24/7 - ĐÓN TẾT ĐỦ ĐẦY – VẠN DEAL NGẤT NGÂY! Trang chủ Menu Chuyện của Thức Về chúng tôi Cửa hàng Chính sách thành viên Tuyển Dụng Liên Hệ Đăng Nhập Nhận tin khuyến mãi của Thức 1800 6230 info.thuccoffee247@gmail.com 1800 6230 Menu Chuyện của Thức Về chúng tôi Cửa hàng Chính sách thành viên Tuyển Dụng Liên Hệ Thức uống Tin tức Trang chủ Chuyện của Thức ĐÓN TẾT ĐỦ ĐẦY – VẠN DEAL NGẤT NGÂY! 24.01.2025 ĐÓN TẾT ĐỦ ĐẦY – VẠN DEAL NGẤT NGÂY! Thức Coffee cùng VNPAY mang deal về cho bạ","17",
"200","story-detail","/chuyen-cua-thuc/-event-cung-thuc-mung-sinh-nhat-lan-07-s626t2/","http://www.thuccoffee.com.vn/chuyen-cua-thuc/-event-cung-thuc-mung-sinh-nhat-lan-07-s626t2/","Thức Coffee - Open 24/7 - [Event] Cùng Thức mừng sinh nhật lần 07","H1: [Event] Cùng Thức mừng sinh nhật lần 07 | H4: THỨC COFFEE - OPEN 24/7 Hotline: 1800 6230 | H4: © 2018. All Right Reserved. Thức Coffee","Thức Coffee - Open 24/7 - [Event] Cùng Thức mừng sinh nhật lần 07 Trang chủ Menu Chuyện của Thức Về chúng tôi Cửa hàng Chính sách thành viên Tuyển Dụng Liên Hệ Đăng Nhập Nhận tin khuyến mãi của Thức 1800 6230 info.thuccoffee247@gmail.com 1800 6230 Menu Chuyện của Thức Về chúng tôi Cửa hàng Chính sách thành viên Tuyển Dụng Liên Hệ Thức uống Tin tức Trang chủ Chuyện của Thức [Event] Cùng Thức mừng sinh nhật lần 07 28.09.2019 [Event] Cùng Thức mừng sinh nhật lần 07 Chớp mắt đã tròn 7 năm kể từ ngày","17",
"200","story-detail","/chuyen-cua-thuc/ghe-thuc-coffee-khong-biet-chon-mon-gi--s1075t2/","http://www.thuccoffee.com.vn/chuyen-cua-thuc/ghe-thuc-coffee-khong-biet-chon-mon-gi--s1075t2/","Thức Coffee - Open 24/7 - Ghé Thức Coffee không biết chọn món gì?","H1: Ghé Thức Coffee không biết chọn món gì? | H4: THỨC COFFEE - OPEN 24/7 Hotline: 1800 6230 | H4: © 2018. All Right Reserved. Thức Coffee","Thức Coffee - Open 24/7 - Ghé Thức Coffee không biết chọn món gì? Trang chủ Menu Chuyện của Thức Về chúng tôi Cửa hàng Chính sách thành viên Tuyển Dụng Liên Hệ Đăng Nhập Nhận tin khuyến mãi của Thức 1800 6230 info.thuccoffee247@gmail.com 1800 6230 Menu Chuyện của Thức Về chúng tôi Cửa hàng Chính sách thành viên Tuyển Dụng Liên Hệ Thức uống Tin tức Trang chủ Chuyện của Thức Ghé Thức Coffee không biết chọn món gì? 30.10.2023 Ghé Thức Coffee không biết chọn món gì? Thử ngay 5 món MUST TRY dưới đây ","17",
"200","story-detail","/chuyen-cua-thuc/ghe-thuc-san-%E2%80%9C-ma-%E2%80%9C-%E2%80%93-loc-tet-that-da--s1425t2/","http://www.thuccoffee.com.vn/chuyen-cua-thuc/ghe-thuc-san-%E2%80%9C-ma-%E2%80%9C-%E2%80%93-loc-tet-that-da--s1425t2/","Thức Coffee - Open 24/7 - GHÉ THỨC SĂN “ MÃ “ – LỘC TẾT THẬT ĐÃ!","H1: GHÉ THỨC SĂN “ MÃ “ – LỘC TẾT THẬT ĐÃ! | H4: THỨC COFFEE - OPEN 24/7 Hotline: 1800 6230 | H4: © 2018. All Right Reserved. Thức Coffee","Thức Coffee - Open 24/7 - GHÉ THỨC SĂN “ MÃ “ – LỘC TẾT THẬT ĐÃ! Trang chủ Menu Chuyện của Thức Về chúng tôi Cửa hàng Chính sách thành viên Tuyển Dụng Liên Hệ Đăng Nhập Nhận tin khuyến mãi của Thức 1800 6230 info.thuccoffee247@gmail.com 1800 6230 Menu Chuyện của Thức Về chúng tôi Cửa hàng Chính sách thành viên Tuyển Dụng Liên Hệ Thức uống Tin tức Trang chủ Chuyện của Thức GHÉ THỨC SĂN “ MÃ “ – LỘC TẾT THẬT ĐÃ! 21.01.2026 GHÉ THỨC SĂN “ MÃ “ – LỘC TẾT THẬT ĐÃ! Khai xuân rạng rỡ cùng BST VỊ XUÂN N","17",
"200","story-detail","/chuyen-cua-thuc/-giam-20-x-freeship-dat-hang-ngay-thuc-giao-lien-tay-s680t2/","http://www.thuccoffee.com.vn/chuyen-cua-thuc/-giam-20-x-freeship-dat-hang-ngay-thuc-giao-lien-tay-s680t2/","Thức Coffee - Open 24/7 - [GIẢM 20% x FREESHIP] ĐẶT HÀNG NGAY, THỨC GIAO LIỀN TAY","H1: [GIẢM 20% x FREESHIP] ĐẶT HÀNG NGAY, THỨC GIAO LIỀN TAY | H4: THỨC COFFEE - OPEN 24/7 Hotline: 1800 6230 | H4: © 2018. All Right Reserved. Thức Coffee","Thức Coffee - Open 24/7 - [GIẢM 20% x FREESHIP] ĐẶT HÀNG NGAY, THỨC GIAO LIỀN TAY Trang chủ Menu Chuyện của Thức Về chúng tôi Cửa hàng Chính sách thành viên Tuyển Dụng Liên Hệ Đăng Nhập Nhận tin khuyến mãi của Thức 1800 6230 info.thuccoffee247@gmail.com 1800 6230 Menu Chuyện của Thức Về chúng tôi Cửa hàng Chính sách thành viên Tuyển Dụng Liên Hệ Thức uống Tin tức Trang chủ Chuyện của Thức [GIẢM 20% x FREESHIP] ĐẶT HÀNG NGAY, THỨC GIAO LIỀN TAY 16.03.2020 [GIẢM 20% x FREESHIP] ĐẶT HÀNG NGAY, THỨC","17",
"200","story-detail","/chuyen-cua-thuc/giam-30-cho-khach-hang-co-ngay-sinh-nhat-tu-10-10-16-10--s953t2/","http://www.thuccoffee.com.vn/chuyen-cua-thuc/giam-30-cho-khach-hang-co-ngay-sinh-nhat-tu-10-10-16-10--s953t2/","Thức Coffee - Open 24/7 - GIẢM 30% CHO KHÁCH HÀNG CÓ NGÀY SINH NHẬT TỪ 10/10-16/10.","H1: GIẢM 30% CHO KHÁCH HÀNG CÓ NGÀY SINH NHẬT TỪ 10/10-16/10. | H4: THỨC COFFEE - OPEN 24/7 Hotline: 1800 6230 | H4: © 2018. All Right Reserved. Thức Coffee","Thức Coffee - Open 24/7 - GIẢM 30% CHO KHÁCH HÀNG CÓ NGÀY SINH NHẬT TỪ 10/10-16/10. Trang chủ Menu Chuyện của Thức Về chúng tôi Cửa hàng Chính sách thành viên Tuyển Dụng Liên Hệ Đăng Nhập Nhận tin khuyến mãi của Thức 1800 6230 info.thuccoffee247@gmail.com 1800 6230 Menu Chuyện của Thức Về chúng tôi Cửa hàng Chính sách thành viên Tuyển Dụng Liên Hệ Thức uống Tin tức Trang chủ Chuyện của Thức GIẢM 30% CHO KHÁCH HÀNG CÓ NGÀY SINH NHẬT TỪ 10/10-16/10. 17.10.2022 GIẢM 30% CHO KHÁCH HÀNG CÓ NGÀY SINH ","17",
"200","story-detail","/chuyen-cua-thuc/goi-dat-hang-ngay-thuc-giao-lien-tay-s486t2/","http://www.thuccoffee.com.vn/chuyen-cua-thuc/goi-dat-hang-ngay-thuc-giao-lien-tay-s486t2/","Thức Coffee - Open 24/7 - GỌI ĐẶT HÀNG NGAY - THỨC GIAO LIỀN TAY","H1: GỌI ĐẶT HÀNG NGAY - THỨC GIAO LIỀN TAY | H4: THỨC COFFEE - OPEN 24/7 Hotline: 1800 6230 | H4: © 2018. All Right Reserved. Thức Coffee","Thức Coffee - Open 24/7 - GỌI ĐẶT HÀNG NGAY - THỨC GIAO LIỀN TAY Trang chủ Menu Chuyện của Thức Về chúng tôi Cửa hàng Chính sách thành viên Tuyển Dụng Liên Hệ Đăng Nhập Nhận tin khuyến mãi của Thức 1800 6230 info.thuccoffee247@gmail.com 1800 6230 Menu Chuyện của Thức Về chúng tôi Cửa hàng Chính sách thành viên Tuyển Dụng Liên Hệ Thức uống Tin tức Trang chủ Chuyện của Thức GỌI ĐẶT HÀNG NGAY - THỨC GIAO LIỀN TAY 19.12.2018 GỌI ĐẶT HÀNG NGAY - THỨC GIAO LIỀN TAY GỌI ĐẶT HÀNG NGAY - THỨC GIAO LIỀN T","17",
"200","story-detail","/chuyen-cua-thuc/goi-nuoc-khong-kho-vi-da-co-voucher-s730t2/","http://www.thuccoffee.com.vn/chuyen-cua-thuc/goi-nuoc-khong-kho-vi-da-co-voucher-s730t2/","Thức Coffee - Open 24/7 - GỌI NƯỚC KHÔNG KHÓ, VÌ ĐÃ CÓ VOUCHER","H1: GỌI NƯỚC KHÔNG KHÓ, VÌ ĐÃ CÓ VOUCHER | H4: THỨC COFFEE - OPEN 24/7 Hotline: 1800 6230 | H4: © 2018. All Right Reserved. Thức Coffee","Thức Coffee - Open 24/7 - GỌI NƯỚC KHÔNG KHÓ, VÌ ĐÃ CÓ VOUCHER Trang chủ Menu Chuyện của Thức Về chúng tôi Cửa hàng Chính sách thành viên Tuyển Dụng Liên Hệ Đăng Nhập Nhận tin khuyến mãi của Thức 1800 6230 info.thuccoffee247@gmail.com 1800 6230 Menu Chuyện của Thức Về chúng tôi Cửa hàng Chính sách thành viên Tuyển Dụng Liên Hệ Thức uống Tin tức Trang chủ Chuyện của Thức GỌI NƯỚC KHÔNG KHÓ, VÌ ĐÃ CÓ VOUCHER 12.05.2020 GỌI NƯỚC KHÔNG KHÓ, VÌ ĐÃ CÓ VOUCHER “Tay trái đặt lên trán, Tay phải cầm bút g","17",
"200","story-detail","/chuyen-cua-thuc/ha-di-thu-den-don-tet-doan-vien-s1172t2/","http://www.thuccoffee.com.vn/chuyen-cua-thuc/ha-di-thu-den-don-tet-doan-vien-s1172t2/","Thức Coffee - Open 24/7 - HẠ ĐI THU ĐẾN, ĐÓN TẾT ĐOÀN VIÊN","H1: HẠ ĐI THU ĐẾN, ĐÓN TẾT ĐOÀN VIÊN | H4: THỨC COFFEE - OPEN 24/7 Hotline: 1800 6230 | H4: © 2018. All Right Reserved. Thức Coffee","Thức Coffee - Open 24/7 - HẠ ĐI THU ĐẾN, ĐÓN TẾT ĐOÀN VIÊN Trang chủ Menu Chuyện của Thức Về chúng tôi Cửa hàng Chính sách thành viên Tuyển Dụng Liên Hệ Đăng Nhập Nhận tin khuyến mãi của Thức 1800 6230 info.thuccoffee247@gmail.com 1800 6230 Menu Chuyện của Thức Về chúng tôi Cửa hàng Chính sách thành viên Tuyển Dụng Liên Hệ Thức uống Tin tức Trang chủ Chuyện của Thức HẠ ĐI THU ĐẾN, ĐÓN TẾT ĐOÀN VIÊN 11.07.2024 HẠ ĐI THU ĐẾN, ĐÓN TẾT ĐOÀN VIÊN Cùng Thức Coffee đón Tết Đoàn Viên 2024 với BST SONG H","17",
"200","story-detail","/chuyen-cua-thuc/happy-11th-anniversary-s1068t2/","http://www.thuccoffee.com.vn/chuyen-cua-thuc/happy-11th-anniversary-s1068t2/","Thức Coffee - Open 24/7 - HAPPY 11th ANNIVERSARY","H1: HAPPY 11th ANNIVERSARY | H4: THỨC COFFEE - OPEN 24/7 Hotline: 1800 6230 | H4: © 2018. All Right Reserved. Thức Coffee","Thức Coffee - Open 24/7 - HAPPY 11th ANNIVERSARY Trang chủ Menu Chuyện của Thức Về chúng tôi Cửa hàng Chính sách thành viên Tuyển Dụng Liên Hệ Đăng Nhập Nhận tin khuyến mãi của Thức 1800 6230 info.thuccoffee247@gmail.com 1800 6230 Menu Chuyện của Thức Về chúng tôi Cửa hàng Chính sách thành viên Tuyển Dụng Liên Hệ Thức uống Tin tức Trang chủ Chuyện của Thức HAPPY 11th ANNIVERSARY 12.10.2023 HAPPY 11th ANNIVERSARY 11 năm 1 chặng đường, với thật nhiều kỷ niệm và lòng biết ơn trân quý dành cho khách","17",
"200","story-detail","/chuyen-cua-thuc/happy-11th-birthday-of-thuc-coffee-s1063t2/","http://www.thuccoffee.com.vn/chuyen-cua-thuc/happy-11th-birthday-of-thuc-coffee-s1063t2/","Thức Coffee - Open 24/7 - HAPPY 11th BIRTHDAY OF THUC COFFEE","H1: HAPPY 11th BIRTHDAY OF THUC COFFEE | H4: THỨC COFFEE - OPEN 24/7 Hotline: 1800 6230 | H4: © 2018. All Right Reserved. Thức Coffee","Thức Coffee - Open 24/7 - HAPPY 11th BIRTHDAY OF THUC COFFEE Trang chủ Menu Chuyện của Thức Về chúng tôi Cửa hàng Chính sách thành viên Tuyển Dụng Liên Hệ Đăng Nhập Nhận tin khuyến mãi của Thức 1800 6230 info.thuccoffee247@gmail.com 1800 6230 Menu Chuyện của Thức Về chúng tôi Cửa hàng Chính sách thành viên Tuyển Dụng Liên Hệ Thức uống Tin tức Trang chủ Chuyện của Thức HAPPY 11th BIRTHDAY OF THUC COFFEE 21.10.2023 HAPPY 11th BIRTHDAY OF THUC COFFEE 🎂 MỪNG THỨC COFFEE 11 TUỔI 🎂 🎊 TẬN HƯỞNG THÁN","17",
"200","story-detail","/chuyen-cua-thuc/happy-11-years-let-s-go-week-3-s1072t2/","http://www.thuccoffee.com.vn/chuyen-cua-thuc/happy-11-years-let-s-go-week-3-s1072t2/","Thức Coffee - Open 24/7 - HAPPY 11 YEARS - Let's go WEEK 3","H1: HAPPY 11 YEARS - Let's go WEEK 3 | H4: THỨC COFFEE - OPEN 24/7 Hotline: 1800 6230 | H4: © 2018. All Right Reserved. Thức Coffee","Thức Coffee - Open 24/7 - HAPPY 11 YEARS - Let's go WEEK 3 Trang chủ Menu Chuyện của Thức Về chúng tôi Cửa hàng Chính sách thành viên Tuyển Dụng Liên Hệ Đăng Nhập Nhận tin khuyến mãi của Thức 1800 6230 info.thuccoffee247@gmail.com 1800 6230 Menu Chuyện của Thức Về chúng tôi Cửa hàng Chính sách thành viên Tuyển Dụng Liên Hệ Thức uống Tin tức Trang chủ Chuyện của Thức HAPPY 11 YEARS - Let's go WEEK 3 14.10.2023 HAPPY 11 YEARS - Let's go WEEK 3 HAPPY 11 YEARS - Let's go WEEK 3 ĐỒNG GIÁ CÀ PHÊ MUỐI ","17",
"200","story-detail","/chuyen-cua-thuc/happy-international-women-s-day-2024-s1133t2/","http://www.thuccoffee.com.vn/chuyen-cua-thuc/happy-international-women-s-day-2024-s1133t2/","Thức Coffee - Open 24/7 - HAPPY INTERNATIONAL WOMEN'S DAY 2024","H1: HAPPY INTERNATIONAL WOMEN'S DAY 2024 | H4: THỨC COFFEE - OPEN 24/7 Hotline: 1800 6230 | H4: © 2018. All Right Reserved. Thức Coffee","Thức Coffee - Open 24/7 - HAPPY INTERNATIONAL WOMEN'S DAY 2024 Trang chủ Menu Chuyện của Thức Về chúng tôi Cửa hàng Chính sách thành viên Tuyển Dụng Liên Hệ Đăng Nhập Nhận tin khuyến mãi của Thức 1800 6230 info.thuccoffee247@gmail.com 1800 6230 Menu Chuyện của Thức Về chúng tôi Cửa hàng Chính sách thành viên Tuyển Dụng Liên Hệ Thức uống Tin tức Trang chủ Chuyện của Thức HAPPY INTERNATIONAL WOMEN'S DAY 2024 08.03.2024 HAPPY INTERNATIONAL WOMEN'S DAY 2024 Chị Đẹp là để yêu, Thức chiều ngay ưu đãi ","17",
"200","story-detail","/chuyen-cua-thuc/happy-international-women-s-day-s1380t2/","http://www.thuccoffee.com.vn/chuyen-cua-thuc/happy-international-women-s-day-s1380t2/","Thức Coffee - Open 24/7 - HAPPY INTERNATIONAL WOMEN'S DAY","H1: HAPPY INTERNATIONAL WOMEN'S DAY | H4: THỨC COFFEE - OPEN 24/7 Hotline: 1800 6230 | H4: © 2018. All Right Reserved. Thức Coffee","Thức Coffee - Open 24/7 - HAPPY INTERNATIONAL WOMEN'S DAY Trang chủ Menu Chuyện của Thức Về chúng tôi Cửa hàng Chính sách thành viên Tuyển Dụng Liên Hệ Đăng Nhập Nhận tin khuyến mãi của Thức 1800 6230 info.thuccoffee247@gmail.com 1800 6230 Menu Chuyện của Thức Về chúng tôi Cửa hàng Chính sách thành viên Tuyển Dụng Liên Hệ Thức uống Tin tức Trang chủ Chuyện của Thức HAPPY INTERNATIONAL WOMEN'S DAY 03.09.2025 HAPPY INTERNATIONAL WOMEN'S DAY Mừng ngày quốc tế của nàng, Thức Coffee đã chuẩn bị những","17",
"200","story-detail","/chuyen-cua-thuc/happy-valentine-s-day-14-02-2024-s1128t2/","http://www.thuccoffee.com.vn/chuyen-cua-thuc/happy-valentine-s-day-14-02-2024-s1128t2/","Thức Coffee - Open 24/7 - HAPPY VALENTINE'S DAY 14/02/2024","H1: HAPPY VALENTINE'S DAY 14/02/2024 | H4: THỨC COFFEE - OPEN 24/7 Hotline: 1800 6230 | H4: © 2018. All Right Reserved. Thức Coffee","Thức Coffee - Open 24/7 - HAPPY VALENTINE'S DAY 14/02/2024 Trang chủ Menu Chuyện của Thức Về chúng tôi Cửa hàng Chính sách thành viên Tuyển Dụng Liên Hệ Đăng Nhập Nhận tin khuyến mãi của Thức 1800 6230 info.thuccoffee247@gmail.com 1800 6230 Menu Chuyện của Thức Về chúng tôi Cửa hàng Chính sách thành viên Tuyển Dụng Liên Hệ Thức uống Tin tức Trang chủ Chuyện của Thức HAPPY VALENTINE'S DAY 14/02/2024 08.03.2024 HAPPY VALENTINE'S DAY 14/02/2024 Ngày chung đôi, chúng mình cùng ""ngồi chung đây"" thưởn","17",
"200","story-detail","/chuyen-cua-thuc/happy-valentine-s-day-s903t2/","http://www.thuccoffee.com.vn/chuyen-cua-thuc/happy-valentine-s-day-s903t2/","Thức Coffee - Open 24/7 - Happy Valentine's Day","H1: Happy Valentine's Day | H4: THỨC COFFEE - OPEN 24/7 Hotline: 1800 6230 | H4: © 2018. All Right Reserved. Thức Coffee","Thức Coffee - Open 24/7 - Happy Valentine's Day Trang chủ Menu Chuyện của Thức Về chúng tôi Cửa hàng Chính sách thành viên Tuyển Dụng Liên Hệ Đăng Nhập Nhận tin khuyến mãi của Thức 1800 6230 info.thuccoffee247@gmail.com 1800 6230 Menu Chuyện của Thức Về chúng tôi Cửa hàng Chính sách thành viên Tuyển Dụng Liên Hệ Thức uống Tin tức Trang chủ Chuyện của Thức Happy Valentine's Day 19.02.2022 Happy Valentine's Day Happy Valentine's Day Hãy cùng tạo nên một buổi hẹn hò lãng mạn với những món trà nhẹ n","17",
"200","story-detail","/chuyen-cua-thuc/happy-women-s-day-08-03-2022-s909t2/","http://www.thuccoffee.com.vn/chuyen-cua-thuc/happy-women-s-day-08-03-2022-s909t2/","Thức Coffee - Open 24/7 - HAPPY WOMEN'S DAY 08.03.2022","H1: HAPPY WOMEN'S DAY 08.03.2022 | H4: THỨC COFFEE - OPEN 24/7 Hotline: 1800 6230 | H4: © 2018. All Right Reserved. Thức Coffee","Thức Coffee - Open 24/7 - HAPPY WOMEN'S DAY 08.03.2022 Trang chủ Menu Chuyện của Thức Về chúng tôi Cửa hàng Chính sách thành viên Tuyển Dụng Liên Hệ Đăng Nhập Nhận tin khuyến mãi của Thức 1800 6230 info.thuccoffee247@gmail.com 1800 6230 Menu Chuyện của Thức Về chúng tôi Cửa hàng Chính sách thành viên Tuyển Dụng Liên Hệ Thức uống Tin tức Trang chủ Chuyện của Thức HAPPY WOMEN'S DAY 08.03.2022 09.03.2022 HAPPY WOMEN'S DAY 08.03.2022 HAPPY WOMEN'S DAY - QUÀ XINH XẮN DÀNH TẶNG NÀNG Là con gái nhất đị","17",
"200","story-detail","/chuyen-cua-thuc/happy-women-s-day-08-03-2023-s982t2/","http://www.thuccoffee.com.vn/chuyen-cua-thuc/happy-women-s-day-08-03-2023-s982t2/","Thức Coffee - Open 24/7 - HAPPY WOMEN'S DAY 08/03/2023","H1: HAPPY WOMEN'S DAY 08/03/2023 | H4: THỨC COFFEE - OPEN 24/7 Hotline: 1800 6230 | H4: © 2018. All Right Reserved. Thức Coffee","Thức Coffee - Open 24/7 - HAPPY WOMEN'S DAY 08/03/2023 Trang chủ Menu Chuyện của Thức Về chúng tôi Cửa hàng Chính sách thành viên Tuyển Dụng Liên Hệ Đăng Nhập Nhận tin khuyến mãi của Thức 1800 6230 info.thuccoffee247@gmail.com 1800 6230 Menu Chuyện của Thức Về chúng tôi Cửa hàng Chính sách thành viên Tuyển Dụng Liên Hệ Thức uống Tin tức Trang chủ Chuyện của Thức HAPPY WOMEN'S DAY 08/03/2023 11.03.2023 HAPPY WOMEN'S DAY 08/03/2023 QUÀ DỊU DÀNG CHỜ TRAO TAY NÀNG Là con gái nhất định phải xinh, ghé","17",
"200","story-detail","/chuyen-cua-thuc/happy-women-s-week-cung-combo-my-destiny-s981t2/","http://www.thuccoffee.com.vn/chuyen-cua-thuc/happy-women-s-week-cung-combo-my-destiny-s981t2/","Thức Coffee - Open 24/7 - HAPPY WOMEN'S WEEK cùng COMBO MY DESTINY","H1: HAPPY WOMEN'S WEEK cùng COMBO MY DESTINY | H4: THỨC COFFEE - OPEN 24/7 Hotline: 1800 6230 | H4: © 2018. All Right Reserved. Thức Coffee","Thức Coffee - Open 24/7 - HAPPY WOMEN'S WEEK cùng COMBO MY DESTINY Trang chủ Menu Chuyện của Thức Về chúng tôi Cửa hàng Chính sách thành viên Tuyển Dụng Liên Hệ Đăng Nhập Nhận tin khuyến mãi của Thức 1800 6230 info.thuccoffee247@gmail.com 1800 6230 Menu Chuyện của Thức Về chúng tôi Cửa hàng Chính sách thành viên Tuyển Dụng Liên Hệ Thức uống Tin tức Trang chủ Chuyện của Thức HAPPY WOMEN'S WEEK cùng COMBO MY DESTINY 11.03.2023 HAPPY WOMEN'S WEEK cùng COMBO MY DESTINY Ngại nói lời thương nhưng muốn","17",
"200","story-detail","/chuyen-cua-thuc/hay-ke-thuc-nghe-ly-do-ban-chon-di-ca-phe-dem-la-gi--s761t2/","http://www.thuccoffee.com.vn/chuyen-cua-thuc/hay-ke-thuc-nghe-ly-do-ban-chon-di-ca-phe-dem-la-gi--s761t2/","Thức Coffee - Open 24/7 - Hãy kể Thức nghe, lý do bạn chọn đi ""cà phê đêm"" là gì ?","H1: Hãy kể Thức nghe, lý do bạn chọn đi ""cà phê đêm"" là gì ? | H4: THỨC COFFEE - OPEN 24/7 Hotline: 1800 6230 | H4: © 2018. All Right Reserved. Thức Coffee","Thức Coffee - Open 24/7 - Hãy kể Thức nghe, lý do bạn chọn đi ""cà phê đêm"" là gì ? Trang chủ Menu Chuyện của Thức Về chúng tôi Cửa hàng Chính sách thành viên Tuyển Dụng Liên Hệ Đăng Nhập Nhận tin khuyến mãi của Thức 1800 6230 info.thuccoffee247@gmail.com 1800 6230 Menu Chuyện của Thức Về chúng tôi Cửa hàng Chính sách thành viên Tuyển Dụng Liên Hệ Thức uống Tin tức Trang chủ Chuyện của Thức Hãy kể Thức nghe, lý do bạn chọn đi ""cà phê đêm"" là gì ? 13.07.2020 Hãy kể Thức nghe, lý do bạn chọn đi ""cà","17",
"200","story-detail","/chuyen-cua-thuc/healthy-day-dong-gia-39-000d-s757t2/","http://www.thuccoffee.com.vn/chuyen-cua-thuc/healthy-day-dong-gia-39-000d-s757t2/","Thức Coffee - Open 24/7 - HEALTHY DAY - ĐỒNG GIÁ 39.000Đ","H1: HEALTHY DAY - ĐỒNG GIÁ 39.000Đ | H4: THỨC COFFEE - OPEN 24/7 Hotline: 1800 6230 | H4: © 2018. All Right Reserved. Thức Coffee","Thức Coffee - Open 24/7 - HEALTHY DAY - ĐỒNG GIÁ 39.000Đ Trang chủ Menu Chuyện của Thức Về chúng tôi Cửa hàng Chính sách thành viên Tuyển Dụng Liên Hệ Đăng Nhập Nhận tin khuyến mãi của Thức 1800 6230 info.thuccoffee247@gmail.com 1800 6230 Menu Chuyện của Thức Về chúng tôi Cửa hàng Chính sách thành viên Tuyển Dụng Liên Hệ Thức uống Tin tức Trang chủ Chuyện của Thức HEALTHY DAY - ĐỒNG GIÁ 39.000Đ 15.03.2021 HEALTHY DAY - ĐỒNG GIÁ 39.000Đ ♻️ Refresh bản thân đón tinh thần tươi mới! 🎀 Cùng 𝐇𝐞𝐚𝐥","17",
"200","story-detail","/chuyen-cua-thuc/healthy-day-nuoc-ep-trai-cay-tuoi-dong-gia-39-000d-s762t2/","http://www.thuccoffee.com.vn/chuyen-cua-thuc/healthy-day-nuoc-ep-trai-cay-tuoi-dong-gia-39-000d-s762t2/","Thức Coffee - Open 24/7 - HEALTHY DAY - NƯỚC ÉP TRÁI CÂY TƯƠI ĐỒNG GIÁ 39.000Đ","H1: HEALTHY DAY - NƯỚC ÉP TRÁI CÂY TƯƠI ĐỒNG GIÁ 39.000Đ | H4: THỨC COFFEE - OPEN 24/7 Hotline: 1800 6230 | H4: © 2018. All Right Reserved. Thức Coffee","Thức Coffee - Open 24/7 - HEALTHY DAY - NƯỚC ÉP TRÁI CÂY TƯƠI ĐỒNG GIÁ 39.000Đ Trang chủ Menu Chuyện của Thức Về chúng tôi Cửa hàng Chính sách thành viên Tuyển Dụng Liên Hệ Đăng Nhập Nhận tin khuyến mãi của Thức 1800 6230 info.thuccoffee247@gmail.com 1800 6230 Menu Chuyện của Thức Về chúng tôi Cửa hàng Chính sách thành viên Tuyển Dụng Liên Hệ Thức uống Tin tức Trang chủ Chuyện của Thức HEALTHY DAY - NƯỚC ÉP TRÁI CÂY TƯƠI ĐỒNG GIÁ 39.000Đ 13.07.2020 HEALTHY DAY - NƯỚC ÉP TRÁI CÂY TƯƠI ĐỒNG GIÁ 39","17",
"200","story-detail","/chuyen-cua-thuc/healthy-day-thu-ba-song-khoe-dong-gia-39-000d-s846t2/","http://www.thuccoffee.com.vn/chuyen-cua-thuc/healthy-day-thu-ba-song-khoe-dong-gia-39-000d-s846t2/","Thức Coffee - Open 24/7 - HEALTHY DAY - THỨ BA SỐNG KHỎE - ĐỒNG GIÁ 39.000Đ","H1: HEALTHY DAY - THỨ BA SỐNG KHỎE - ĐỒNG GIÁ 39.000Đ | H4: THỨC COFFEE - OPEN 24/7 Hotline: 1800 6230 | H4: © 2018. All Right Reserved. Thức Coffee","Thức Coffee - Open 24/7 - HEALTHY DAY - THỨ BA SỐNG KHỎE - ĐỒNG GIÁ 39.000Đ Trang chủ Menu Chuyện của Thức Về chúng tôi Cửa hàng Chính sách thành viên Tuyển Dụng Liên Hệ Đăng Nhập Nhận tin khuyến mãi của Thức 1800 6230 info.thuccoffee247@gmail.com 1800 6230 Menu Chuyện của Thức Về chúng tôi Cửa hàng Chính sách thành viên Tuyển Dụng Liên Hệ Thức uống Tin tức Trang chủ Chuyện của Thức HEALTHY DAY - THỨ BA SỐNG KHỎE - ĐỒNG GIÁ 39.000Đ 21.04.2021 HEALTHY DAY - THỨ BA SỐNG KHỎE - ĐỒNG GIÁ 39.000Đ 🍓�","17",
"200","story-detail","/chuyen-cua-thuc/hello-%E2%80%9Creusable-cup-coffee-combo%E2%80%9D-s640t2/","http://www.thuccoffee.com.vn/chuyen-cua-thuc/hello-%E2%80%9Creusable-cup-coffee-combo%E2%80%9D-s640t2/","Thức Coffee - Open 24/7 - HELLO “REUSABLE CUP - COFFEE COMBO”","H1: HELLO “REUSABLE CUP - COFFEE COMBO” | H4: THỨC COFFEE - OPEN 24/7 Hotline: 1800 6230 | H4: © 2018. All Right Reserved. Thức Coffee","Thức Coffee - Open 24/7 - HELLO “REUSABLE CUP - COFFEE COMBO” Trang chủ Menu Chuyện của Thức Về chúng tôi Cửa hàng Chính sách thành viên Tuyển Dụng Liên Hệ Đăng Nhập Nhận tin khuyến mãi của Thức 1800 6230 info.thuccoffee247@gmail.com 1800 6230 Menu Chuyện của Thức Về chúng tôi Cửa hàng Chính sách thành viên Tuyển Dụng Liên Hệ Thức uống Tin tức Trang chủ Chuyện của Thức HELLO “REUSABLE CUP - COFFEE COMBO” 15.11.2019 HELLO “REUSABLE CUP - COFFEE COMBO” ☕️ Không chỉ là cà phê, mà còn là sự bắt đầu ","17",
"200","story-detail","/chuyen-cua-thuc/hello-summer--s989t2/","http://www.thuccoffee.com.vn/chuyen-cua-thuc/hello-summer--s989t2/","Thức Coffee - Open 24/7 - Hello SUMMER!!!","H1: Hello SUMMER!!! | H4: THỨC COFFEE - OPEN 24/7 Hotline: 1800 6230 | H4: © 2018. All Right Reserved. Thức Coffee","Thức Coffee - Open 24/7 - Hello SUMMER!!! Trang chủ Menu Chuyện của Thức Về chúng tôi Cửa hàng Chính sách thành viên Tuyển Dụng Liên Hệ Đăng Nhập Nhận tin khuyến mãi của Thức 1800 6230 info.thuccoffee247@gmail.com 1800 6230 Menu Chuyện của Thức Về chúng tôi Cửa hàng Chính sách thành viên Tuyển Dụng Liên Hệ Thức uống Tin tức Trang chủ Chuyện của Thức Hello SUMMER!!! 19.04.2023 Hello SUMMER!!! Mùa hè Sài Gòn đã đến, Thức Coffee sao thiếu được những thức uống thanh mát, giải nhiệt cho mùa hè này th","17",
"200","story-detail","/chuyen-cua-thuc/hoat-dong-xuyen-tet-vui-xuan-het-y-s898t2/","http://www.thuccoffee.com.vn/chuyen-cua-thuc/hoat-dong-xuyen-tet-vui-xuan-het-y-s898t2/","Thức Coffee - Open 24/7 - HOẠT ĐỘNG XUYÊN TẾT - VUI XUÂN HẾT Ý","H1: HOẠT ĐỘNG XUYÊN TẾT - VUI XUÂN HẾT Ý | H4: THỨC COFFEE - OPEN 24/7 Hotline: 1800 6230 | H4: © 2018. All Right Reserved. Thức Coffee","Thức Coffee - Open 24/7 - HOẠT ĐỘNG XUYÊN TẾT - VUI XUÂN HẾT Ý Trang chủ Menu Chuyện của Thức Về chúng tôi Cửa hàng Chính sách thành viên Tuyển Dụng Liên Hệ Đăng Nhập Nhận tin khuyến mãi của Thức 1800 6230 info.thuccoffee247@gmail.com 1800 6230 Menu Chuyện của Thức Về chúng tôi Cửa hàng Chính sách thành viên Tuyển Dụng Liên Hệ Thức uống Tin tức Trang chủ Chuyện của Thức HOẠT ĐỘNG XUYÊN TẾT - VUI XUÂN HẾT Ý 27.01.2022 HOẠT ĐỘNG XUYÊN TẾT - VUI XUÂN HẾT Ý Tết này bạn không biết đi đâu? Lưu ngay Lị","17",
"200","story-detail","/chuyen-cua-thuc/holiday-signature-drinks-gia-dung-thu-chi-49-000d-s1099t2/","http://www.thuccoffee.com.vn/chuyen-cua-thuc/holiday-signature-drinks-gia-dung-thu-chi-49-000d-s1099t2/","Thức Coffee - Open 24/7 - HOLIDAY SIGNATURE DRINKS - GIÁ DÙNG THỬ CHỈ 49.000Đ","H1: HOLIDAY SIGNATURE DRINKS - GIÁ DÙNG THỬ CHỈ 49.000Đ | H4: THỨC COFFEE - OPEN 24/7 Hotline: 1800 6230 | H4: © 2018. All Right Reserved. Thức Coffee","Thức Coffee - Open 24/7 - HOLIDAY SIGNATURE DRINKS - GIÁ DÙNG THỬ CHỈ 49.000Đ Trang chủ Menu Chuyện của Thức Về chúng tôi Cửa hàng Chính sách thành viên Tuyển Dụng Liên Hệ Đăng Nhập Nhận tin khuyến mãi của Thức 1800 6230 info.thuccoffee247@gmail.com 1800 6230 Menu Chuyện của Thức Về chúng tôi Cửa hàng Chính sách thành viên Tuyển Dụng Liên Hệ Thức uống Tin tức Trang chủ Chuyện của Thức HOLIDAY SIGNATURE DRINKS - GIÁ DÙNG THỬ CHỈ 49.000Đ 27.11.2023 HOLIDAY SIGNATURE DRINKS - GIÁ DÙNG THỬ CHỈ 49.00","17",
"200","story-detail","/chuyen-cua-thuc/-hom-nay-ban-da-ca-phe-chua--s735t2/","http://www.thuccoffee.com.vn/chuyen-cua-thuc/-hom-nay-ban-da-ca-phe-chua--s735t2/","Thức Coffee - Open 24/7 - ""Hôm nay bạn đã cà phê chưa ?""","H1: ""Hôm nay bạn đã cà phê chưa ?"" | H4: THỨC COFFEE - OPEN 24/7 Hotline: 1800 6230 | H4: © 2018. All Right Reserved. Thức Coffee","Thức Coffee - Open 24/7 - ""Hôm nay bạn đã cà phê chưa ?"" Trang chủ Menu Chuyện của Thức Về chúng tôi Cửa hàng Chính sách thành viên Tuyển Dụng Liên Hệ Đăng Nhập Nhận tin khuyến mãi của Thức 1800 6230 info.thuccoffee247@gmail.com 1800 6230 Menu Chuyện của Thức Về chúng tôi Cửa hàng Chính sách thành viên Tuyển Dụng Liên Hệ Thức uống Tin tức Trang chủ Chuyện của Thức ""Hôm nay bạn đã cà phê chưa ?"" 25.05.2020 ""Hôm nay bạn đã cà phê chưa ?"" Buổi sáng đầu tuần bắt đầu bằng một cơn mưa rào, một tín hiệ","17",
"200","story-detail","/chuyen-cua-thuc/hoorahhhh-let-s-go-week-2-free-upsize-all-menu-s1067t2/","http://www.thuccoffee.com.vn/chuyen-cua-thuc/hoorahhhh-let-s-go-week-2-free-upsize-all-menu-s1067t2/","Thức Coffee - Open 24/7 - Hoorahhhh!!! Let's go WEEK 2 - FREE UPSIZE all menu","H1: Hoorahhhh!!! Let's go WEEK 2 - FREE UPSIZE all menu | H4: THỨC COFFEE - OPEN 24/7 Hotline: 1800 6230 | H4: © 2018. All Right Reserved. Thức Coffee","Thức Coffee - Open 24/7 - Hoorahhhh!!! Let's go WEEK 2 - FREE UPSIZE all menu Trang chủ Menu Chuyện của Thức Về chúng tôi Cửa hàng Chính sách thành viên Tuyển Dụng Liên Hệ Đăng Nhập Nhận tin khuyến mãi của Thức 1800 6230 info.thuccoffee247@gmail.com 1800 6230 Menu Chuyện của Thức Về chúng tôi Cửa hàng Chính sách thành viên Tuyển Dụng Liên Hệ Thức uống Tin tức Trang chủ Chuyện của Thức Hoorahhhh!!! Let's go WEEK 2 - FREE UPSIZE all menu 12.10.2023 Hoorahhhh!!! Let's go WEEK 2 - FREE UPSIZE all me","17",
"200","story-detail","/chuyen-cua-thuc/huong-vi-moi-la-ma-quen-s676t2/","http://www.thuccoffee.com.vn/chuyen-cua-thuc/huong-vi-moi-la-ma-quen-s676t2/","Thức Coffee - Open 24/7 - HƯƠNG VỊ MỚI, LẠ MÀ QUEN","H1: HƯƠNG VỊ MỚI, LẠ MÀ QUEN | H4: THỨC COFFEE - OPEN 24/7 Hotline: 1800 6230 | H4: © 2018. All Right Reserved. Thức Coffee","Thức Coffee - Open 24/7 - HƯƠNG VỊ MỚI, LẠ MÀ QUEN Trang chủ Menu Chuyện của Thức Về chúng tôi Cửa hàng Chính sách thành viên Tuyển Dụng Liên Hệ Đăng Nhập Nhận tin khuyến mãi của Thức 1800 6230 info.thuccoffee247@gmail.com 1800 6230 Menu Chuyện của Thức Về chúng tôi Cửa hàng Chính sách thành viên Tuyển Dụng Liên Hệ Thức uống Tin tức Trang chủ Chuyện của Thức HƯƠNG VỊ MỚI, LẠ MÀ QUEN 28.02.2020 HƯƠNG VỊ MỚI, LẠ MÀ QUEN 🥰 Sau một thời gian vắng mặt làm bao người mong ngóng, nhớ thương. Nay “món t","17",
"200","story-detail","/chuyen-cua-thuc/kaya-toast-da-co-mat-tai-thuc-coffee-s1225t2/","http://www.thuccoffee.com.vn/chuyen-cua-thuc/kaya-toast-da-co-mat-tai-thuc-coffee-s1225t2/","Thức Coffee - Open 24/7 - KAYA TOAST ĐÃ CÓ MẶT TẠI THỨC COFFEE","H1: KAYA TOAST ĐÃ CÓ MẶT TẠI THỨC COFFEE | H4: THỨC COFFEE - OPEN 24/7 Hotline: 1800 6230 | H4: © 2018. All Right Reserved. Thức Coffee","Thức Coffee - Open 24/7 - KAYA TOAST ĐÃ CÓ MẶT TẠI THỨC COFFEE Trang chủ Menu Chuyện của Thức Về chúng tôi Cửa hàng Chính sách thành viên Tuyển Dụng Liên Hệ Đăng Nhập Nhận tin khuyến mãi của Thức 1800 6230 info.thuccoffee247@gmail.com 1800 6230 Menu Chuyện của Thức Về chúng tôi Cửa hàng Chính sách thành viên Tuyển Dụng Liên Hệ Thức uống Tin tức Trang chủ Chuyện của Thức KAYA TOAST ĐÃ CÓ MẶT TẠI THỨC COFFEE 19.09.2024 KAYA TOAST ĐÃ CÓ MẶT TẠI THỨC COFFEE NEW FOOD - NEW TOAST Một món ăn nhẹ nổi ti","17",
"200","story-detail","/chuyen-cua-thuc/khai-truong-thuc-coffee-tai-so-48-50-huynh-thuc-khang-quan-1-s64t2/","http://www.thuccoffee.com.vn/chuyen-cua-thuc/khai-truong-thuc-coffee-tai-so-48-50-huynh-thuc-khang-quan-1-s64t2/","Thức Coffee - Open 24/7 - Khai trương Thức Coffee tại số 48-50 Huỳnh Thúc Kháng, Quận 1","H1: Khai trương Thức Coffee tại số 48-50 Huỳnh Thúc Kháng, Quận 1 | H4: THỨC COFFEE - OPEN 24/7 Hotline: 1800 6230 | H4: © 2018. All Right Reserved. Thức Coffee","Thức Coffee - Open 24/7 - Khai trương Thức Coffee tại số 48-50 Huỳnh Thúc Kháng, Quận 1 Trang chủ Menu Chuyện của Thức Về chúng tôi Cửa hàng Chính sách thành viên Tuyển Dụng Liên Hệ Đăng Nhập Nhận tin khuyến mãi của Thức 1800 6230 info.thuccoffee247@gmail.com 1800 6230 Menu Chuyện của Thức Về chúng tôi Cửa hàng Chính sách thành viên Tuyển Dụng Liên Hệ Thức uống Tin tức Trang chủ Chuyện của Thức Khai trương Thức Coffee tại số 48-50 Huỳnh Thúc Kháng, Quận 1 27.05.2018 Khai trương Thức Coffee tại s","17",
"200","story-detail","/chuyen-cua-thuc/khoi-dau-ngay-moi-voi-%F0%9D%91%B4%F0%9D%92%82%F0%9D%92%95%F0%9D%92%84%F0%9D%92%89%F0%9D%92%82-%F0%9D%91%B2%F0%9D%92%82%F0%9D%92%87%F0%9D%92%86%CC%81-s983t2/","http://www.thuccoffee.com.vn/chuyen-cua-thuc/khoi-dau-ngay-moi-voi-%F0%9D%91%B4%F0%9D%92%82%F0%9D%92%95%F0%9D%92%84%F0%9D%92%89%F0%9D%92%82-%F0%9D%91%B2%F0%9D%92%82%F0%9D%92%87%F0%9D%92%86%CC%81-s983t2/","Thức Coffee - Open 24/7 - Khởi đầu ngày mới với &#119924;&#119938;&#119957;&#119940;&#119945;&#119938; &#119922;&#119938;&#119943;&#119942;́","H1: Khởi đầu ngày mới với &#119924;&#119938;&#119957;&#119940;&#119945;&#119938; &#119922;&#119938;&#119943;&#119942;́ | H4: THỨC COFFEE - OPEN 24/7 Hotline: 1800 6230 | H4: © 2018. All Right Reserved. Thức Coffee","Thức Coffee - Open 24/7 - Khởi đầu ngày mới với &#119924;&#119938;&#119957;&#119940;&#119945;&#119938; &#119922;&#119938;&#119943;&#119942;́ Trang chủ Menu Chuyện của Thức Về chúng tôi Cửa hàng Chính sách thành viên Tuyển Dụng Liên Hệ Đăng Nhập Nhận tin khuyến mãi của Thức 1800 6230 info.thuccoffee247@gmail.com 1800 6230 Menu Chuyện của Thức Về chúng tôi Cửa hàng Chính sách thành viên Tuyển Dụng Liên Hệ Thức uống Tin tức Trang chủ Chuyện của Thức Khởi đầu ngày mới với &#119924;&#119938;&#119957;","17",
"200","story-detail","/chuyen-cua-thuc/let-s-enjoy-week-1-mua-1-tang-1-s1065t2/","http://www.thuccoffee.com.vn/chuyen-cua-thuc/let-s-enjoy-week-1-mua-1-tang-1-s1065t2/","Thức Coffee - Open 24/7 - LET'S ENJOY WEEK 1: MUA 1 TẶNG 1","H1: LET'S ENJOY WEEK 1: MUA 1 TẶNG 1 | H4: THỨC COFFEE - OPEN 24/7 Hotline: 1800 6230 | H4: © 2018. All Right Reserved. Thức Coffee","Thức Coffee - Open 24/7 - LET'S ENJOY WEEK 1: MUA 1 TẶNG 1 Trang chủ Menu Chuyện của Thức Về chúng tôi Cửa hàng Chính sách thành viên Tuyển Dụng Liên Hệ Đăng Nhập Nhận tin khuyến mãi của Thức 1800 6230 info.thuccoffee247@gmail.com 1800 6230 Menu Chuyện của Thức Về chúng tôi Cửa hàng Chính sách thành viên Tuyển Dụng Liên Hệ Thức uống Tin tức Trang chủ Chuyện của Thức LET'S ENJOY WEEK 1: MUA 1 TẶNG 1 02.10.2023 LET'S ENJOY WEEK 1: MUA 1 TẶNG 1 HAPPY 11th ANNIVERSARY of THUC COFFEE Let's enjoy WEEK","17",
"200","story-detail","/chuyen-cua-thuc/lich-hoat-dong-tet-binh-ngo-2026-s1448t2/","http://www.thuccoffee.com.vn/chuyen-cua-thuc/lich-hoat-dong-tet-binh-ngo-2026-s1448t2/","Thức Coffee - Open 24/7 - LỊCH HOẠT ĐỘNG TẾT BÍNH NGỌ 2026","H1: LỊCH HOẠT ĐỘNG TẾT BÍNH NGỌ 2026 | H4: THỨC COFFEE - OPEN 24/7 Hotline: 1800 6230 | H4: © 2018. All Right Reserved. Thức Coffee","Thức Coffee - Open 24/7 - LỊCH HOẠT ĐỘNG TẾT BÍNH NGỌ 2026 Trang chủ Menu Chuyện của Thức Về chúng tôi Cửa hàng Chính sách thành viên Tuyển Dụng Liên Hệ Đăng Nhập Nhận tin khuyến mãi của Thức 1800 6230 info.thuccoffee247@gmail.com 1800 6230 Menu Chuyện của Thức Về chúng tôi Cửa hàng Chính sách thành viên Tuyển Dụng Liên Hệ Thức uống Tin tức Trang chủ Chuyện của Thức LỊCH HOẠT ĐỘNG TẾT BÍNH NGỌ 2026 06.02.2026 LỊCH HOẠT ĐỘNG TẾT BÍNH NGỌ 2026 🎉 THỨC COFFEE HOẠT ĐỘNG XUYÊN TẾT BÍNH NGỌ 2026 🎉 😍","17",
"200","story-detail","/chuyen-cua-thuc/lich-hoat-dong-tet-giap-thin-2024-cua-thuc-coffee-s1119t2/","http://www.thuccoffee.com.vn/chuyen-cua-thuc/lich-hoat-dong-tet-giap-thin-2024-cua-thuc-coffee-s1119t2/","Thức Coffee - Open 24/7 - LỊCH HOẠT ĐỘNG TẾT GIÁP THÌN 2024 CỦA THỨC COFFEE","H1: LỊCH HOẠT ĐỘNG TẾT GIÁP THÌN 2024 CỦA THỨC COFFEE | H4: THỨC COFFEE - OPEN 24/7 Hotline: 1800 6230 | H4: © 2018. All Right Reserved. Thức Coffee","Thức Coffee - Open 24/7 - LỊCH HOẠT ĐỘNG TẾT GIÁP THÌN 2024 CỦA THỨC COFFEE Trang chủ Menu Chuyện của Thức Về chúng tôi Cửa hàng Chính sách thành viên Tuyển Dụng Liên Hệ Đăng Nhập Nhận tin khuyến mãi của Thức 1800 6230 info.thuccoffee247@gmail.com 1800 6230 Menu Chuyện của Thức Về chúng tôi Cửa hàng Chính sách thành viên Tuyển Dụng Liên Hệ Thức uống Tin tức Trang chủ Chuyện của Thức LỊCH HOẠT ĐỘNG TẾT GIÁP THÌN 2024 CỦA THỨC COFFEE 05.02.2024 LỊCH HOẠT ĐỘNG TẾT GIÁP THÌN 2024 CỦA THỨC COFFEE Vui","17",
"200","story-detail","/chuyen-cua-thuc/mid-autumn-drinks-2024-s1187t2/","http://www.thuccoffee.com.vn/chuyen-cua-thuc/mid-autumn-drinks-2024-s1187t2/","Thức Coffee - Open 24/7 - MID-AUTUMN DRINKS 2024","H1: MID-AUTUMN DRINKS 2024 | H4: THỨC COFFEE - OPEN 24/7 Hotline: 1800 6230 | H4: © 2018. All Right Reserved. Thức Coffee","Thức Coffee - Open 24/7 - MID-AUTUMN DRINKS 2024 Trang chủ Menu Chuyện của Thức Về chúng tôi Cửa hàng Chính sách thành viên Tuyển Dụng Liên Hệ Đăng Nhập Nhận tin khuyến mãi của Thức 1800 6230 info.thuccoffee247@gmail.com 1800 6230 Menu Chuyện của Thức Về chúng tôi Cửa hàng Chính sách thành viên Tuyển Dụng Liên Hệ Thức uống Tin tức Trang chủ Chuyện của Thức MID-AUTUMN DRINKS 2024 31.07.2024 MID-AUTUMN DRINKS 2024 Tiếp nối BST Bánh Trung Thu SONG HẠC ĐÓN TRĂNG, nay Thức Coffee chính thức ra mắt Bộ","17",
"200","story-detail","/chuyen-cua-thuc/-minigame-%F0%9D%91%B2%F0%9D%92%89%F0%9D%92%90%F0%9D%92%86-%F0%9D%92%82%CC%89%F0%9D%92%8F%F0%9D%92%89-%F0%9D%92%84%F0%9D%92%89%F0%9D%92%82%CC%82%CC%81%F0%9D%92%95-%F0%9D%92%8F%F0%9D%92%89%F0%9D%92%82%CC%A3%CC%82%F0%9D%92%8F-%F0%9D%92%92%F0%9D%92%96%F0%9D%92%82%CC%80-%F0%9D%92%84%F0%9D%92%96%CC%9B%CC%A3%F0%9D%92%84-%F0%9D%92%84%F0%9D%92%90%F0%9D%92%90%F0%9D%92%8D-s612t2/","http://www.thuccoffee.com.vn/chuyen-cua-thuc/-minigame-%F0%9D%91%B2%F0%9D%92%89%F0%9D%92%90%F0%9D%92%86-%F0%9D%92%82%CC%89%F0%9D%92%8F%F0%9D%92%89-%F0%9D%92%84%F0%9D%92%89%F0%9D%92%82%CC%82%CC%81%F0%9D%92%95-%F0%9D%92%8F%F0%9D%92%89%F0%9D%92%82%CC%A3%CC%82%F0%9D%92%8F-%F0%9D%92%92%F0%9D%92%96%F0%9D%92%82%CC%80-%F0%9D%92%84%F0%9D%92%96%CC%9B%CC%A3%F0%9D%92%84-%F0%9D%92%84%F0%9D%92%90%F0%9D%92%90%F0%9D%92%8D-s612t2/","Thức Coffee - Open 24/7 - [MINIGAME] &#119922;&#119945;&#119952;&#119942; &#119938;̉&#119951;&#119945; &#119940;&#119945;&#119938;̂́&#119957; - &#119951;&#119945;&#119938;̣̂&#119951; &#119954;&#119958;&#119938;̀ &#119940;&#119958;̛̣&#119940; &#119940;&#119952;&#119952;&#119949;","H1: [MINIGAME] &#119922;&#119945;&#119952;&#119942; &#119938;̉&#119951;&#119945; &#119940;&#119945;&#119938;̂́&#119957; - &#119951;&#119945;&#119938;̣̂&#119951; &#119954;&#119958;&#119938;̀ &#119940;&#119958;̛̣&#119940; &#119940;&#119952;&#119952;&#119949; | H4: THỨC COFFEE - OPEN 24/7 Hotline: 1800 6230 | H4: © 2018. All Right Reserved. Thức Coffee","Thức Coffee - Open 24/7 - [MINIGAME] &#119922;&#119945;&#119952;&#119942; &#119938;̉&#119951;&#119945; &#119940;&#119945;&#119938;̂́&#119957; - &#119951;&#119945;&#119938;̣̂&#119951; &#119954;&#119958;&#119938;̀ &#119940;&#119958;̛̣&#119940; &#119940;&#119952;&#119952;&#119949; Trang chủ Menu Chuyện của Thức Về chúng tôi Cửa hàng Chính sách thành viên Tuyển Dụng Liên Hệ Đăng Nhập Nhận tin khuyến mãi của Thức 1800 6230 info.thuccoffee247@gmail.com 1800 6230 Menu Chuyện của Thức Về chúng tôi Cửa h","17",
"200","story-detail","/chuyen-cua-thuc/moi-nguoi-co-biet-%E2%80%9Cchuyen-do%E2%80%9D-chua--s560t2/","http://www.thuccoffee.com.vn/chuyen-cua-thuc/moi-nguoi-co-biet-%E2%80%9Cchuyen-do%E2%80%9D-chua--s560t2/","Thức Coffee - Open 24/7 - Mọi người có biết “chuyện đó” chưa???","H1: Mọi người có biết “chuyện đó” chưa??? | H4: THỨC COFFEE - OPEN 24/7 Hotline: 1800 6230 | H4: © 2018. All Right Reserved. Thức Coffee","Thức Coffee - Open 24/7 - Mọi người có biết “chuyện đó” chưa??? Trang chủ Menu Chuyện của Thức Về chúng tôi Cửa hàng Chính sách thành viên Tuyển Dụng Liên Hệ Đăng Nhập Nhận tin khuyến mãi của Thức 1800 6230 info.thuccoffee247@gmail.com 1800 6230 Menu Chuyện của Thức Về chúng tôi Cửa hàng Chính sách thành viên Tuyển Dụng Liên Hệ Thức uống Tin tức Trang chủ Chuyện của Thức Mọi người có biết “chuyện đó” chưa??? 11.06.2019 Mọi người có biết “chuyện đó” chưa??? 💁‍♀️ Chuyện em là best-seller 𝐋𝐲𝐜𝐡","17",
"200","story-detail","/chuyen-cua-thuc/moi-sang-thuc-day-khong-the-thieu-mot-ly-ca-phe-rang-xay-dam-da--s695t2/","http://www.thuccoffee.com.vn/chuyen-cua-thuc/moi-sang-thuc-day-khong-the-thieu-mot-ly-ca-phe-rang-xay-dam-da--s695t2/","Thức Coffee - Open 24/7 - Mỗi sáng thức dậy không thể thiếu một ly cà phê rang xay đậm đà!","H1: Mỗi sáng thức dậy không thể thiếu một ly cà phê rang xay đậm đà! | H4: THỨC COFFEE - OPEN 24/7 Hotline: 1800 6230 | H4: © 2018. All Right Reserved. Thức Coffee","Thức Coffee - Open 24/7 - Mỗi sáng thức dậy không thể thiếu một ly cà phê rang xay đậm đà! Trang chủ Menu Chuyện của Thức Về chúng tôi Cửa hàng Chính sách thành viên Tuyển Dụng Liên Hệ Đăng Nhập Nhận tin khuyến mãi của Thức 1800 6230 info.thuccoffee247@gmail.com 1800 6230 Menu Chuyện của Thức Về chúng tôi Cửa hàng Chính sách thành viên Tuyển Dụng Liên Hệ Thức uống Tin tức Trang chủ Chuyện của Thức Mỗi sáng thức dậy không thể thiếu một ly cà phê rang xay đậm đà! 06.04.2020 Mỗi sáng thức dậy không","17",
"200","story-detail","/chuyen-cua-thuc/mon-moi-do-bo--s1069t2/","http://www.thuccoffee.com.vn/chuyen-cua-thuc/mon-moi-do-bo--s1069t2/","Thức Coffee - Open 24/7 - MÓN MỚI ĐỔ BỘ !!!!!","H1: MÓN MỚI ĐỔ BỘ !!!!! | H4: THỨC COFFEE - OPEN 24/7 Hotline: 1800 6230 | H4: © 2018. All Right Reserved. Thức Coffee","Thức Coffee - Open 24/7 - MÓN MỚI ĐỔ BỘ !!!!! Trang chủ Menu Chuyện của Thức Về chúng tôi Cửa hàng Chính sách thành viên Tuyển Dụng Liên Hệ Đăng Nhập Nhận tin khuyến mãi của Thức 1800 6230 info.thuccoffee247@gmail.com 1800 6230 Menu Chuyện của Thức Về chúng tôi Cửa hàng Chính sách thành viên Tuyển Dụng Liên Hệ Thức uống Tin tức Trang chủ Chuyện của Thức MÓN MỚI ĐỔ BỘ !!!!! 12.10.2023 MÓN MỚI ĐỔ BỘ !!!!! Bánh Mì, Bánh Mì đây!!! Ai ăn bánh mì, bánh mì que hônnnnnnnn BÁNH MÌ GIÒN, PATE THƠM NGON ĐÃ","17",
"200","story-detail","/chuyen-cua-thuc/mung-3-ghe-thuc-don-tet-thuong-tra-s1127t2/","http://www.thuccoffee.com.vn/chuyen-cua-thuc/mung-3-ghe-thuc-don-tet-thuong-tra-s1127t2/","Thức Coffee - Open 24/7 - MÙNG 3 GHÉ THỨC ĐÓN TẾT THƯỞNG TRÀ","H1: MÙNG 3 GHÉ THỨC ĐÓN TẾT THƯỞNG TRÀ | H4: THỨC COFFEE - OPEN 24/7 Hotline: 1800 6230 | H4: © 2018. All Right Reserved. Thức Coffee","Thức Coffee - Open 24/7 - MÙNG 3 GHÉ THỨC ĐÓN TẾT THƯỞNG TRÀ Trang chủ Menu Chuyện của Thức Về chúng tôi Cửa hàng Chính sách thành viên Tuyển Dụng Liên Hệ Đăng Nhập Nhận tin khuyến mãi của Thức 1800 6230 info.thuccoffee247@gmail.com 1800 6230 Menu Chuyện của Thức Về chúng tôi Cửa hàng Chính sách thành viên Tuyển Dụng Liên Hệ Thức uống Tin tức Trang chủ Chuyện của Thức MÙNG 3 GHÉ THỨC ĐÓN TẾT THƯỞNG TRÀ 08.03.2024 MÙNG 3 GHÉ THỨC ĐÓN TẾT THƯỞNG TRÀ Thịt mỡ dưa hành câu đối đỏ Thì thầm nói nhỏ Tết","17",
"200","story-detail","/chuyen-cua-thuc/mung-thuc-10-tuoi-moi-ban-boc-tham-tram-phan-tram-co-qua-s951t2/","http://www.thuccoffee.com.vn/chuyen-cua-thuc/mung-thuc-10-tuoi-moi-ban-boc-tham-tram-phan-tram-co-qua-s951t2/","Thức Coffee - Open 24/7 - MỪNG THỨC 10 TUỔI, MỜI BẠN BỐC THĂM - TRĂM PHẦN TRĂM CÓ QUÀ","H1: MỪNG THỨC 10 TUỔI, MỜI BẠN BỐC THĂM - TRĂM PHẦN TRĂM CÓ QUÀ | H4: THỨC COFFEE - OPEN 24/7 Hotline: 1800 6230 | H4: © 2018. All Right Reserved. Thức Coffee","Thức Coffee - Open 24/7 - MỪNG THỨC 10 TUỔI, MỜI BẠN BỐC THĂM - TRĂM PHẦN TRĂM CÓ QUÀ Trang chủ Menu Chuyện của Thức Về chúng tôi Cửa hàng Chính sách thành viên Tuyển Dụng Liên Hệ Đăng Nhập Nhận tin khuyến mãi của Thức 1800 6230 info.thuccoffee247@gmail.com 1800 6230 Menu Chuyện của Thức Về chúng tôi Cửa hàng Chính sách thành viên Tuyển Dụng Liên Hệ Thức uống Tin tức Trang chủ Chuyện của Thức MỪNG THỨC 10 TUỔI, MỜI BẠN BỐC THĂM - TRĂM PHẦN TRĂM CÓ QUÀ 17.10.2022 MỪNG THỨC 10 TUỔI, MỜI BẠN BỐC TH","17",
"200","story-detail","/chuyen-cua-thuc/mung-thuc-coffee-tron-12-tuoi-s1233t2/","http://www.thuccoffee.com.vn/chuyen-cua-thuc/mung-thuc-coffee-tron-12-tuoi-s1233t2/","Thức Coffee - Open 24/7 - MỪNG THỨC COFFEE TRÒN 12 TUỔI","H1: MỪNG THỨC COFFEE TRÒN 12 TUỔI | H4: THỨC COFFEE - OPEN 24/7 Hotline: 1800 6230 | H4: © 2018. All Right Reserved. Thức Coffee","Thức Coffee - Open 24/7 - MỪNG THỨC COFFEE TRÒN 12 TUỔI Trang chủ Menu Chuyện của Thức Về chúng tôi Cửa hàng Chính sách thành viên Tuyển Dụng Liên Hệ Đăng Nhập Nhận tin khuyến mãi của Thức 1800 6230 info.thuccoffee247@gmail.com 1800 6230 Menu Chuyện của Thức Về chúng tôi Cửa hàng Chính sách thành viên Tuyển Dụng Liên Hệ Thức uống Tin tức Trang chủ Chuyện của Thức MỪNG THỨC COFFEE TRÒN 12 TUỔI 07.10.2024 MỪNG THỨC COFFEE TRÒN 12 TUỔI KỶ NIỆM TUỔI 12 THỨC COFFEE CÙNG BỘ ĐÔI SPECIAL MILK TEA VÀ CHU","17",
"200","story-detail","/chuyen-cua-thuc/-new-store-%F0%9F%8E%89%F0%9F%8E%89-thuc-coffee-42-cong-quynh-q-1-open-24-7-%F0%9F%8E%89%F0%9F%8E%89-s852t2/","http://www.thuccoffee.com.vn/chuyen-cua-thuc/-new-store-%F0%9F%8E%89%F0%9F%8E%89-thuc-coffee-42-cong-quynh-q-1-open-24-7-%F0%9F%8E%89%F0%9F%8E%89-s852t2/","Thức Coffee - Open 24/7 - [NEW STORE] &#127881;&#127881; THỨC COFFEE - 42 CỐNG QUỲNH, Q.1 - OPEN 24/7 &#127881;&#127881;","H1: [NEW STORE] &#127881;&#127881; THỨC COFFEE - 42 CỐNG QUỲNH, Q.1 - OPEN 24/7 &#127881;&#127881; | H4: THỨC COFFEE - OPEN 24/7 Hotline: 1800 6230 | H4: © 2018. All Right Reserved. Thức Coffee","Thức Coffee - Open 24/7 - [NEW STORE] &#127881;&#127881; THỨC COFFEE - 42 CỐNG QUỲNH, Q.1 - OPEN 24/7 &#127881;&#127881; Trang chủ Menu Chuyện của Thức Về chúng tôi Cửa hàng Chính sách thành viên Tuyển Dụng Liên Hệ Đăng Nhập Nhận tin khuyến mãi của Thức 1800 6230 info.thuccoffee247@gmail.com 1800 6230 Menu Chuyện của Thức Về chúng tôi Cửa hàng Chính sách thành viên Tuyển Dụng Liên Hệ Thức uống Tin tức Trang chủ Chuyện của Thức [NEW STORE] &#127881;&#127881; THỨC COFFEE - 42 CỐNG QUỲNH, Q.1 - OPE","17",
"200","story-detail","/chuyen-cua-thuc/nguoi-nguoi-nha-nha-sau-may-hom-o-nha-chong-dich-tro-nen-yeubepnghiennha--s719t2/","http://www.thuccoffee.com.vn/chuyen-cua-thuc/nguoi-nguoi-nha-nha-sau-may-hom-o-nha-chong-dich-tro-nen-yeubepnghiennha--s719t2/","Thức Coffee - Open 24/7 - Người người nhà nhà sau mấy hôm ở nhà chống dịch trở nên #yêubếpnghiệnnhà!","H1: Người người nhà nhà sau mấy hôm ở nhà chống dịch trở nên #yêubếpnghiệnnhà! | H4: THỨC COFFEE - OPEN 24/7 Hotline: 1800 6230 | H4: © 2018. All Right Reserved. Thức Coffee","Thức Coffee - Open 24/7 - Người người nhà nhà sau mấy hôm ở nhà chống dịch trở nên #yêubếpnghiệnnhà! Trang chủ Menu Chuyện của Thức Về chúng tôi Cửa hàng Chính sách thành viên Tuyển Dụng Liên Hệ Đăng Nhập Nhận tin khuyến mãi của Thức 1800 6230 info.thuccoffee247@gmail.com 1800 6230 Menu Chuyện của Thức Về chúng tôi Cửa hàng Chính sách thành viên Tuyển Dụng Liên Hệ Thức uống Tin tức Trang chủ Chuyện của Thức Người người nhà nhà sau mấy hôm ở nhà chống dịch trở nên #yêubếpnghiệnnhà! 27.04.2020 Ngư","17",
"200","story-detail","/chuyen-cua-thuc/nha-moi-44b-ly-tu-trong-chinh-thuc-hoat-dong-24h-tu-hom-nay-s949t2/","http://www.thuccoffee.com.vn/chuyen-cua-thuc/nha-moi-44b-ly-tu-trong-chinh-thuc-hoat-dong-24h-tu-hom-nay-s949t2/","Thức Coffee - Open 24/7 - NHÀ MỚI 44B LÝ TỰ TRỌNG CHÍNH THỨC HOẠT ĐỘNG 24H TỪ HÔM NAY","H1: NHÀ MỚI 44B LÝ TỰ TRỌNG CHÍNH THỨC HOẠT ĐỘNG 24H TỪ HÔM NAY | H4: THỨC COFFEE - OPEN 24/7 Hotline: 1800 6230 | H4: © 2018. All Right Reserved. Thức Coffee","Thức Coffee - Open 24/7 - NHÀ MỚI 44B LÝ TỰ TRỌNG CHÍNH THỨC HOẠT ĐỘNG 24H TỪ HÔM NAY Trang chủ Menu Chuyện của Thức Về chúng tôi Cửa hàng Chính sách thành viên Tuyển Dụng Liên Hệ Đăng Nhập Nhận tin khuyến mãi của Thức 1800 6230 info.thuccoffee247@gmail.com 1800 6230 Menu Chuyện của Thức Về chúng tôi Cửa hàng Chính sách thành viên Tuyển Dụng Liên Hệ Thức uống Tin tức Trang chủ Chuyện của Thức NHÀ MỚI 44B LÝ TỰ TRỌNG CHÍNH THỨC HOẠT ĐỘNG 24H TỪ HÔM NAY 17.10.2022 NHÀ MỚI 44B LÝ TỰ TRỌNG CHÍNH THỨ","17",
"200","story-detail","/chuyen-cua-thuc/nhap-hoi-linh-hoat-cung-samsung-x-thuc-coffee-s1025t2/","http://www.thuccoffee.com.vn/chuyen-cua-thuc/nhap-hoi-linh-hoat-cung-samsung-x-thuc-coffee-s1025t2/","Thức Coffee - Open 24/7 - NHẬP HỘI LINH HOẠT CÙNG SAMSUNG x THỨC COFFEE","H1: NHẬP HỘI LINH HOẠT CÙNG SAMSUNG x THỨC COFFEE | H4: THỨC COFFEE - OPEN 24/7 Hotline: 1800 6230 | H4: © 2018. All Right Reserved. Thức Coffee","Thức Coffee - Open 24/7 - NHẬP HỘI LINH HOẠT CÙNG SAMSUNG x THỨC COFFEE Trang chủ Menu Chuyện của Thức Về chúng tôi Cửa hàng Chính sách thành viên Tuyển Dụng Liên Hệ Đăng Nhập Nhận tin khuyến mãi của Thức 1800 6230 info.thuccoffee247@gmail.com 1800 6230 Menu Chuyện của Thức Về chúng tôi Cửa hàng Chính sách thành viên Tuyển Dụng Liên Hệ Thức uống Tin tức Trang chủ Chuyện của Thức NHẬP HỘI LINH HOẠT CÙNG SAMSUNG x THỨC COFFEE 24.07.2023 NHẬP HỘI LINH HOẠT CÙNG SAMSUNG x THỨC COFFEE MỜI BẠN 100 LY ","17",
"200","story-detail","/chuyen-cua-thuc/o-may-zing-gut-deal-free-upsize-3-days-on-black-friday-%F0%9F%8E%89-s802t2/","http://www.thuccoffee.com.vn/chuyen-cua-thuc/o-may-zing-gut-deal-free-upsize-3-days-on-black-friday-%F0%9F%8E%89-s802t2/","Thức Coffee - Open 24/7 - Ờ mây zing, gút deal FREE UPSIZE 3 DAYS on BLACK FRIDAY &#127881;","H1: Ờ mây zing, gút deal FREE UPSIZE 3 DAYS on BLACK FRIDAY &#127881; | H4: THỨC COFFEE - OPEN 24/7 Hotline: 1800 6230 | H4: © 2018. All Right Reserved. Thức Coffee","Thức Coffee - Open 24/7 - Ờ mây zing, gút deal FREE UPSIZE 3 DAYS on BLACK FRIDAY &#127881; Trang chủ Menu Chuyện của Thức Về chúng tôi Cửa hàng Chính sách thành viên Tuyển Dụng Liên Hệ Đăng Nhập Nhận tin khuyến mãi của Thức 1800 6230 info.thuccoffee247@gmail.com 1800 6230 Menu Chuyện của Thức Về chúng tôi Cửa hàng Chính sách thành viên Tuyển Dụng Liên Hệ Thức uống Tin tức Trang chủ Chuyện của Thức Ờ mây zing, gút deal FREE UPSIZE 3 DAYS on BLACK FRIDAY &#127881; 24.11.2020 Ờ mây zing, gút deal ","17",
"200","story-detail","/chuyen-cua-thuc/qua-xinh-xan-cho-trao-tay-nang-s1286t2/","http://www.thuccoffee.com.vn/chuyen-cua-thuc/qua-xinh-xan-cho-trao-tay-nang-s1286t2/","Thức Coffee - Open 24/7 - QUÀ XINH XẮN CHỜ TRAO TAY NÀNG","H1: QUÀ XINH XẮN CHỜ TRAO TAY NÀNG | H4: THỨC COFFEE - OPEN 24/7 Hotline: 1800 6230 | H4: © 2018. All Right Reserved. Thức Coffee","Thức Coffee - Open 24/7 - QUÀ XINH XẮN CHỜ TRAO TAY NÀNG Trang chủ Menu Chuyện của Thức Về chúng tôi Cửa hàng Chính sách thành viên Tuyển Dụng Liên Hệ Đăng Nhập Nhận tin khuyến mãi của Thức 1800 6230 info.thuccoffee247@gmail.com 1800 6230 Menu Chuyện của Thức Về chúng tôi Cửa hàng Chính sách thành viên Tuyển Dụng Liên Hệ Thức uống Tin tức Trang chủ Chuyện của Thức QUÀ XINH XẮN CHỜ TRAO TAY NÀNG 21.10.2024 QUÀ XINH XẮN CHỜ TRAO TAY NÀNG 20/10 ghé Thức nhận quà xinh lung linh nàng nhé! Duy nhất ng","17",
"200","story-detail","/chuyen-cua-thuc/quay-phuc-vu-ca-phe-cho-su-kien-cong-ty-ban-da-thu-chua--s1039t2/","http://www.thuccoffee.com.vn/chuyen-cua-thuc/quay-phuc-vu-ca-phe-cho-su-kien-cong-ty-ban-da-thu-chua--s1039t2/","Thức Coffee - Open 24/7 - QUẦY PHỤC VỤ CÀ PHÊ CHO SỰ KIỆN CÔNG TY, bạn đã thử chưa??","H1: QUẦY PHỤC VỤ CÀ PHÊ CHO SỰ KIỆN CÔNG TY, bạn đã thử chưa?? | H4: THỨC COFFEE - OPEN 24/7 Hotline: 1800 6230 | H4: © 2018. All Right Reserved. Thức Coffee","Thức Coffee - Open 24/7 - QUẦY PHỤC VỤ CÀ PHÊ CHO SỰ KIỆN CÔNG TY, bạn đã thử chưa?? Trang chủ Menu Chuyện của Thức Về chúng tôi Cửa hàng Chính sách thành viên Tuyển Dụng Liên Hệ Đăng Nhập Nhận tin khuyến mãi của Thức 1800 6230 info.thuccoffee247@gmail.com 1800 6230 Menu Chuyện của Thức Về chúng tôi Cửa hàng Chính sách thành viên Tuyển Dụng Liên Hệ Thức uống Tin tức Trang chủ Chuyện của Thức QUẦY PHỤC VỤ CÀ PHÊ CHO SỰ KIỆN CÔNG TY, bạn đã thử chưa?? 07.08.2023 QUẦY PHỤC VỤ CÀ PHÊ CHO SỰ KIỆN CÔN","17",
"200","story-detail","/chuyen-cua-thuc/sai-gon-%E2%80%9Cthuc%E2%80%9D-cung-ca-phe-doi-dem-chuyen-ngay-s750t2/","http://www.thuccoffee.com.vn/chuyen-cua-thuc/sai-gon-%E2%80%9Cthuc%E2%80%9D-cung-ca-phe-doi-dem-chuyen-ngay-s750t2/","Thức Coffee - Open 24/7 - SÀI GÒN - “THỨC” CÙNG CÀ PHÊ ĐỢI ĐÊM CHUYỂN NGÀY","H1: SÀI GÒN - “THỨC” CÙNG CÀ PHÊ ĐỢI ĐÊM CHUYỂN NGÀY | H4: THỨC COFFEE - OPEN 24/7 Hotline: 1800 6230 | H4: © 2018. All Right Reserved. Thức Coffee","Thức Coffee - Open 24/7 - SÀI GÒN - “THỨC” CÙNG CÀ PHÊ ĐỢI ĐÊM CHUYỂN NGÀY Trang chủ Menu Chuyện của Thức Về chúng tôi Cửa hàng Chính sách thành viên Tuyển Dụng Liên Hệ Đăng Nhập Nhận tin khuyến mãi của Thức 1800 6230 info.thuccoffee247@gmail.com 1800 6230 Menu Chuyện của Thức Về chúng tôi Cửa hàng Chính sách thành viên Tuyển Dụng Liên Hệ Thức uống Tin tức Trang chủ Chuyện của Thức SÀI GÒN - “THỨC” CÙNG CÀ PHÊ ĐỢI ĐÊM CHUYỂN NGÀY 19.06.2020 SÀI GÒN - “THỨC” CÙNG CÀ PHÊ ĐỢI ĐÊM CHUYỂN NGÀY Chúng ","17",
"200","story-detail","/chuyen-cua-thuc/sale-sau-giam-dam-dai-tiec-tat-nien-cuoi-nam-s1369t2/","http://www.thuccoffee.com.vn/chuyen-cua-thuc/sale-sau-giam-dam-dai-tiec-tat-nien-cuoi-nam-s1369t2/","Thức Coffee - Open 24/7 - SALE SÂU GIẢM ĐẬM ĐẠI TIỆC TẤT NIÊN CUỐI NĂM","H1: SALE SÂU GIẢM ĐẬM ĐẠI TIỆC TẤT NIÊN CUỐI NĂM | H4: THỨC COFFEE - OPEN 24/7 Hotline: 1800 6230 | H4: © 2018. All Right Reserved. Thức Coffee","Thức Coffee - Open 24/7 - SALE SÂU GIẢM ĐẬM ĐẠI TIỆC TẤT NIÊN CUỐI NĂM Trang chủ Menu Chuyện của Thức Về chúng tôi Cửa hàng Chính sách thành viên Tuyển Dụng Liên Hệ Đăng Nhập Nhận tin khuyến mãi của Thức 1800 6230 info.thuccoffee247@gmail.com 1800 6230 Menu Chuyện của Thức Về chúng tôi Cửa hàng Chính sách thành viên Tuyển Dụng Liên Hệ Thức uống Tin tức Trang chủ Chuyện của Thức SALE SÂU GIẢM ĐẬM ĐẠI TIỆC TẤT NIÊN CUỐI NĂM 24.01.2025 SALE SÂU GIẢM ĐẬM ĐẠI TIỆC TẤT NIÊN CUỐI NĂM Sau 1 năm gắn kết,","17",
"200","story-detail","/chuyen-cua-thuc/salted-milkfoam-coffee-biscuit-sticks-with-creamfoam-s1002t2/","http://www.thuccoffee.com.vn/chuyen-cua-thuc/salted-milkfoam-coffee-biscuit-sticks-with-creamfoam-s1002t2/","Thức Coffee - Open 24/7 - SALTED MILKFOAM COFFEE & BISCUIT STICKS WITH CREAMFOAM","H1: SALTED MILKFOAM COFFEE & BISCUIT STICKS WITH CREAMFOAM | H4: THỨC COFFEE - OPEN 24/7 Hotline: 1800 6230 | H4: © 2018. All Right Reserved. Thức Coffee","Thức Coffee - Open 24/7 - SALTED MILKFOAM COFFEE & BISCUIT STICKS WITH CREAMFOAM Trang chủ Menu Chuyện của Thức Về chúng tôi Cửa hàng Chính sách thành viên Tuyển Dụng Liên Hệ Đăng Nhập Nhận tin khuyến mãi của Thức 1800 6230 info.thuccoffee247@gmail.com 1800 6230 Menu Chuyện của Thức Về chúng tôi Cửa hàng Chính sách thành viên Tuyển Dụng Liên Hệ Thức uống Tin tức Trang chủ Chuyện của Thức SALTED MILKFOAM COFFEE & BISCUIT STICKS WITH CREAMFOAM 27.05.2023 SALTED MILKFOAM COFFEE & BISCUIT STICKS WIT","17",
"200","story-detail","/chuyen-cua-thuc/sang-bung-tinh-voi-combo-ca-phe-banh-chi-52-000d-s1061t2/","http://www.thuccoffee.com.vn/chuyen-cua-thuc/sang-bung-tinh-voi-combo-ca-phe-banh-chi-52-000d-s1061t2/","Thức Coffee - Open 24/7 - SÁNG BỪNG TỈNH với COMBO CÀ PHÊ + BÁNH chỉ 52.000Đ","H1: SÁNG BỪNG TỈNH với COMBO CÀ PHÊ + BÁNH chỉ 52.000Đ | H4: THỨC COFFEE - OPEN 24/7 Hotline: 1800 6230 | H4: © 2018. All Right Reserved. Thức Coffee","Thức Coffee - Open 24/7 - SÁNG BỪNG TỈNH với COMBO CÀ PHÊ + BÁNH chỉ 52.000Đ Trang chủ Menu Chuyện của Thức Về chúng tôi Cửa hàng Chính sách thành viên Tuyển Dụng Liên Hệ Đăng Nhập Nhận tin khuyến mãi của Thức 1800 6230 info.thuccoffee247@gmail.com 1800 6230 Menu Chuyện của Thức Về chúng tôi Cửa hàng Chính sách thành viên Tuyển Dụng Liên Hệ Thức uống Tin tức Trang chủ Chuyện của Thức SÁNG BỪNG TỈNH với COMBO CÀ PHÊ + BÁNH chỉ 52.000Đ 11.09.2023 SÁNG BỪNG TỈNH với COMBO CÀ PHÊ + BÁNH chỉ 52.000Đ ","17",
"200","story-detail","/chuyen-cua-thuc/sang-nang-luong-tran-hung-khoi-s1076t2/","http://www.thuccoffee.com.vn/chuyen-cua-thuc/sang-nang-luong-tran-hung-khoi-s1076t2/","Thức Coffee - Open 24/7 - SÁNG NĂNG LƯỢNG, TRÀN HỨNG KHỞI","H1: SÁNG NĂNG LƯỢNG, TRÀN HỨNG KHỞI | H4: THỨC COFFEE - OPEN 24/7 Hotline: 1800 6230 | H4: © 2018. All Right Reserved. Thức Coffee","Thức Coffee - Open 24/7 - SÁNG NĂNG LƯỢNG, TRÀN HỨNG KHỞI Trang chủ Menu Chuyện của Thức Về chúng tôi Cửa hàng Chính sách thành viên Tuyển Dụng Liên Hệ Đăng Nhập Nhận tin khuyến mãi của Thức 1800 6230 info.thuccoffee247@gmail.com 1800 6230 Menu Chuyện của Thức Về chúng tôi Cửa hàng Chính sách thành viên Tuyển Dụng Liên Hệ Thức uống Tin tức Trang chủ Chuyện của Thức SÁNG NĂNG LƯỢNG, TRÀN HỨNG KHỞI 30.10.2023 SÁNG NĂNG LƯỢNG, TRÀN HỨNG KHỞI BỮA SÁNG NĂNG LƯỢNG, TRÀN ĐẦY HỨNG KHỞI với combo CÀ PHÊ ","17",
"200","story-detail","/chuyen-cua-thuc/sang-no-ne-moi-ngay-cung-thuc-coffee-s1474t2/","http://www.thuccoffee.com.vn/chuyen-cua-thuc/sang-no-ne-moi-ngay-cung-thuc-coffee-s1474t2/","Thức Coffee - Open 24/7 - SÁNG NO NÊ MỖI NGÀY CÙNG THỨC COFFEE","H1: SÁNG NO NÊ MỖI NGÀY CÙNG THỨC COFFEE | H4: THỨC COFFEE - OPEN 24/7 Hotline: 1800 6230 | H4: © 2018. All Right Reserved. Thức Coffee","Thức Coffee - Open 24/7 - SÁNG NO NÊ MỖI NGÀY CÙNG THỨC COFFEE Trang chủ Menu Chuyện của Thức Về chúng tôi Cửa hàng Chính sách thành viên Tuyển Dụng Liên Hệ Đăng Nhập Nhận tin khuyến mãi của Thức 1800 6230 info.thuccoffee247@gmail.com 1800 6230 Menu Chuyện của Thức Về chúng tôi Cửa hàng Chính sách thành viên Tuyển Dụng Liên Hệ Thức uống Tin tức Trang chủ Chuyện của Thức SÁNG NO NÊ MỖI NGÀY CÙNG THỨC COFFEE 02.06.2026 SÁNG NO NÊ MỖI NGÀY CÙNG THỨC COFFEE Năng lượng ""full bình"" cho ngày dài năng s","17",
"200","story-detail","/chuyen-cua-thuc/sieu-uu-dai-mua-2-tang-1-%F0%9F%8E%8A-s787t2/","http://www.thuccoffee.com.vn/chuyen-cua-thuc/sieu-uu-dai-mua-2-tang-1-%F0%9F%8E%8A-s787t2/","Thức Coffee - Open 24/7 - SIÊU ƯU ĐÃI - MUA 2 TẶNG 1 &#127882;","H1: SIÊU ƯU ĐÃI - MUA 2 TẶNG 1 &#127882; | H4: THỨC COFFEE - OPEN 24/7 Hotline: 1800 6230 | H4: © 2018. All Right Reserved. Thức Coffee","Thức Coffee - Open 24/7 - SIÊU ƯU ĐÃI - MUA 2 TẶNG 1 &#127882; Trang chủ Menu Chuyện của Thức Về chúng tôi Cửa hàng Chính sách thành viên Tuyển Dụng Liên Hệ Đăng Nhập Nhận tin khuyến mãi của Thức 1800 6230 info.thuccoffee247@gmail.com 1800 6230 Menu Chuyện của Thức Về chúng tôi Cửa hàng Chính sách thành viên Tuyển Dụng Liên Hệ Thức uống Tin tức Trang chủ Chuyện của Thức SIÊU ƯU ĐÃI - MUA 2 TẶNG 1 &#127882; 25.09.2020 SIÊU ƯU ĐÃI - MUA 2 TẶNG 1 &#127882; Cuối tuần rồi, bạn đã tự thưởng cho mình m","17",
"200","story-detail","/chuyen-cua-thuc/-su-kien-mung-thuc-8-tuoi-s782t2/","http://www.thuccoffee.com.vn/chuyen-cua-thuc/-su-kien-mung-thuc-8-tuoi-s782t2/","Thức Coffee - Open 24/7 - [SỰ KIỆN] MỪNG THỨC 8 TUỔI","H1: [SỰ KIỆN] MỪNG THỨC 8 TUỔI | H4: THỨC COFFEE - OPEN 24/7 Hotline: 1800 6230 | H4: © 2018. All Right Reserved. Thức Coffee","Thức Coffee - Open 24/7 - [SỰ KIỆN] MỪNG THỨC 8 TUỔI Trang chủ Menu Chuyện của Thức Về chúng tôi Cửa hàng Chính sách thành viên Tuyển Dụng Liên Hệ Đăng Nhập Nhận tin khuyến mãi của Thức 1800 6230 info.thuccoffee247@gmail.com 1800 6230 Menu Chuyện của Thức Về chúng tôi Cửa hàng Chính sách thành viên Tuyển Dụng Liên Hệ Thức uống Tin tức Trang chủ Chuyện của Thức [SỰ KIỆN] MỪNG THỨC 8 TUỔI 19.09.2020 [SỰ KIỆN] MỪNG THỨC 8 TUỔI Vậy là tròn 8 năm bên nhau, niềm vui nho nhỏ xen lẫn niềm vui to to khi ","17",
"200","story-detail","/chuyen-cua-thuc/sweet-love--s137t2/","http://www.thuccoffee.com.vn/chuyen-cua-thuc/sweet-love--s137t2/","Thức Coffee - Open 24/7 - Sweet love!","H1: Sweet love! | H4: THỨC COFFEE - OPEN 24/7 Hotline: 1800 6230 | H4: © 2018. All Right Reserved. Thức Coffee","Thức Coffee - Open 24/7 - Sweet love! Trang chủ Menu Chuyện của Thức Về chúng tôi Cửa hàng Chính sách thành viên Tuyển Dụng Liên Hệ Đăng Nhập Nhận tin khuyến mãi của Thức 1800 6230 info.thuccoffee247@gmail.com 1800 6230 Menu Chuyện của Thức Về chúng tôi Cửa hàng Chính sách thành viên Tuyển Dụng Liên Hệ Thức uống Tin tức Trang chủ Chuyện của Thức Sweet love! 27.05.2018 Sweet love! Có lẽ rằng, nhiều bạn trẻ sẽ thắc mắc Valentine Trắng là ngày gì? Tình yêu luôn mới mẻ mỗi ngày, người ta dường như y","17",
"200","story-detail","/chuyen-cua-thuc/sweet-xmas-is-coming--s961t2/","http://www.thuccoffee.com.vn/chuyen-cua-thuc/sweet-xmas-is-coming--s961t2/","Thức Coffee - Open 24/7 - SWEET XMAS IS COMING...","H1: SWEET XMAS IS COMING... | H4: THỨC COFFEE - OPEN 24/7 Hotline: 1800 6230 | H4: © 2018. All Right Reserved. Thức Coffee","Thức Coffee - Open 24/7 - SWEET XMAS IS COMING... Trang chủ Menu Chuyện của Thức Về chúng tôi Cửa hàng Chính sách thành viên Tuyển Dụng Liên Hệ Đăng Nhập Nhận tin khuyến mãi của Thức 1800 6230 info.thuccoffee247@gmail.com 1800 6230 Menu Chuyện của Thức Về chúng tôi Cửa hàng Chính sách thành viên Tuyển Dụng Liên Hệ Thức uống Tin tức Trang chủ Chuyện của Thức SWEET XMAS IS COMING... 17.11.2022 SWEET XMAS IS COMING... 🔔Leng keng leng keng... Thức's Santa mang những siêu phẩm Giáng Sinh đến cho mọi","17",
"200","story-detail","/chuyen-cua-thuc/tam-biet-cua-hang-22-quang-trung-voi-that-nhieu-ky-niem--s918t2/","http://www.thuccoffee.com.vn/chuyen-cua-thuc/tam-biet-cua-hang-22-quang-trung-voi-that-nhieu-ky-niem--s918t2/","Thức Coffee - Open 24/7 - Tạm biệt cửa hàng 22 Quang Trung với thật nhiều kỷ niệm!","H1: Tạm biệt cửa hàng 22 Quang Trung với thật nhiều kỷ niệm! | H4: THỨC COFFEE - OPEN 24/7 Hotline: 1800 6230 | H4: © 2018. All Right Reserved. Thức Coffee","Thức Coffee - Open 24/7 - Tạm biệt cửa hàng 22 Quang Trung với thật nhiều kỷ niệm! Trang chủ Menu Chuyện của Thức Về chúng tôi Cửa hàng Chính sách thành viên Tuyển Dụng Liên Hệ Đăng Nhập Nhận tin khuyến mãi của Thức 1800 6230 info.thuccoffee247@gmail.com 1800 6230 Menu Chuyện của Thức Về chúng tôi Cửa hàng Chính sách thành viên Tuyển Dụng Liên Hệ Thức uống Tin tức Trang chủ Chuyện của Thức Tạm biệt cửa hàng 22 Quang Trung với thật nhiều kỷ niệm! 11.07.2022 Tạm biệt cửa hàng 22 Quang Trung với th","17",
"200","story-detail","/chuyen-cua-thuc/tan-gia-nha-moi-moi-ban-toi-choi-s938t2/","http://www.thuccoffee.com.vn/chuyen-cua-thuc/tan-gia-nha-moi-moi-ban-toi-choi-s938t2/","Thức Coffee - Open 24/7 - TÂN GIA NHÀ MỚI, MỜI BẠN TỚI CHƠI","H1: TÂN GIA NHÀ MỚI, MỜI BẠN TỚI CHƠI | H4: THỨC COFFEE - OPEN 24/7 Hotline: 1800 6230 | H4: © 2018. All Right Reserved. Thức Coffee","Thức Coffee - Open 24/7 - TÂN GIA NHÀ MỚI, MỜI BẠN TỚI CHƠI Trang chủ Menu Chuyện của Thức Về chúng tôi Cửa hàng Chính sách thành viên Tuyển Dụng Liên Hệ Đăng Nhập Nhận tin khuyến mãi của Thức 1800 6230 info.thuccoffee247@gmail.com 1800 6230 Menu Chuyện của Thức Về chúng tôi Cửa hàng Chính sách thành viên Tuyển Dụng Liên Hệ Thức uống Tin tức Trang chủ Chuyện của Thức TÂN GIA NHÀ MỚI, MỜI BẠN TỚI CHƠI 12.09.2022 TÂN GIA NHÀ MỚI, MỜI BẠN TỚI CHƠI Sau bao ngày chạy deadline, nay cửa hàng mới cũng đ","17",
"200","story-detail","/chuyen-cua-thuc/tet-nay-sung-tuc-phat-tai-du-day-nhu-y-s1116t2/","http://www.thuccoffee.com.vn/chuyen-cua-thuc/tet-nay-sung-tuc-phat-tai-du-day-nhu-y-s1116t2/","Thức Coffee - Open 24/7 - Tết này, SUNG TÚC - PHÁT TÀI - ĐỦ ĐẦY - NHƯ Ý","H1: Tết này, SUNG TÚC - PHÁT TÀI - ĐỦ ĐẦY - NHƯ Ý | H4: THỨC COFFEE - OPEN 24/7 Hotline: 1800 6230 | H4: © 2018. All Right Reserved. Thức Coffee","Thức Coffee - Open 24/7 - Tết này, SUNG TÚC - PHÁT TÀI - ĐỦ ĐẦY - NHƯ Ý Trang chủ Menu Chuyện của Thức Về chúng tôi Cửa hàng Chính sách thành viên Tuyển Dụng Liên Hệ Đăng Nhập Nhận tin khuyến mãi của Thức 1800 6230 info.thuccoffee247@gmail.com 1800 6230 Menu Chuyện của Thức Về chúng tôi Cửa hàng Chính sách thành viên Tuyển Dụng Liên Hệ Thức uống Tin tức Trang chủ Chuyện của Thức Tết này, SUNG TÚC - PHÁT TÀI - ĐỦ ĐẦY - NHƯ Ý 15.01.2024 Tết này, SUNG TÚC - PHÁT TÀI - ĐỦ ĐẦY - NHƯ Ý Chào đón Tết Gi","17",
"200","story-detail","/chuyen-cua-thuc/thap-cam-say-cho-tet-them-du-day-s896t2/","http://www.thuccoffee.com.vn/chuyen-cua-thuc/thap-cam-say-cho-tet-them-du-day-s896t2/","Thức Coffee - Open 24/7 - THẬP CẨM SẤY cho Tết thêm đủ đầy","H1: THẬP CẨM SẤY cho Tết thêm đủ đầy | H4: THỨC COFFEE - OPEN 24/7 Hotline: 1800 6230 | H4: © 2018. All Right Reserved. Thức Coffee","Thức Coffee - Open 24/7 - THẬP CẨM SẤY cho Tết thêm đủ đầy Trang chủ Menu Chuyện của Thức Về chúng tôi Cửa hàng Chính sách thành viên Tuyển Dụng Liên Hệ Đăng Nhập Nhận tin khuyến mãi của Thức 1800 6230 info.thuccoffee247@gmail.com 1800 6230 Menu Chuyện của Thức Về chúng tôi Cửa hàng Chính sách thành viên Tuyển Dụng Liên Hệ Thức uống Tin tức Trang chủ Chuyện của Thức THẬP CẨM SẤY cho Tết thêm đủ đầy 24.01.2022 THẬP CẨM SẤY cho Tết thêm đủ đầy 🥰 Cứ Tết đến Xuân về menu ăn vặt nhà Thức lại sưu tầm","17",
"200","story-detail","/chuyen-cua-thuc/them-mon-them-vui-snack-da-co-them-thanh-vien-moi-kho-bo-gion-cay-s1371t2/","http://www.thuccoffee.com.vn/chuyen-cua-thuc/them-mon-them-vui-snack-da-co-them-thanh-vien-moi-kho-bo-gion-cay-s1371t2/","Thức Coffee - Open 24/7 - THÊM MÓN THÊM VUI, SNACK ĐÃ CÓ THÊM THÀNH VIÊN MỚI: KHÔ BÒ GIÒN CAY","H1: THÊM MÓN THÊM VUI, SNACK ĐÃ CÓ THÊM THÀNH VIÊN MỚI: KHÔ BÒ GIÒN CAY | H4: THỨC COFFEE - OPEN 24/7 Hotline: 1800 6230 | H4: © 2018. All Right Reserved. Thức Coffee","Thức Coffee - Open 24/7 - THÊM MÓN THÊM VUI, SNACK ĐÃ CÓ THÊM THÀNH VIÊN MỚI: KHÔ BÒ GIÒN CAY Trang chủ Menu Chuyện của Thức Về chúng tôi Cửa hàng Chính sách thành viên Tuyển Dụng Liên Hệ Đăng Nhập Nhận tin khuyến mãi của Thức 1800 6230 info.thuccoffee247@gmail.com 1800 6230 Menu Chuyện của Thức Về chúng tôi Cửa hàng Chính sách thành viên Tuyển Dụng Liên Hệ Thức uống Tin tức Trang chủ Chuyện của Thức THÊM MÓN THÊM VUI, SNACK ĐÃ CÓ THÊM THÀNH VIÊN MỚI: KHÔ BÒ GIÒN CAY 24.01.2025 THÊM MÓN THÊM VUI","17",
"200","story-detail","/chuyen-cua-thuc/-thong-bao-%F0%9F%93%8C%F0%9F%93%8C-thoi-gian-va-hinh-thuc-hoat-dong-cua-thuc-coffee-trong-mua-co-vi-%F0%9F%93%8C%F0%9F%93%8C-s689t2/","http://www.thuccoffee.com.vn/chuyen-cua-thuc/-thong-bao-%F0%9F%93%8C%F0%9F%93%8C-thoi-gian-va-hinh-thuc-hoat-dong-cua-thuc-coffee-trong-mua-co-vi-%F0%9F%93%8C%F0%9F%93%8C-s689t2/","Thức Coffee - Open 24/7 - [THÔNG BÁO] &#128204;&#128204; THỜI GIAN VÀ HÌNH THỨC HOẠT ĐỘNG CỦA THỨC COFFEE TRONG MÙA CÔ VI &#128204;&#128204;","H1: [THÔNG BÁO] &#128204;&#128204; THỜI GIAN VÀ HÌNH THỨC HOẠT ĐỘNG CỦA THỨC COFFEE TRONG MÙA CÔ VI &#128204;&#128204; | H4: THỨC COFFEE - OPEN 24/7 Hotline: 1800 6230 | H4: © 2018. All Right Reserved. Thức Coffee","Thức Coffee - Open 24/7 - [THÔNG BÁO] &#128204;&#128204; THỜI GIAN VÀ HÌNH THỨC HOẠT ĐỘNG CỦA THỨC COFFEE TRONG MÙA CÔ VI &#128204;&#128204; Trang chủ Menu Chuyện của Thức Về chúng tôi Cửa hàng Chính sách thành viên Tuyển Dụng Liên Hệ Đăng Nhập Nhận tin khuyến mãi của Thức 1800 6230 info.thuccoffee247@gmail.com 1800 6230 Menu Chuyện của Thức Về chúng tôi Cửa hàng Chính sách thành viên Tuyển Dụng Liên Hệ Thức uống Tin tức Trang chủ Chuyện của Thức [THÔNG BÁO] &#128204;&#128204; THỜI GIAN VÀ HÌNH ","17",
"200","story-detail","/chuyen-cua-thuc/-thong-bao-cap-nhat-chuong-trinh-thanh-vien-thuc-coffee-s570t2/","http://www.thuccoffee.com.vn/chuyen-cua-thuc/-thong-bao-cap-nhat-chuong-trinh-thanh-vien-thuc-coffee-s570t2/","Thức Coffee - Open 24/7 - [Thông báo] Cập nhật chương trình Thành viên Thức Coffee","H1: [Thông báo] Cập nhật chương trình Thành viên Thức Coffee | H4: THỨC COFFEE - OPEN 24/7 Hotline: 1800 6230 | H4: © 2018. All Right Reserved. Thức Coffee","Thức Coffee - Open 24/7 - [Thông báo] Cập nhật chương trình Thành viên Thức Coffee Trang chủ Menu Chuyện của Thức Về chúng tôi Cửa hàng Chính sách thành viên Tuyển Dụng Liên Hệ Đăng Nhập Nhận tin khuyến mãi của Thức 1800 6230 info.thuccoffee247@gmail.com 1800 6230 Menu Chuyện của Thức Về chúng tôi Cửa hàng Chính sách thành viên Tuyển Dụng Liên Hệ Thức uống Tin tức Trang chủ Chuyện của Thức [Thông báo] Cập nhật chương trình Thành viên Thức Coffee 09.07.2019 [Thông báo] Cập nhật chương trình Thành","17",
"200","story-detail","/chuyen-cua-thuc/-thong-bao-ket-thuc-chuong-trinh-thanh-vien-tich-diem-doi-qua--s566t2/","http://www.thuccoffee.com.vn/chuyen-cua-thuc/-thong-bao-ket-thuc-chuong-trinh-thanh-vien-tich-diem-doi-qua--s566t2/","Thức Coffee - Open 24/7 - [Thông báo] Kết thúc chương trình thành viên ""tích điểm đổi quà""","H1: [Thông báo] Kết thúc chương trình thành viên ""tích điểm đổi quà"" | H4: THỨC COFFEE - OPEN 24/7 Hotline: 1800 6230 | H4: © 2018. All Right Reserved. Thức Coffee","Thức Coffee - Open 24/7 - [Thông báo] Kết thúc chương trình thành viên ""tích điểm đổi quà"" Trang chủ Menu Chuyện của Thức Về chúng tôi Cửa hàng Chính sách thành viên Tuyển Dụng Liên Hệ Đăng Nhập Nhận tin khuyến mãi của Thức 1800 6230 info.thuccoffee247@gmail.com 1800 6230 Menu Chuyện của Thức Về chúng tôi Cửa hàng Chính sách thành viên Tuyển Dụng Liên Hệ Thức uống Tin tức Trang chủ Chuyện của Thức [Thông báo] Kết thúc chương trình thành viên ""tích điểm đổi quà"" 24.06.2019 [Thông báo] Kết thúc ch","17",
"200","story-detail","/chuyen-cua-thuc/thong-bao-lich-hoat-dong-tet-at-ty-2025-s1370t2/","http://www.thuccoffee.com.vn/chuyen-cua-thuc/thong-bao-lich-hoat-dong-tet-at-ty-2025-s1370t2/","Thức Coffee - Open 24/7 - THÔNG BÁO LỊCH HOẠT ĐỘNG TẾT ẤT TỴ 2025","H1: THÔNG BÁO LỊCH HOẠT ĐỘNG TẾT ẤT TỴ 2025 | H4: THỨC COFFEE - OPEN 24/7 Hotline: 1800 6230 | H4: © 2018. All Right Reserved. Thức Coffee","Thức Coffee - Open 24/7 - THÔNG BÁO LỊCH HOẠT ĐỘNG TẾT ẤT TỴ 2025 Trang chủ Menu Chuyện của Thức Về chúng tôi Cửa hàng Chính sách thành viên Tuyển Dụng Liên Hệ Đăng Nhập Nhận tin khuyến mãi của Thức 1800 6230 info.thuccoffee247@gmail.com 1800 6230 Menu Chuyện của Thức Về chúng tôi Cửa hàng Chính sách thành viên Tuyển Dụng Liên Hệ Thức uống Tin tức Trang chủ Chuyện của Thức THÔNG BÁO LỊCH HOẠT ĐỘNG TẾT ẤT TỴ 2025 24.01.2025 THÔNG BÁO LỊCH HOẠT ĐỘNG TẾT ẤT TỴ 2025 THỨC COFFEE HOẠT ĐỘNG XUYÊN TẾT C","17",
"200","story-detail","/chuyen-cua-thuc/-thong-bao-lich-hoat-dong-tet-duong-lich-2022-%F0%9F%93%9D-s885t2/","http://www.thuccoffee.com.vn/chuyen-cua-thuc/-thong-bao-lich-hoat-dong-tet-duong-lich-2022-%F0%9F%93%9D-s885t2/","Thức Coffee - Open 24/7 - [THÔNG BÁO] LỊCH HOẠT ĐỘNG TẾT DƯƠNG LỊCH 2022 &#128221;","H1: [THÔNG BÁO] LỊCH HOẠT ĐỘNG TẾT DƯƠNG LỊCH 2022 &#128221; | H4: THỨC COFFEE - OPEN 24/7 Hotline: 1800 6230 | H4: © 2018. All Right Reserved. Thức Coffee","Thức Coffee - Open 24/7 - [THÔNG BÁO] LỊCH HOẠT ĐỘNG TẾT DƯƠNG LỊCH 2022 &#128221; Trang chủ Menu Chuyện của Thức Về chúng tôi Cửa hàng Chính sách thành viên Tuyển Dụng Liên Hệ Đăng Nhập Nhận tin khuyến mãi của Thức 1800 6230 info.thuccoffee247@gmail.com 1800 6230 Menu Chuyện của Thức Về chúng tôi Cửa hàng Chính sách thành viên Tuyển Dụng Liên Hệ Thức uống Tin tức Trang chủ Chuyện của Thức [THÔNG BÁO] LỊCH HOẠT ĐỘNG TẾT DƯƠNG LỊCH 2022 &#128221; 31.12.2021 [THÔNG BÁO] LỊCH HOẠT ĐỘNG TẾT DƯƠNG LỊ","17",
"200","story-detail","/chuyen-cua-thuc/thong-bao-ngung-hoat-dong-cua-hang-182-pasteur-s965t2/","http://www.thuccoffee.com.vn/chuyen-cua-thuc/thong-bao-ngung-hoat-dong-cua-hang-182-pasteur-s965t2/","Thức Coffee - Open 24/7 - THÔNG BÁO NGƯNG HOẠT ĐỘNG CỬA HÀNG 182 PASTEUR","H1: THÔNG BÁO NGƯNG HOẠT ĐỘNG CỬA HÀNG 182 PASTEUR | H4: THỨC COFFEE - OPEN 24/7 Hotline: 1800 6230 | H4: © 2018. All Right Reserved. Thức Coffee","Thức Coffee - Open 24/7 - THÔNG BÁO NGƯNG HOẠT ĐỘNG CỬA HÀNG 182 PASTEUR Trang chủ Menu Chuyện của Thức Về chúng tôi Cửa hàng Chính sách thành viên Tuyển Dụng Liên Hệ Đăng Nhập Nhận tin khuyến mãi của Thức 1800 6230 info.thuccoffee247@gmail.com 1800 6230 Menu Chuyện của Thức Về chúng tôi Cửa hàng Chính sách thành viên Tuyển Dụng Liên Hệ Thức uống Tin tức Trang chủ Chuyện của Thức THÔNG BÁO NGƯNG HOẠT ĐỘNG CỬA HÀNG 182 PASTEUR 14.12.2022 THÔNG BÁO NGƯNG HOẠT ĐỘNG CỬA HÀNG 182 PASTEUR Cuộc vui nào","17",
"200","story-detail","/chuyen-cua-thuc/thong-bao-thay-doi-dia-diem-cua-hang-156b-pasteur-s946t2/","http://www.thuccoffee.com.vn/chuyen-cua-thuc/thong-bao-thay-doi-dia-diem-cua-hang-156b-pasteur-s946t2/","Thức Coffee - Open 24/7 - THÔNG BÁO THAY ĐỔI ĐỊA ĐIỂM CỬA HÀNG 156B PASTEUR","H1: THÔNG BÁO THAY ĐỔI ĐỊA ĐIỂM CỬA HÀNG 156B PASTEUR | H4: THỨC COFFEE - OPEN 24/7 Hotline: 1800 6230 | H4: © 2018. All Right Reserved. Thức Coffee","Thức Coffee - Open 24/7 - THÔNG BÁO THAY ĐỔI ĐỊA ĐIỂM CỬA HÀNG 156B PASTEUR Trang chủ Menu Chuyện của Thức Về chúng tôi Cửa hàng Chính sách thành viên Tuyển Dụng Liên Hệ Đăng Nhập Nhận tin khuyến mãi của Thức 1800 6230 info.thuccoffee247@gmail.com 1800 6230 Menu Chuyện của Thức Về chúng tôi Cửa hàng Chính sách thành viên Tuyển Dụng Liên Hệ Thức uống Tin tức Trang chủ Chuyện của Thức THÔNG BÁO THAY ĐỔI ĐỊA ĐIỂM CỬA HÀNG 156B PASTEUR 24.09.2022 THÔNG BÁO THAY ĐỔI ĐỊA ĐIỂM CỬA HÀNG 156B PASTEUR Tạm","17",
"200","story-detail","/chuyen-cua-thuc/-thong-bao-thay-doi-dia-diem-cua-hang-s851t2/","http://www.thuccoffee.com.vn/chuyen-cua-thuc/-thong-bao-thay-doi-dia-diem-cua-hang-s851t2/","Thức Coffee - Open 24/7 - [THÔNG BÁO] THAY ĐỔI ĐỊA ĐIỂM CỬA HÀNG","H1: [THÔNG BÁO] THAY ĐỔI ĐỊA ĐIỂM CỬA HÀNG | H4: THỨC COFFEE - OPEN 24/7 Hotline: 1800 6230 | H4: © 2018. All Right Reserved. Thức Coffee","Thức Coffee - Open 24/7 - [THÔNG BÁO] THAY ĐỔI ĐỊA ĐIỂM CỬA HÀNG Trang chủ Menu Chuyện của Thức Về chúng tôi Cửa hàng Chính sách thành viên Tuyển Dụng Liên Hệ Đăng Nhập Nhận tin khuyến mãi của Thức 1800 6230 info.thuccoffee247@gmail.com 1800 6230 Menu Chuyện của Thức Về chúng tôi Cửa hàng Chính sách thành viên Tuyển Dụng Liên Hệ Thức uống Tin tức Trang chủ Chuyện của Thức [THÔNG BÁO] THAY ĐỔI ĐỊA ĐIỂM CỬA HÀNG 03.05.2021 [THÔNG BÁO] THAY ĐỔI ĐỊA ĐIỂM CỬA HÀNG Thức Coffee xin thông báo: Kể từ hôm","17",
"200","story-detail","/chuyen-cua-thuc/-thong-bao-thay-doi-thoi-gian-giao-hang-va-chuong-trinh-%E2%80%9Cgiam-20-freeship%E2%80%9D-s728t2/","http://www.thuccoffee.com.vn/chuyen-cua-thuc/-thong-bao-thay-doi-thoi-gian-giao-hang-va-chuong-trinh-%E2%80%9Cgiam-20-freeship%E2%80%9D-s728t2/","Thức Coffee - Open 24/7 - [THÔNG BÁO] Thay đổi thời gian giao hàng và chương trình “Giảm 20% - FREESHIP”","H1: [THÔNG BÁO] Thay đổi thời gian giao hàng và chương trình “Giảm 20% - FREESHIP” | H4: THỨC COFFEE - OPEN 24/7 Hotline: 1800 6230 | H4: © 2018. All Right Reserved. Thức Coffee","Thức Coffee - Open 24/7 - [THÔNG BÁO] Thay đổi thời gian giao hàng và chương trình “Giảm 20% - FREESHIP” Trang chủ Menu Chuyện của Thức Về chúng tôi Cửa hàng Chính sách thành viên Tuyển Dụng Liên Hệ Đăng Nhập Nhận tin khuyến mãi của Thức 1800 6230 info.thuccoffee247@gmail.com 1800 6230 Menu Chuyện của Thức Về chúng tôi Cửa hàng Chính sách thành viên Tuyển Dụng Liên Hệ Thức uống Tin tức Trang chủ Chuyện của Thức [THÔNG BÁO] Thay đổi thời gian giao hàng và chương trình “Giảm 20% - FREESHIP” 08.05.","17",
"200","story-detail","/chuyen-cua-thuc/-thong-bao-thay-doi-thoi-gian-va-hinh-thuc-hoat-dong-cac-cua-hang-thuc-coffee--s865t2/","http://www.thuccoffee.com.vn/chuyen-cua-thuc/-thong-bao-thay-doi-thoi-gian-va-hinh-thuc-hoat-dong-cac-cua-hang-thuc-coffee--s865t2/","Thức Coffee - Open 24/7 - [THÔNG BÁO] THAY ĐỔI THỜI GIAN VÀ HÌNH THỨC HOẠT ĐỘNG CÁC CỬA HÀNG THỨC COFFEE.","H1: [THÔNG BÁO] THAY ĐỔI THỜI GIAN VÀ HÌNH THỨC HOẠT ĐỘNG CÁC CỬA HÀNG THỨC COFFEE. | H4: THỨC COFFEE - OPEN 24/7 Hotline: 1800 6230 | H4: © 2018. All Right Reserved. Thức Coffee","Thức Coffee - Open 24/7 - [THÔNG BÁO] THAY ĐỔI THỜI GIAN VÀ HÌNH THỨC HOẠT ĐỘNG CÁC CỬA HÀNG THỨC COFFEE. Trang chủ Menu Chuyện của Thức Về chúng tôi Cửa hàng Chính sách thành viên Tuyển Dụng Liên Hệ Đăng Nhập Nhận tin khuyến mãi của Thức 1800 6230 info.thuccoffee247@gmail.com 1800 6230 Menu Chuyện của Thức Về chúng tôi Cửa hàng Chính sách thành viên Tuyển Dụng Liên Hệ Thức uống Tin tức Trang chủ Chuyện của Thức [THÔNG BÁO] THAY ĐỔI THỜI GIAN VÀ HÌNH THỨC HOẠT ĐỘNG CÁC CỬA HÀNG THỨC COFFEE. 27.0","17",
"200","story-detail","/chuyen-cua-thuc/thu%CC%9B%CC%81-ba-so%CC%82%CC%81ng-khoe%CC%89-gia%CC%89m-50-healthy-juice-s660t2/","http://www.thuccoffee.com.vn/chuyen-cua-thuc/thu%CC%9B%CC%81-ba-so%CC%82%CC%81ng-khoe%CC%89-gia%CC%89m-50-healthy-juice-s660t2/","Thức Coffee - Open 24/7 - THỨ BA SỐNG KHOẺ - GIẢM 50% HEALTHY JUICE","H1: THỨ BA SỐNG KHOẺ - GIẢM 50% HEALTHY JUICE | H4: THỨC COFFEE - OPEN 24/7 Hotline: 1800 6230 | H4: © 2018. All Right Reserved. Thức Coffee","Thức Coffee - Open 24/7 - THỨ BA SỐNG KHOẺ - GIẢM 50% HEALTHY JUICE Trang chủ Menu Chuyện của Thức Về chúng tôi Cửa hàng Chính sách thành viên Tuyển Dụng Liên Hệ Đăng Nhập Nhận tin khuyến mãi của Thức 1800 6230 info.thuccoffee247@gmail.com 1800 6230 Menu Chuyện của Thức Về chúng tôi Cửa hàng Chính sách thành viên Tuyển Dụng Liên Hệ Thức uống Tin tức Trang chủ Chuyện của Thức THỨ BA SỐNG KHOẺ - GIẢM 50% HEALTHY JUICE 06.01.2020 THỨ BA SỐNG KHOẺ - GIẢM 50% HEALTHY JUICE 💃 Không ","17",
"200","story-detail","/chuyen-cua-thuc/thu-an-yen-cung-luc-vi-doan-vien-s1044t2/","http://www.thuccoffee.com.vn/chuyen-cua-thuc/thu-an-yen-cung-luc-vi-doan-vien-s1044t2/","Thức Coffee - Open 24/7 - THU AN YÊN CÙNG LỤC VỊ ĐOÀN VIÊN","H1: THU AN YÊN CÙNG LỤC VỊ ĐOÀN VIÊN | H4: THỨC COFFEE - OPEN 24/7 Hotline: 1800 6230 | H4: © 2018. All Right Reserved. Thức Coffee","Thức Coffee - Open 24/7 - THU AN YÊN CÙNG LỤC VỊ ĐOÀN VIÊN Trang chủ Menu Chuyện của Thức Về chúng tôi Cửa hàng Chính sách thành viên Tuyển Dụng Liên Hệ Đăng Nhập Nhận tin khuyến mãi của Thức 1800 6230 info.thuccoffee247@gmail.com 1800 6230 Menu Chuyện của Thức Về chúng tôi Cửa hàng Chính sách thành viên Tuyển Dụng Liên Hệ Thức uống Tin tức Trang chủ Chuyện của Thức THU AN YÊN CÙNG LỤC VỊ ĐOÀN VIÊN 07.08.2023 THU AN YÊN CÙNG LỤC VỊ ĐOÀN VIÊN Thoáng chốc một mùa trăng nữa đã sắp đến, Thức Coffee ","17",
"200","story-detail","/chuyen-cua-thuc/thuc-coffee-182-pasteur-q-1-quay-lai-hoat-dong-24h-s905t2/","http://www.thuccoffee.com.vn/chuyen-cua-thuc/thuc-coffee-182-pasteur-q-1-quay-lai-hoat-dong-24h-s905t2/","Thức Coffee - Open 24/7 - THỨC COFFEE - 182 PASTEUR, Q.1 QUAY LẠI HOẠT ĐỘNG 24H","H1: THỨC COFFEE - 182 PASTEUR, Q.1 QUAY LẠI HOẠT ĐỘNG 24H | H4: THỨC COFFEE - OPEN 24/7 Hotline: 1800 6230 | H4: © 2018. All Right Reserved. Thức Coffee","Thức Coffee - Open 24/7 - THỨC COFFEE - 182 PASTEUR, Q.1 QUAY LẠI HOẠT ĐỘNG 24H Trang chủ Menu Chuyện của Thức Về chúng tôi Cửa hàng Chính sách thành viên Tuyển Dụng Liên Hệ Đăng Nhập Nhận tin khuyến mãi của Thức 1800 6230 info.thuccoffee247@gmail.com 1800 6230 Menu Chuyện của Thức Về chúng tôi Cửa hàng Chính sách thành viên Tuyển Dụng Liên Hệ Thức uống Tin tức Trang chủ Chuyện của Thức THỨC COFFEE - 182 PASTEUR, Q.1 QUAY LẠI HOẠT ĐỘNG 24H 03.03.2022 THỨC COFFEE - 182 PASTEUR, Q.1 QUAY LẠI HOẠT ","17",
"200","story-detail","/chuyen-cua-thuc/thuc-coffee-320-nguyen-thai-son-quay-lai-hoat-dong-24h-s1130t2/","http://www.thuccoffee.com.vn/chuyen-cua-thuc/thuc-coffee-320-nguyen-thai-son-quay-lai-hoat-dong-24h-s1130t2/","Thức Coffee - Open 24/7 - THỨC COFFEE - 320 NGUYỄN THÁI SƠN QUAY LẠI HOẠT ĐỘNG 24H","H1: THỨC COFFEE - 320 NGUYỄN THÁI SƠN QUAY LẠI HOẠT ĐỘNG 24H | H4: THỨC COFFEE - OPEN 24/7 Hotline: 1800 6230 | H4: © 2018. All Right Reserved. Thức Coffee","Thức Coffee - Open 24/7 - THỨC COFFEE - 320 NGUYỄN THÁI SƠN QUAY LẠI HOẠT ĐỘNG 24H Trang chủ Menu Chuyện của Thức Về chúng tôi Cửa hàng Chính sách thành viên Tuyển Dụng Liên Hệ Đăng Nhập Nhận tin khuyến mãi của Thức 1800 6230 info.thuccoffee247@gmail.com 1800 6230 Menu Chuyện của Thức Về chúng tôi Cửa hàng Chính sách thành viên Tuyển Dụng Liên Hệ Thức uống Tin tức Trang chủ Chuyện của Thức THỨC COFFEE - 320 NGUYỄN THÁI SƠN QUAY LẠI HOẠT ĐỘNG 24H 08.03.2024 THỨC COFFEE - 320 NGUYỄN THÁI SƠN QUAY ","17",
"200","story-detail","/chuyen-cua-thuc/thuc-coffee-37-ly-tu-trong-hoat-dong-24h-roi-cac-ban-oiiii-s1131t2/","http://www.thuccoffee.com.vn/chuyen-cua-thuc/thuc-coffee-37-ly-tu-trong-hoat-dong-24h-roi-cac-ban-oiiii-s1131t2/","Thức Coffee - Open 24/7 - THỨC COFFEE - 37 LÝ TỰ TRỌNG HOẠT ĐỘNG 24H RỒI CÁC BẠN ƠIIII","H1: THỨC COFFEE - 37 LÝ TỰ TRỌNG HOẠT ĐỘNG 24H RỒI CÁC BẠN ƠIIII | H4: THỨC COFFEE - OPEN 24/7 Hotline: 1800 6230 | H4: © 2018. All Right Reserved. Thức Coffee","Thức Coffee - Open 24/7 - THỨC COFFEE - 37 LÝ TỰ TRỌNG HOẠT ĐỘNG 24H RỒI CÁC BẠN ƠIIII Trang chủ Menu Chuyện của Thức Về chúng tôi Cửa hàng Chính sách thành viên Tuyển Dụng Liên Hệ Đăng Nhập Nhận tin khuyến mãi của Thức 1800 6230 info.thuccoffee247@gmail.com 1800 6230 Menu Chuyện của Thức Về chúng tôi Cửa hàng Chính sách thành viên Tuyển Dụng Liên Hệ Thức uống Tin tức Trang chủ Chuyện của Thức THỨC COFFEE - 37 LÝ TỰ TRỌNG HOẠT ĐỘNG 24H RỒI CÁC BẠN ƠIIII 08.03.2024 THỨC COFFEE - 37 LÝ TỰ TRỌNG HO","17",
"200","story-detail","/chuyen-cua-thuc/thuc-coffee-42-hoa-phuong-hoat-dong-24h-tu-hom-nay-s904t2/","http://www.thuccoffee.com.vn/chuyen-cua-thuc/thuc-coffee-42-hoa-phuong-hoat-dong-24h-tu-hom-nay-s904t2/","Thức Coffee - Open 24/7 - THỨC COFFEE - 42 HOA PHƯỢNG HOẠT ĐỘNG 24H TỪ HÔM NAY","H1: THỨC COFFEE - 42 HOA PHƯỢNG HOẠT ĐỘNG 24H TỪ HÔM NAY | H4: THỨC COFFEE - OPEN 24/7 Hotline: 1800 6230 | H4: © 2018. All Right Reserved. Thức Coffee","Thức Coffee - Open 24/7 - THỨC COFFEE - 42 HOA PHƯỢNG HOẠT ĐỘNG 24H TỪ HÔM NAY Trang chủ Menu Chuyện của Thức Về chúng tôi Cửa hàng Chính sách thành viên Tuyển Dụng Liên Hệ Đăng Nhập Nhận tin khuyến mãi của Thức 1800 6230 info.thuccoffee247@gmail.com 1800 6230 Menu Chuyện của Thức Về chúng tôi Cửa hàng Chính sách thành viên Tuyển Dụng Liên Hệ Thức uống Tin tức Trang chủ Chuyện của Thức THỨC COFFEE - 42 HOA PHƯỢNG HOẠT ĐỘNG 24H TỪ HÔM NAY 03.03.2022 THỨC COFFEE - 42 HOA PHƯỢNG HOẠT ĐỘNG 24H TỪ HÔ","17",
"200","story-detail","/chuyen-cua-thuc/thuc-coffee-chinh-thuc-mang-vu-tru-xoai-den-voi-mua-he-roi-dayy-%F0%9F%8F%96-s1485t2/","http://www.thuccoffee.com.vn/chuyen-cua-thuc/thuc-coffee-chinh-thuc-mang-vu-tru-xoai-den-voi-mua-he-roi-dayy-%F0%9F%8F%96-s1485t2/","Thức Coffee - Open 24/7 - THỨC COFFEE CHÍNH THỨC MANG ""VŨ TRỤ XOÀI"" ĐẾN VỚI MÙA HÈ RỒI ĐÂYY &#127958;","H1: THỨC COFFEE CHÍNH THỨC MANG ""VŨ TRỤ XOÀI"" ĐẾN VỚI MÙA HÈ RỒI ĐÂYY &#127958; | H4: THỨC COFFEE - OPEN 24/7 Hotline: 1800 6230 | H4: © 2018. All Right Reserved. Thức Coffee","Thức Coffee - Open 24/7 - THỨC COFFEE CHÍNH THỨC MANG ""VŨ TRỤ XOÀI"" ĐẾN VỚI MÙA HÈ RỒI ĐÂYY &#127958; Trang chủ Menu Chuyện của Thức Về chúng tôi Cửa hàng Chính sách thành viên Tuyển Dụng Liên Hệ Đăng Nhập Nhận tin khuyến mãi của Thức 1800 6230 info.thuccoffee247@gmail.com 1800 6230 Menu Chuyện của Thức Về chúng tôi Cửa hàng Chính sách thành viên Tuyển Dụng Liên Hệ Thức uống Tin tức Trang chủ Chuyện của Thức THỨC COFFEE CHÍNH THỨC MANG ""VŨ TRỤ XOÀI"" ĐẾN VỚI MÙA HÈ RỒI ĐÂYY &#127958; 03.06.2026 T","16",
"200","story-detail","/chuyen-cua-thuc/thuc-coffee-da-quay-tro-lai-s868t2/","http://www.thuccoffee.com.vn/chuyen-cua-thuc/thuc-coffee-da-quay-tro-lai-s868t2/","Thức Coffee - Open 24/7 - THỨC COFFEE ĐÃ QUAY TRỞ LẠI","H1: THỨC COFFEE ĐÃ QUAY TRỞ LẠI | H4: THỨC COFFEE - OPEN 24/7 Hotline: 1800 6230 | H4: © 2018. All Right Reserved. Thức Coffee","Thức Coffee - Open 24/7 - THỨC COFFEE ĐÃ QUAY TRỞ LẠI Trang chủ Menu Chuyện của Thức Về chúng tôi Cửa hàng Chính sách thành viên Tuyển Dụng Liên Hệ Đăng Nhập Nhận tin khuyến mãi của Thức 1800 6230 info.thuccoffee247@gmail.com 1800 6230 Menu Chuyện của Thức Về chúng tôi Cửa hàng Chính sách thành viên Tuyển Dụng Liên Hệ Thức uống Tin tức Trang chủ Chuyện của Thức THỨC COFFEE ĐÃ QUAY TRỞ LẠI 01.11.2021 THỨC COFFEE ĐÃ QUAY TRỞ LẠI Theo Chỉ Thị từ Nhà Nước, từ ngày 28/10/2021, Thức Coffee sẽ hoạt độn","17",
"200","story-detail","/chuyen-cua-thuc/thuc-coffee-ly-tu-trong-xin-chao-cac-cu-dem--s736t2/","http://www.thuccoffee.com.vn/chuyen-cua-thuc/thuc-coffee-ly-tu-trong-xin-chao-cac-cu-dem--s736t2/","Thức Coffee - Open 24/7 - Thức Coffee - Lý Tự Trọng xin chào các ""cú đêm""!!","H1: Thức Coffee - Lý Tự Trọng xin chào các ""cú đêm""!! | H4: THỨC COFFEE - OPEN 24/7 Hotline: 1800 6230 | H4: © 2018. All Right Reserved. Thức Coffee","Thức Coffee - Open 24/7 - Thức Coffee - Lý Tự Trọng xin chào các ""cú đêm""!! Trang chủ Menu Chuyện của Thức Về chúng tôi Cửa hàng Chính sách thành viên Tuyển Dụng Liên Hệ Đăng Nhập Nhận tin khuyến mãi của Thức 1800 6230 info.thuccoffee247@gmail.com 1800 6230 Menu Chuyện của Thức Về chúng tôi Cửa hàng Chính sách thành viên Tuyển Dụng Liên Hệ Thức uống Tin tức Trang chủ Chuyện của Thức Thức Coffee - Lý Tự Trọng xin chào các ""cú đêm""!! 29.05.2020 Thức Coffee - Lý Tự Trọng xin chào các ""cú đêm""!! 𝐓�","17",
"200","story-detail","/chuyen-cua-thuc/thuc-coffee-x-momo-deal-sieu-hot-s884t2/","http://www.thuccoffee.com.vn/chuyen-cua-thuc/thuc-coffee-x-momo-deal-sieu-hot-s884t2/","Thức Coffee - Open 24/7 - Thức Coffee x Momo - Deal siêu Hot","H1: Thức Coffee x Momo - Deal siêu Hot | H4: THỨC COFFEE - OPEN 24/7 Hotline: 1800 6230 | H4: © 2018. All Right Reserved. Thức Coffee","Thức Coffee - Open 24/7 - Thức Coffee x Momo - Deal siêu Hot Trang chủ Menu Chuyện của Thức Về chúng tôi Cửa hàng Chính sách thành viên Tuyển Dụng Liên Hệ Đăng Nhập Nhận tin khuyến mãi của Thức 1800 6230 info.thuccoffee247@gmail.com 1800 6230 Menu Chuyện của Thức Về chúng tôi Cửa hàng Chính sách thành viên Tuyển Dụng Liên Hệ Thức uống Tin tức Trang chủ Chuyện của Thức Thức Coffee x Momo - Deal siêu Hot 31.12.2021 Thức Coffee x Momo - Deal siêu Hot Bạn ơi, đi đâu mà vội mà vàng, dừng chân ghé lại","17",
"200","story-detail","/chuyen-cua-thuc/thuc-da-co-menu-an-vat-danh-cho-ban-roi-day-%F0%9F%92%93-s666t2/","http://www.thuccoffee.com.vn/chuyen-cua-thuc/thuc-da-co-menu-an-vat-danh-cho-ban-roi-day-%F0%9F%92%93-s666t2/","Thức Coffee - Open 24/7 - Thức đã có menu ăn vặt dành cho bạn rồi đấy &#128147;","H1: Thức đã có menu ăn vặt dành cho bạn rồi đấy &#128147; | H4: THỨC COFFEE - OPEN 24/7 Hotline: 1800 6230 | H4: © 2018. All Right Reserved. Thức Coffee","Thức Coffee - Open 24/7 - Thức đã có menu ăn vặt dành cho bạn rồi đấy &#128147; Trang chủ Menu Chuyện của Thức Về chúng tôi Cửa hàng Chính sách thành viên Tuyển Dụng Liên Hệ Đăng Nhập Nhận tin khuyến mãi của Thức 1800 6230 info.thuccoffee247@gmail.com 1800 6230 Menu Chuyện của Thức Về chúng tôi Cửa hàng Chính sách thành viên Tuyển Dụng Liên Hệ Thức uống Tin tức Trang chủ Chuyện của Thức Thức đã có menu ăn vặt dành cho bạn rồi đấy &#128147; 16.01.2020 Thức đã có menu ăn vặt dành cho bạn rồi đấy &","17",
"200","story-detail","/chuyen-cua-thuc/-thuc-delivery-%F0%9F%8E%89-uu-dai-trao-tay-dat-giao-hang-ngay-%F0%9F%8E%89-s862t2/","http://www.thuccoffee.com.vn/chuyen-cua-thuc/-thuc-delivery-%F0%9F%8E%89-uu-dai-trao-tay-dat-giao-hang-ngay-%F0%9F%8E%89-s862t2/","Thức Coffee - Open 24/7 - [THỨC DELIVERY] &#127881; ƯU ĐÃI TRAO TAY - ĐẶT GIAO HÀNG NGAY &#127881;","H1: [THỨC DELIVERY] &#127881; ƯU ĐÃI TRAO TAY - ĐẶT GIAO HÀNG NGAY &#127881; | H4: THỨC COFFEE - OPEN 24/7 Hotline: 1800 6230 | H4: © 2018. All Right Reserved. Thức Coffee","Thức Coffee - Open 24/7 - [THỨC DELIVERY] &#127881; ƯU ĐÃI TRAO TAY - ĐẶT GIAO HÀNG NGAY &#127881; Trang chủ Menu Chuyện của Thức Về chúng tôi Cửa hàng Chính sách thành viên Tuyển Dụng Liên Hệ Đăng Nhập Nhận tin khuyến mãi của Thức 1800 6230 info.thuccoffee247@gmail.com 1800 6230 Menu Chuyện của Thức Về chúng tôi Cửa hàng Chính sách thành viên Tuyển Dụng Liên Hệ Thức uống Tin tức Trang chủ Chuyện của Thức [THỨC DELIVERY] &#127881; ƯU ĐÃI TRAO TAY - ĐẶT GIAO HÀNG NGAY &#127881; 24.05.2021 [THỨC D","17",
"200","story-detail","/chuyen-cua-thuc/thuc-giao-hang-18006230-s799t2/","http://www.thuccoffee.com.vn/chuyen-cua-thuc/thuc-giao-hang-18006230-s799t2/","Thức Coffee - Open 24/7 - THỨC GIAO HÀNG - 18006230","H1: THỨC GIAO HÀNG - 18006230 | H4: THỨC COFFEE - OPEN 24/7 Hotline: 1800 6230 | H4: © 2018. All Right Reserved. Thức Coffee","Thức Coffee - Open 24/7 - THỨC GIAO HÀNG - 18006230 Trang chủ Menu Chuyện của Thức Về chúng tôi Cửa hàng Chính sách thành viên Tuyển Dụng Liên Hệ Đăng Nhập Nhận tin khuyến mãi của Thức 1800 6230 info.thuccoffee247@gmail.com 1800 6230 Menu Chuyện của Thức Về chúng tôi Cửa hàng Chính sách thành viên Tuyển Dụng Liên Hệ Thức uống Tin tức Trang chủ Chuyện của Thức THỨC GIAO HÀNG - 18006230 09.11.2020 THỨC GIAO HÀNG - 18006230 🎶 Đầu tuần làm việc hăng say, Nạp ngay năng lượng (cùng) cà phê đậm đà. Bu","17",
"200","story-detail","/chuyen-cua-thuc/thu-tu-vui-ve-free-upsize-banh-20-000d-s618t2/","http://www.thuccoffee.com.vn/chuyen-cua-thuc/thu-tu-vui-ve-free-upsize-banh-20-000d-s618t2/","Thức Coffee - Open 24/7 - Thứ tư vui vẻ - Free Upsize - Bánh 20.000đ","H1: Thứ tư vui vẻ - Free Upsize - Bánh 20.000đ | H4: THỨC COFFEE - OPEN 24/7 Hotline: 1800 6230 | H4: © 2018. All Right Reserved. Thức Coffee","Thức Coffee - Open 24/7 - Thứ tư vui vẻ - Free Upsize - Bánh 20.000đ Trang chủ Menu Chuyện của Thức Về chúng tôi Cửa hàng Chính sách thành viên Tuyển Dụng Liên Hệ Đăng Nhập Nhận tin khuyến mãi của Thức 1800 6230 info.thuccoffee247@gmail.com 1800 6230 Menu Chuyện của Thức Về chúng tôi Cửa hàng Chính sách thành viên Tuyển Dụng Liên Hệ Thức uống Tin tức Trang chủ Chuyện của Thức Thứ tư vui vẻ - Free Upsize - Bánh 20.000đ 27.08.2019 Thứ tư vui vẻ - Free Upsize - Bánh 20.000đ 🎊 𝑻𝒉𝒖̛́ 𝒕𝒖̛ 𝒗𝒖𝒊","18",
"200","story-detail","/chuyen-cua-thuc/thu-tu-vui-ve-uu-dai-moi-trai-nghiem-tuyet-voi-%F0%9F%A4%A9-s796t2/","http://www.thuccoffee.com.vn/chuyen-cua-thuc/thu-tu-vui-ve-uu-dai-moi-trai-nghiem-tuyet-voi-%F0%9F%A4%A9-s796t2/","Thức Coffee - Open 24/7 - THỨ TƯ VUI VẺ - ƯU ĐÃI MỚI - TRẢI NGHIỆM TUYỆT VỜI &#129321;","H1: THỨ TƯ VUI VẺ - ƯU ĐÃI MỚI - TRẢI NGHIỆM TUYỆT VỜI &#129321; | H4: THỨC COFFEE - OPEN 24/7 Hotline: 1800 6230 | H4: © 2018. All Right Reserved. Thức Coffee","Thức Coffee - Open 24/7 - THỨ TƯ VUI VẺ - ƯU ĐÃI MỚI - TRẢI NGHIỆM TUYỆT VỜI &#129321; Trang chủ Menu Chuyện của Thức Về chúng tôi Cửa hàng Chính sách thành viên Tuyển Dụng Liên Hệ Đăng Nhập Nhận tin khuyến mãi của Thức 1800 6230 info.thuccoffee247@gmail.com 1800 6230 Menu Chuyện của Thức Về chúng tôi Cửa hàng Chính sách thành viên Tuyển Dụng Liên Hệ Thức uống Tin tức Trang chủ Chuyện của Thức THỨ TƯ VUI VẺ - ƯU ĐÃI MỚI - TRẢI NGHIỆM TUYỆT VỜI &#129321; 03.11.2020 THỨ TƯ VUI VẺ - ƯU ĐÃI MỚI - TR","17",
"200","story-detail","/chuyen-cua-thuc/tich-luy-11-hoa-don-doi-11-ngay-ca-phe-mien-phi-s1074t2/","http://www.thuccoffee.com.vn/chuyen-cua-thuc/tich-luy-11-hoa-don-doi-11-ngay-ca-phe-mien-phi-s1074t2/","Thức Coffee - Open 24/7 - TÍCH LUỸ 11 HOÁ ĐƠN ĐỔI 11 NGÀY CÀ PHÊ MIỄN PHÍ","H1: TÍCH LUỸ 11 HOÁ ĐƠN ĐỔI 11 NGÀY CÀ PHÊ MIỄN PHÍ | H4: THỨC COFFEE - OPEN 24/7 Hotline: 1800 6230 | H4: © 2018. All Right Reserved. Thức Coffee","Thức Coffee - Open 24/7 - TÍCH LUỸ 11 HOÁ ĐƠN ĐỔI 11 NGÀY CÀ PHÊ MIỄN PHÍ Trang chủ Menu Chuyện của Thức Về chúng tôi Cửa hàng Chính sách thành viên Tuyển Dụng Liên Hệ Đăng Nhập Nhận tin khuyến mãi của Thức 1800 6230 info.thuccoffee247@gmail.com 1800 6230 Menu Chuyện của Thức Về chúng tôi Cửa hàng Chính sách thành viên Tuyển Dụng Liên Hệ Thức uống Tin tức Trang chủ Chuyện của Thức TÍCH LUỸ 11 HOÁ ĐƠN ĐỔI 11 NGÀY CÀ PHÊ MIỄN PHÍ 30.10.2023 TÍCH LUỸ 11 HOÁ ĐƠN ĐỔI 11 NGÀY CÀ PHÊ MIỄN PHÍ 11 ngày đ","17",
"200","story-detail","/chuyen-cua-thuc/tiep-suc-dem-khuya-them-no-them-khoe-s1082t2/","http://www.thuccoffee.com.vn/chuyen-cua-thuc/tiep-suc-dem-khuya-them-no-them-khoe-s1082t2/","Thức Coffee - Open 24/7 - TIẾP SỨC ĐÊM KHUYA THÊM NO THÊM KHOẺ","H1: TIẾP SỨC ĐÊM KHUYA THÊM NO THÊM KHOẺ | H4: THỨC COFFEE - OPEN 24/7 Hotline: 1800 6230 | H4: © 2018. All Right Reserved. Thức Coffee","Thức Coffee - Open 24/7 - TIẾP SỨC ĐÊM KHUYA THÊM NO THÊM KHOẺ Trang chủ Menu Chuyện của Thức Về chúng tôi Cửa hàng Chính sách thành viên Tuyển Dụng Liên Hệ Đăng Nhập Nhận tin khuyến mãi của Thức 1800 6230 info.thuccoffee247@gmail.com 1800 6230 Menu Chuyện của Thức Về chúng tôi Cửa hàng Chính sách thành viên Tuyển Dụng Liên Hệ Thức uống Tin tức Trang chủ Chuyện của Thức TIẾP SỨC ĐÊM KHUYA THÊM NO THÊM KHOẺ 03.11.2023 TIẾP SỨC ĐÊM KHUYA THÊM NO THÊM KHOẺ 🎉🎉 Siêu deal chấn động dành riêng team c","17",
"200","story-detail","/chuyen-cua-thuc/tieu-bay-qua-toi-chu-con-gi-nua--s65t2/","http://www.thuccoffee.com.vn/chuyen-cua-thuc/tieu-bay-qua-toi-chu-con-gi-nua--s65t2/","Thức Coffee - Open 24/7 - TIÊU BAY QUÀ TỚI chứ còn gì nữa !!!","H1: TIÊU BAY QUÀ TỚI chứ còn gì nữa !!! | H4: THỨC COFFEE - OPEN 24/7 Hotline: 1800 6230 | H4: © 2018. All Right Reserved. Thức Coffee","Thức Coffee - Open 24/7 - TIÊU BAY QUÀ TỚI chứ còn gì nữa !!! Trang chủ Menu Chuyện của Thức Về chúng tôi Cửa hàng Chính sách thành viên Tuyển Dụng Liên Hệ Đăng Nhập Nhận tin khuyến mãi của Thức 1800 6230 info.thuccoffee247@gmail.com 1800 6230 Menu Chuyện của Thức Về chúng tôi Cửa hàng Chính sách thành viên Tuyển Dụng Liên Hệ Thức uống Tin tức Trang chủ Chuyện của Thức TIÊU BAY QUÀ TỚI chứ còn gì nữa !!! 27.05.2018 TIÊU BAY QUÀ TỚI chứ còn gì nữa !!! Chuyện gì xảy ra vậy? TIÊU BAY QUÀ TỚI chứ cò","17",
"200","story-detail","/chuyen-cua-thuc/tra-buoi-hong-chanh-day-chi-29-000d-s867t2/","http://www.thuccoffee.com.vn/chuyen-cua-thuc/tra-buoi-hong-chanh-day-chi-29-000d-s867t2/","Thức Coffee - Open 24/7 - TRÀ BƯỞI HỒNG-CHANH DÂY chỉ 29.000Đ","H1: TRÀ BƯỞI HỒNG-CHANH DÂY chỉ 29.000Đ | H4: THỨC COFFEE - OPEN 24/7 Hotline: 1800 6230 | H4: © 2018. All Right Reserved. Thức Coffee","Thức Coffee - Open 24/7 - TRÀ BƯỞI HỒNG-CHANH DÂY chỉ 29.000Đ Trang chủ Menu Chuyện của Thức Về chúng tôi Cửa hàng Chính sách thành viên Tuyển Dụng Liên Hệ Đăng Nhập Nhận tin khuyến mãi của Thức 1800 6230 info.thuccoffee247@gmail.com 1800 6230 Menu Chuyện của Thức Về chúng tôi Cửa hàng Chính sách thành viên Tuyển Dụng Liên Hệ Thức uống Tin tức Trang chủ Chuyện của Thức TRÀ BƯỞI HỒNG-CHANH DÂY chỉ 29.000Đ 01.11.2021 TRÀ BƯỞI HỒNG-CHANH DÂY chỉ 29.000Đ ""Bình thường mới"" chắc hẳn bạn sẽ rất bận rộn","17",
"200","story-detail","/chuyen-cua-thuc/tra-buoi-hong-chanh-day-chi-29-000d-s871t2/","http://www.thuccoffee.com.vn/chuyen-cua-thuc/tra-buoi-hong-chanh-day-chi-29-000d-s871t2/","Thức Coffee - Open 24/7 - TRÀ BƯỞI HỒNG-CHANH DÂY CHỈ 29.000Đ","H1: TRÀ BƯỞI HỒNG-CHANH DÂY CHỈ 29.000Đ | H4: THỨC COFFEE - OPEN 24/7 Hotline: 1800 6230 | H4: © 2018. All Right Reserved. Thức Coffee","Thức Coffee - Open 24/7 - TRÀ BƯỞI HỒNG-CHANH DÂY CHỈ 29.000Đ Trang chủ Menu Chuyện của Thức Về chúng tôi Cửa hàng Chính sách thành viên Tuyển Dụng Liên Hệ Đăng Nhập Nhận tin khuyến mãi của Thức 1800 6230 info.thuccoffee247@gmail.com 1800 6230 Menu Chuyện của Thức Về chúng tôi Cửa hàng Chính sách thành viên Tuyển Dụng Liên Hệ Thức uống Tin tức Trang chủ Chuyện của Thức TRÀ BƯỞI HỒNG-CHANH DÂY CHỈ 29.000Đ 03.11.2021 TRÀ BƯỞI HỒNG-CHANH DÂY CHỈ 29.000Đ Ăn quả nhớ kẻ trồng cây, Uống nước nhớ Trà bư","17",
"200","story-detail","/chuyen-cua-thuc/tra-hoa-tu-quy-don-tet-nhu-y-s1353t2/","http://www.thuccoffee.com.vn/chuyen-cua-thuc/tra-hoa-tu-quy-don-tet-nhu-y-s1353t2/","Thức Coffee - Open 24/7 - TRÀ HOA TỨ QUÝ, ĐÓN TẾT NHƯ Ý","H1: TRÀ HOA TỨ QUÝ, ĐÓN TẾT NHƯ Ý | H4: THỨC COFFEE - OPEN 24/7 Hotline: 1800 6230 | H4: © 2018. All Right Reserved. Thức Coffee","Thức Coffee - Open 24/7 - TRÀ HOA TỨ QUÝ, ĐÓN TẾT NHƯ Ý Trang chủ Menu Chuyện của Thức Về chúng tôi Cửa hàng Chính sách thành viên Tuyển Dụng Liên Hệ Đăng Nhập Nhận tin khuyến mãi của Thức 1800 6230 info.thuccoffee247@gmail.com 1800 6230 Menu Chuyện của Thức Về chúng tôi Cửa hàng Chính sách thành viên Tuyển Dụng Liên Hệ Thức uống Tin tức Trang chủ Chuyện của Thức TRÀ HOA TỨ QUÝ, ĐÓN TẾT NHƯ Ý 04.01.2025 TRÀ HOA TỨ QUÝ, ĐÓN TẾT NHƯ Ý Sau nhiều năm vắng bóng, nay TỨ QUÝ TRÀ HOA đã quay lại cùng Th","17",
"200","story-detail","/chuyen-cua-thuc/trai-nghiem-tra-tet-voi-gia-dung-thu-chi-49-000d-s1117t2/","http://www.thuccoffee.com.vn/chuyen-cua-thuc/trai-nghiem-tra-tet-voi-gia-dung-thu-chi-49-000d-s1117t2/","Thức Coffee - Open 24/7 - TRẢI NGHIỆM TRÀ TẾT VỚI GIÁ DÙNG THỬ CHỈ 49.000Đ","H1: TRẢI NGHIỆM TRÀ TẾT VỚI GIÁ DÙNG THỬ CHỈ 49.000Đ | H4: THỨC COFFEE - OPEN 24/7 Hotline: 1800 6230 | H4: © 2018. All Right Reserved. Thức Coffee","Thức Coffee - Open 24/7 - TRẢI NGHIỆM TRÀ TẾT VỚI GIÁ DÙNG THỬ CHỈ 49.000Đ Trang chủ Menu Chuyện của Thức Về chúng tôi Cửa hàng Chính sách thành viên Tuyển Dụng Liên Hệ Đăng Nhập Nhận tin khuyến mãi của Thức 1800 6230 info.thuccoffee247@gmail.com 1800 6230 Menu Chuyện của Thức Về chúng tôi Cửa hàng Chính sách thành viên Tuyển Dụng Liên Hệ Thức uống Tin tức Trang chủ Chuyện của Thức TRẢI NGHIỆM TRÀ TẾT VỚI GIÁ DÙNG THỬ CHỈ 49.000Đ 15.01.2024 TRẢI NGHIỆM TRÀ TẾT VỚI GIÁ DÙNG THỬ CHỈ 49.000Đ Mấy ng","17",
"200","story-detail","/chuyen-cua-thuc/tron-nang-sai-gon-cung-bo-doi-fresh-cool--s1132t2/","http://www.thuccoffee.com.vn/chuyen-cua-thuc/tron-nang-sai-gon-cung-bo-doi-fresh-cool--s1132t2/","Thức Coffee - Open 24/7 - TRỐN NẮNG SÀI GÒN cùng Bộ Đôi FRESH & COOL.","H1: TRỐN NẮNG SÀI GÒN cùng Bộ Đôi FRESH & COOL. | H4: THỨC COFFEE - OPEN 24/7 Hotline: 1800 6230 | H4: © 2018. All Right Reserved. Thức Coffee","Thức Coffee - Open 24/7 - TRỐN NẮNG SÀI GÒN cùng Bộ Đôi FRESH & COOL. Trang chủ Menu Chuyện của Thức Về chúng tôi Cửa hàng Chính sách thành viên Tuyển Dụng Liên Hệ Đăng Nhập Nhận tin khuyến mãi của Thức 1800 6230 info.thuccoffee247@gmail.com 1800 6230 Menu Chuyện của Thức Về chúng tôi Cửa hàng Chính sách thành viên Tuyển Dụng Liên Hệ Thức uống Tin tức Trang chủ Chuyện của Thức TRỐN NẮNG SÀI GÒN cùng Bộ Đôi FRESH & COOL. 08.03.2024 TRỐN NẮNG SÀI GÒN cùng Bộ Đôi FRESH & COOL. Mùa nắng nóng Sài Gòn","17",
"200","story-detail","/chuyen-cua-thuc/tron-nang-sai-gon-ghe-thuc-coffee-ngay-s1379t2/","http://www.thuccoffee.com.vn/chuyen-cua-thuc/tron-nang-sai-gon-ghe-thuc-coffee-ngay-s1379t2/","Thức Coffee - Open 24/7 - TRỐN NẮNG SÀI GÒN GHÉ THỨC COFFEE NGAY","H1: TRỐN NẮNG SÀI GÒN GHÉ THỨC COFFEE NGAY | H4: THỨC COFFEE - OPEN 24/7 Hotline: 1800 6230 | H4: © 2018. All Right Reserved. Thức Coffee","Thức Coffee - Open 24/7 - TRỐN NẮNG SÀI GÒN GHÉ THỨC COFFEE NGAY Trang chủ Menu Chuyện của Thức Về chúng tôi Cửa hàng Chính sách thành viên Tuyển Dụng Liên Hệ Đăng Nhập Nhận tin khuyến mãi của Thức 1800 6230 info.thuccoffee247@gmail.com 1800 6230 Menu Chuyện của Thức Về chúng tôi Cửa hàng Chính sách thành viên Tuyển Dụng Liên Hệ Thức uống Tin tức Trang chủ Chuyện của Thức TRỐN NẮNG SÀI GÒN GHÉ THỨC COFFEE NGAY 03.09.2025 TRỐN NẮNG SÀI GÒN GHÉ THỨC COFFEE NGAY Mùa Tết qua đi, mùa nắng nóng Sài Gò","17",
"200","story-detail","/chuyen-cua-thuc/trung-thu-luc-vi-thuong-nguyet-doan-vien-s780t2/","http://www.thuccoffee.com.vn/chuyen-cua-thuc/trung-thu-luc-vi-thuong-nguyet-doan-vien-s780t2/","Thức Coffee - Open 24/7 - Trung Thu lục vị - thưởng nguyệt đoàn viên","H1: Trung Thu lục vị - thưởng nguyệt đoàn viên | H4: THỨC COFFEE - OPEN 24/7 Hotline: 1800 6230 | H4: © 2018. All Right Reserved. Thức Coffee","Thức Coffee - Open 24/7 - Trung Thu lục vị - thưởng nguyệt đoàn viên Trang chủ Menu Chuyện của Thức Về chúng tôi Cửa hàng Chính sách thành viên Tuyển Dụng Liên Hệ Đăng Nhập Nhận tin khuyến mãi của Thức 1800 6230 info.thuccoffee247@gmail.com 1800 6230 Menu Chuyện của Thức Về chúng tôi Cửa hàng Chính sách thành viên Tuyển Dụng Liên Hệ Thức uống Tin tức Trang chủ Chuyện của Thức Trung Thu lục vị - thưởng nguyệt đoàn viên 12.09.2020 Trung Thu lục vị - thưởng nguyệt đoàn viên Những ngày đầu mùa trăng","17",
"200","story-detail","/chuyen-cua-thuc/trung-thu-ven-tron-tinh-than-gan-ket-s771t2/","http://www.thuccoffee.com.vn/chuyen-cua-thuc/trung-thu-ven-tron-tinh-than-gan-ket-s771t2/","Thức Coffee - Open 24/7 - TRUNG THU VẸN TRÒN - TÌNH THÂN GẮN KẾT","H1: TRUNG THU VẸN TRÒN - TÌNH THÂN GẮN KẾT | H4: THỨC COFFEE - OPEN 24/7 Hotline: 1800 6230 | H4: © 2018. All Right Reserved. Thức Coffee","Thức Coffee - Open 24/7 - TRUNG THU VẸN TRÒN - TÌNH THÂN GẮN KẾT Trang chủ Menu Chuyện của Thức Về chúng tôi Cửa hàng Chính sách thành viên Tuyển Dụng Liên Hệ Đăng Nhập Nhận tin khuyến mãi của Thức 1800 6230 info.thuccoffee247@gmail.com 1800 6230 Menu Chuyện của Thức Về chúng tôi Cửa hàng Chính sách thành viên Tuyển Dụng Liên Hệ Thức uống Tin tức Trang chủ Chuyện của Thức TRUNG THU VẸN TRÒN - TÌNH THÂN GẮN KẾT 16.07.2020 TRUNG THU VẸN TRÒN - TÌNH THÂN GẮN KẾT 🏮 Không khí trung thu đã về đến các","18",
"200","story-detail","/chuyen-cua-thuc/truong-hoc-khai-giang-thuc-coffee-khai-deal-s1392t2/","http://www.thuccoffee.com.vn/chuyen-cua-thuc/truong-hoc-khai-giang-thuc-coffee-khai-deal-s1392t2/","Thức Coffee - Open 24/7 - TRƯỜNG HỌC KHAI GIẢNG, THỨC COFFEE KHAI DEAL","H1: TRƯỜNG HỌC KHAI GIẢNG, THỨC COFFEE KHAI DEAL | H4: THỨC COFFEE - OPEN 24/7 Hotline: 1800 6230 | H4: © 2018. All Right Reserved. Thức Coffee","Thức Coffee - Open 24/7 - TRƯỜNG HỌC KHAI GIẢNG, THỨC COFFEE KHAI DEAL Trang chủ Menu Chuyện của Thức Về chúng tôi Cửa hàng Chính sách thành viên Tuyển Dụng Liên Hệ Đăng Nhập Nhận tin khuyến mãi của Thức 1800 6230 info.thuccoffee247@gmail.com 1800 6230 Menu Chuyện của Thức Về chúng tôi Cửa hàng Chính sách thành viên Tuyển Dụng Liên Hệ Thức uống Tin tức Trang chủ Chuyện của Thức TRƯỜNG HỌC KHAI GIẢNG, THỨC COFFEE KHAI DEAL 16.09.2025 TRƯỜNG HỌC KHAI GIẢNG, THỨC COFFEE KHAI DEAL MUA 1 TẶNG 1 MỪNG ","17",
"200","story-detail","/chuyen-cua-thuc/up-size-ca-phe-nap-nang-luong-thiet-me-s1026t2/","http://www.thuccoffee.com.vn/chuyen-cua-thuc/up-size-ca-phe-nap-nang-luong-thiet-me-s1026t2/","Thức Coffee - Open 24/7 - UP-SIZE CÀ PHÊ, NẠP NĂNG LƯỢNG THIỆT MÊ","H1: UP-SIZE CÀ PHÊ, NẠP NĂNG LƯỢNG THIỆT MÊ | H4: THỨC COFFEE - OPEN 24/7 Hotline: 1800 6230 | H4: © 2018. All Right Reserved. Thức Coffee","Thức Coffee - Open 24/7 - UP-SIZE CÀ PHÊ, NẠP NĂNG LƯỢNG THIỆT MÊ Trang chủ Menu Chuyện của Thức Về chúng tôi Cửa hàng Chính sách thành viên Tuyển Dụng Liên Hệ Đăng Nhập Nhận tin khuyến mãi của Thức 1800 6230 info.thuccoffee247@gmail.com 1800 6230 Menu Chuyện của Thức Về chúng tôi Cửa hàng Chính sách thành viên Tuyển Dụng Liên Hệ Thức uống Tin tức Trang chủ Chuyện của Thức UP-SIZE CÀ PHÊ, NẠP NĂNG LƯỢNG THIỆT MÊ 24.07.2023 UP-SIZE CÀ PHÊ, NẠP NĂNG LƯỢNG THIỆT MÊ 1 ly cà phê không đủ đô nạp năng ","17",
"200","story-detail","/chuyen-cua-thuc/uu-dai-banh-trung-thu-don-hang-lon-s1220t2/","http://www.thuccoffee.com.vn/chuyen-cua-thuc/uu-dai-banh-trung-thu-don-hang-lon-s1220t2/","Thức Coffee - Open 24/7 - ƯU ĐÃI BÁNH TRUNG THU ĐƠN HÀNG LỚN","H1: ƯU ĐÃI BÁNH TRUNG THU ĐƠN HÀNG LỚN | H4: THỨC COFFEE - OPEN 24/7 Hotline: 1800 6230 | H4: © 2018. All Right Reserved. Thức Coffee","Thức Coffee - Open 24/7 - ƯU ĐÃI BÁNH TRUNG THU ĐƠN HÀNG LỚN Trang chủ Menu Chuyện của Thức Về chúng tôi Cửa hàng Chính sách thành viên Tuyển Dụng Liên Hệ Đăng Nhập Nhận tin khuyến mãi của Thức 1800 6230 info.thuccoffee247@gmail.com 1800 6230 Menu Chuyện của Thức Về chúng tôi Cửa hàng Chính sách thành viên Tuyển Dụng Liên Hệ Thức uống Tin tức Trang chủ Chuyện của Thức ƯU ĐÃI BÁNH TRUNG THU ĐƠN HÀNG LỚN 22.08.2024 ƯU ĐÃI BÁNH TRUNG THU ĐƠN HÀNG LỚN Mùa trăng nay đã cận kề, Món quà tâm ý bạn tìm v","17",
"200","story-detail","/chuyen-cua-thuc/valentine-co-doi-co-cap-s979t2/","http://www.thuccoffee.com.vn/chuyen-cua-thuc/valentine-co-doi-co-cap-s979t2/","Thức Coffee - Open 24/7 - VALENTINE CÓ ĐÔI CÓ CẶP","H1: VALENTINE CÓ ĐÔI CÓ CẶP | H4: THỨC COFFEE - OPEN 24/7 Hotline: 1800 6230 | H4: © 2018. All Right Reserved. Thức Coffee","Thức Coffee - Open 24/7 - VALENTINE CÓ ĐÔI CÓ CẶP Trang chủ Menu Chuyện của Thức Về chúng tôi Cửa hàng Chính sách thành viên Tuyển Dụng Liên Hệ Đăng Nhập Nhận tin khuyến mãi của Thức 1800 6230 info.thuccoffee247@gmail.com 1800 6230 Menu Chuyện của Thức Về chúng tôi Cửa hàng Chính sách thành viên Tuyển Dụng Liên Hệ Thức uống Tin tức Trang chủ Chuyện của Thức VALENTINE CÓ ĐÔI CÓ CẶP 11.03.2023 VALENTINE CÓ ĐÔI CÓ CẶP Hẹn ""darling"" ngày yêu chung đôi tại Thức Coffee, cùng thưởng thức những món trà ","17",
"200","story-detail","/chuyen-cua-thuc/vietnam-summer-tour-summer-collection-2024-s1142t2/","http://www.thuccoffee.com.vn/chuyen-cua-thuc/vietnam-summer-tour-summer-collection-2024-s1142t2/","Thức Coffee - Open 24/7 - VIETNAM SUMMER TOUR - SUMMER COLLECTION 2024","H1: VIETNAM SUMMER TOUR - SUMMER COLLECTION 2024 | H4: THỨC COFFEE - OPEN 24/7 Hotline: 1800 6230 | H4: © 2018. All Right Reserved. Thức Coffee","Thức Coffee - Open 24/7 - VIETNAM SUMMER TOUR - SUMMER COLLECTION 2024 Trang chủ Menu Chuyện của Thức Về chúng tôi Cửa hàng Chính sách thành viên Tuyển Dụng Liên Hệ Đăng Nhập Nhận tin khuyến mãi của Thức 1800 6230 info.thuccoffee247@gmail.com 1800 6230 Menu Chuyện của Thức Về chúng tôi Cửa hàng Chính sách thành viên Tuyển Dụng Liên Hệ Thức uống Tin tức Trang chủ Chuyện của Thức VIETNAM SUMMER TOUR - SUMMER COLLECTION 2024 10.05.2024 VIETNAM SUMMER TOUR - SUMMER COLLECTION 2024 Mùa Hè này hãy để ","17",
"200","story-detail","/chuyen-cua-thuc/vi-tet-dong-day-sum-vay-sung-tuc-s970t2/","http://www.thuccoffee.com.vn/chuyen-cua-thuc/vi-tet-dong-day-sum-vay-sung-tuc-s970t2/","Thức Coffee - Open 24/7 - VỊ TẾT ĐONG ĐẦY, SUM VẦY - SUNG TÚC","H1: VỊ TẾT ĐONG ĐẦY, SUM VẦY - SUNG TÚC | H4: THỨC COFFEE - OPEN 24/7 Hotline: 1800 6230 | H4: © 2018. All Right Reserved. Thức Coffee","Thức Coffee - Open 24/7 - VỊ TẾT ĐONG ĐẦY, SUM VẦY - SUNG TÚC Trang chủ Menu Chuyện của Thức Về chúng tôi Cửa hàng Chính sách thành viên Tuyển Dụng Liên Hệ Đăng Nhập Nhận tin khuyến mãi của Thức 1800 6230 info.thuccoffee247@gmail.com 1800 6230 Menu Chuyện của Thức Về chúng tôi Cửa hàng Chính sách thành viên Tuyển Dụng Liên Hệ Thức uống Tin tức Trang chủ Chuyện của Thức VỊ TẾT ĐONG ĐẦY, SUM VẦY - SUNG TÚC 05.01.2023 VỊ TẾT ĐONG ĐẦY, SUM VẦY - SUNG TÚC 🎋 Khí trời mát mẻ báo hiệu mùa xuân đã về, m","17",
"200","story-detail","/chuyen-cua-thuc/voucher-quyen-luc-tai-xuat-giang-ho-s568t2/","http://www.thuccoffee.com.vn/chuyen-cua-thuc/voucher-quyen-luc-tai-xuat-giang-ho-s568t2/","Thức Coffee - Open 24/7 - Voucher quyền lực tái xuất giang hồ","H1: Voucher quyền lực tái xuất giang hồ | H4: THỨC COFFEE - OPEN 24/7 Hotline: 1800 6230 | H4: © 2018. All Right Reserved. Thức Coffee","Thức Coffee - Open 24/7 - Voucher quyền lực tái xuất giang hồ Trang chủ Menu Chuyện của Thức Về chúng tôi Cửa hàng Chính sách thành viên Tuyển Dụng Liên Hệ Đăng Nhập Nhận tin khuyến mãi của Thức 1800 6230 info.thuccoffee247@gmail.com 1800 6230 Menu Chuyện của Thức Về chúng tôi Cửa hàng Chính sách thành viên Tuyển Dụng Liên Hệ Thức uống Tin tức Trang chủ Chuyện của Thức Voucher quyền lực tái xuất giang hồ 09.07.2019 Voucher quyền lực tái xuất giang hồ Với thiết kế hoàn toàn mới, ưu đãi cực chất c","17",
"200","story-detail","/chuyen-cua-thuc/vui-tet-con-rong-khong-phu-thu-xuyen-tet-s1125t2/","http://www.thuccoffee.com.vn/chuyen-cua-thuc/vui-tet-con-rong-khong-phu-thu-xuyen-tet-s1125t2/","Thức Coffee - Open 24/7 - VUI TẾT CON RỒNG - KHÔNG PHỤ THU XUYÊN TẾT","H1: VUI TẾT CON RỒNG - KHÔNG PHỤ THU XUYÊN TẾT | H4: THỨC COFFEE - OPEN 24/7 Hotline: 1800 6230 | H4: © 2018. All Right Reserved. Thức Coffee","Thức Coffee - Open 24/7 - VUI TẾT CON RỒNG - KHÔNG PHỤ THU XUYÊN TẾT Trang chủ Menu Chuyện của Thức Về chúng tôi Cửa hàng Chính sách thành viên Tuyển Dụng Liên Hệ Đăng Nhập Nhận tin khuyến mãi của Thức 1800 6230 info.thuccoffee247@gmail.com 1800 6230 Menu Chuyện của Thức Về chúng tôi Cửa hàng Chính sách thành viên Tuyển Dụng Liên Hệ Thức uống Tin tức Trang chủ Chuyện của Thức VUI TẾT CON RỒNG - KHÔNG PHỤ THU XUYÊN TẾT 08.03.2024 VUI TẾT CON RỒNG - KHÔNG PHỤ THU XUYÊN TẾT Thay lời cảm ơn chân thà","17",
"200","story-detail","/chuyen-cua-thuc/welcome-we-re-open-24-7-s1129t2/","http://www.thuccoffee.com.vn/chuyen-cua-thuc/welcome-we-re-open-24-7-s1129t2/","Thức Coffee - Open 24/7 - WELCOME, WE'RE OPEN 24/7","H1: WELCOME, WE'RE OPEN 24/7 | H4: THỨC COFFEE - OPEN 24/7 Hotline: 1800 6230 | H4: © 2018. All Right Reserved. Thức Coffee","Thức Coffee - Open 24/7 - WELCOME, WE'RE OPEN 24/7 Trang chủ Menu Chuyện của Thức Về chúng tôi Cửa hàng Chính sách thành viên Tuyển Dụng Liên Hệ Đăng Nhập Nhận tin khuyến mãi của Thức 1800 6230 info.thuccoffee247@gmail.com 1800 6230 Menu Chuyện của Thức Về chúng tôi Cửa hàng Chính sách thành viên Tuyển Dụng Liên Hệ Thức uống Tin tức Trang chủ Chuyện của Thức WELCOME, WE'RE OPEN 24/7 08.03.2024 WELCOME, WE'RE OPEN 24/7 Tuần đầu tiên quay lại công việc của mọi người thế nào rồi ? Riêng Thức Coffee","17",
"200","story-list","/chuyen-cua-thuc/","http://www.thuccoffee.com.vn/chuyen-cua-thuc/","Thức Coffee - Open 24/7 - Chuyện của Thức","H1: Không ngủ với Thức Coffee | H4: THỨC COFFEE - OPEN 24/7 Hotline: 1800 6230 | H4: © 2018. All Right Reserved. Thức Coffee","Thức Coffee - Open 24/7 - Chuyện của Thức Trang chủ Menu Chuyện của Thức Về chúng tôi Cửa hàng Chính sách thành viên Tuyển Dụng Liên Hệ Đăng Nhập Nhận tin khuyến mãi của Thức 1800 6230 info.thuccoffee247@gmail.com 1800 6230 Menu Chuyện của Thức Về chúng tôi Cửa hàng Chính sách thành viên Tuyển Dụng Liên Hệ Thức uống Tin tức Trang chủ Chuyện của Thức Không ngủ với Thức Coffee 03.06.2026 THỨC COFFEE CHÍNH THỨC MANG ""VŨ TRỤ XOÀI"" ĐẾN VỚI MÙA HÈ RỒI ĐÂYY &#127958; Mùa hè này, không cần đi đâu xa vì ","70",
"200","story-list-page","/chuyen-cua-thuc/t1p1/","http://www.thuccoffee.com.vn/chuyen-cua-thuc/t1p1/","Thức Coffee - Open 24/7 - Chuyện của Thức","H1: Không ngủ với Thức Coffee | H4: THỨC COFFEE - OPEN 24/7 Hotline: 1800 6230 | H4: © 2018. All Right Reserved. Thức Coffee","Thức Coffee - Open 24/7 - Chuyện của Thức Trang chủ Menu Chuyện của Thức Về chúng tôi Cửa hàng Chính sách thành viên Tuyển Dụng Liên Hệ Đăng Nhập Nhận tin khuyến mãi của Thức 1800 6230 info.thuccoffee247@gmail.com 1800 6230 Menu Chuyện của Thức Về chúng tôi Cửa hàng Chính sách thành viên Tuyển Dụng Liên Hệ Thức uống Tin tức Trang chủ Chuyện của Thức Không ngủ với Thức Coffee 03.06.2026 THỨC COFFEE CHÍNH THỨC MANG ""VŨ TRỤ XOÀI"" ĐẾN VỚI MÙA HÈ RỒI ĐÂYY &#127958; Mùa hè này, không cần đi đâu xa vì ","70",
"200","story-list-page","/chuyen-cua-thuc/t1p10/","http://www.thuccoffee.com.vn/chuyen-cua-thuc/t1p10/","Thức Coffee - Open 24/7 - Chuyện của Thức","H1: Không ngủ với Thức Coffee | H4: THỨC COFFEE - OPEN 24/7 Hotline: 1800 6230 | H4: © 2018. All Right Reserved. Thức Coffee","Thức Coffee - Open 24/7 - Chuyện của Thức Trang chủ Menu Chuyện của Thức Về chúng tôi Cửa hàng Chính sách thành viên Tuyển Dụng Liên Hệ Đăng Nhập Nhận tin khuyến mãi của Thức 1800 6230 info.thuccoffee247@gmail.com 1800 6230 Menu Chuyện của Thức Về chúng tôi Cửa hàng Chính sách thành viên Tuyển Dụng Liên Hệ Thức uống Tin tức Trang chủ Chuyện của Thức Không ngủ với Thức Coffee 08.03.2024 HAPPY INTERNATIONAL WOMEN'S DAY 2024 Chị Đẹp là để yêu, Thức chiều ngay ưu đãi GIẢM 50% khao phái đẹp. Xem Tiếp","74",
"200","story-list-page","/chuyen-cua-thuc/t1p11/","http://www.thuccoffee.com.vn/chuyen-cua-thuc/t1p11/","Thức Coffee - Open 24/7 - Chuyện của Thức","H1: Không ngủ với Thức Coffee | H4: THỨC COFFEE - OPEN 24/7 Hotline: 1800 6230 | H4: © 2018. All Right Reserved. Thức Coffee","Thức Coffee - Open 24/7 - Chuyện của Thức Trang chủ Menu Chuyện của Thức Về chúng tôi Cửa hàng Chính sách thành viên Tuyển Dụng Liên Hệ Đăng Nhập Nhận tin khuyến mãi của Thức 1800 6230 info.thuccoffee247@gmail.com 1800 6230 Menu Chuyện của Thức Về chúng tôi Cửa hàng Chính sách thành viên Tuyển Dụng Liên Hệ Thức uống Tin tức Trang chủ Chuyện của Thức Không ngủ với Thức Coffee 08.03.2024 HAPPY VALENTINE'S DAY 14/02/2024 Ngày chung đôi, chúng mình cùng ""ngồi chung đây"" thưởng thức những món trà đậm","74",
"200","story-list-page","/chuyen-cua-thuc/t1p12/","http://www.thuccoffee.com.vn/chuyen-cua-thuc/t1p12/","Thức Coffee - Open 24/7 - Chuyện của Thức","H1: Không ngủ với Thức Coffee | H4: THỨC COFFEE - OPEN 24/7 Hotline: 1800 6230 | H4: © 2018. All Right Reserved. Thức Coffee","Thức Coffee - Open 24/7 - Chuyện của Thức Trang chủ Menu Chuyện của Thức Về chúng tôi Cửa hàng Chính sách thành viên Tuyển Dụng Liên Hệ Đăng Nhập Nhận tin khuyến mãi của Thức 1800 6230 info.thuccoffee247@gmail.com 1800 6230 Menu Chuyện của Thức Về chúng tôi Cửa hàng Chính sách thành viên Tuyển Dụng Liên Hệ Thức uống Tin tức Trang chủ Chuyện của Thức Không ngủ với Thức Coffee 05.02.2024 LỊCH HOẠT ĐỘNG TẾT GIÁP THÌN 2024 CỦA THỨC COFFEE Vui Tết con rồng, không quên lưu lại lịch hoạt động của Thức ","74",
"200","story-list-page","/chuyen-cua-thuc/t1p13/","http://www.thuccoffee.com.vn/chuyen-cua-thuc/t1p13/","Thức Coffee - Open 24/7 - Chuyện của Thức","H1: Không ngủ với Thức Coffee | H4: THỨC COFFEE - OPEN 24/7 Hotline: 1800 6230 | H4: © 2018. All Right Reserved. Thức Coffee","Thức Coffee - Open 24/7 - Chuyện của Thức Trang chủ Menu Chuyện của Thức Về chúng tôi Cửa hàng Chính sách thành viên Tuyển Dụng Liên Hệ Đăng Nhập Nhận tin khuyến mãi của Thức 1800 6230 info.thuccoffee247@gmail.com 1800 6230 Menu Chuyện của Thức Về chúng tôi Cửa hàng Chính sách thành viên Tuyển Dụng Liên Hệ Thức uống Tin tức Trang chủ Chuyện của Thức Không ngủ với Thức Coffee 03.11.2023 TIẾP SỨC ĐÊM KHUYA THÊM NO THÊM KHOẺ Siêu deal chấn động dành riêng team cú đêm nhà Thức nạp năng lượng cho chi","74",
"200","story-list-page","/chuyen-cua-thuc/t1p14/","http://www.thuccoffee.com.vn/chuyen-cua-thuc/t1p14/","Thức Coffee - Open 24/7 - Chuyện của Thức","H1: Không ngủ với Thức Coffee | H4: THỨC COFFEE - OPEN 24/7 Hotline: 1800 6230 | H4: © 2018. All Right Reserved. Thức Coffee","Thức Coffee - Open 24/7 - Chuyện của Thức Trang chủ Menu Chuyện của Thức Về chúng tôi Cửa hàng Chính sách thành viên Tuyển Dụng Liên Hệ Đăng Nhập Nhận tin khuyến mãi của Thức 1800 6230 info.thuccoffee247@gmail.com 1800 6230 Menu Chuyện của Thức Về chúng tôi Cửa hàng Chính sách thành viên Tuyển Dụng Liên Hệ Thức uống Tin tức Trang chủ Chuyện của Thức Không ngủ với Thức Coffee 12.10.2023 MÓN MỚI ĐỔ BỘ !!!!! Bánh Mì, Bánh Mì đây!!! Ai ăn bánh mì, bánh mì que hônnnnnnnn Xem Tiếp 12.10.2023 HAPPY 11t","74",
"200","story-list-page","/chuyen-cua-thuc/t1p15/","http://www.thuccoffee.com.vn/chuyen-cua-thuc/t1p15/","Thức Coffee - Open 24/7 - Chuyện của Thức","H1: Không ngủ với Thức Coffee | H4: THỨC COFFEE - OPEN 24/7 Hotline: 1800 6230 | H4: © 2018. All Right Reserved. Thức Coffee","Thức Coffee - Open 24/7 - Chuyện của Thức Trang chủ Menu Chuyện của Thức Về chúng tôi Cửa hàng Chính sách thành viên Tuyển Dụng Liên Hệ Đăng Nhập Nhận tin khuyến mãi của Thức 1800 6230 info.thuccoffee247@gmail.com 1800 6230 Menu Chuyện của Thức Về chúng tôi Cửa hàng Chính sách thành viên Tuyển Dụng Liên Hệ Thức uống Tin tức Trang chủ Chuyện của Thức Không ngủ với Thức Coffee 11.09.2023 SÁNG BỪNG TỈNH với COMBO CÀ PHÊ + BÁNH chỉ 52.000Đ Một bữa sáng tiện lợi và tràn đầy năng lượng dành cho ""team""","74",
"200","story-list-page","/chuyen-cua-thuc/t1p16/","http://www.thuccoffee.com.vn/chuyen-cua-thuc/t1p16/","Thức Coffee - Open 24/7 - Chuyện của Thức","H1: Không ngủ với Thức Coffee | H4: THỨC COFFEE - OPEN 24/7 Hotline: 1800 6230 | H4: © 2018. All Right Reserved. Thức Coffee","Thức Coffee - Open 24/7 - Chuyện của Thức Trang chủ Menu Chuyện của Thức Về chúng tôi Cửa hàng Chính sách thành viên Tuyển Dụng Liên Hệ Đăng Nhập Nhận tin khuyến mãi của Thức 1800 6230 info.thuccoffee247@gmail.com 1800 6230 Menu Chuyện của Thức Về chúng tôi Cửa hàng Chính sách thành viên Tuyển Dụng Liên Hệ Thức uống Tin tức Trang chủ Chuyện của Thức Không ngủ với Thức Coffee 07.08.2023 QUẦY PHỤC VỤ CÀ PHÊ CHO SỰ KIỆN CÔNG TY, bạn đã thử chưa?? Xem Tiếp 07.08.2023 &#127807; Fan cứng MATCHA không ","74",
"200","story-list-page","/chuyen-cua-thuc/t1p17/","http://www.thuccoffee.com.vn/chuyen-cua-thuc/t1p17/","Thức Coffee - Open 24/7 - Chuyện của Thức","H1: Không ngủ với Thức Coffee | H4: THỨC COFFEE - OPEN 24/7 Hotline: 1800 6230 | H4: © 2018. All Right Reserved. Thức Coffee","Thức Coffee - Open 24/7 - Chuyện của Thức Trang chủ Menu Chuyện của Thức Về chúng tôi Cửa hàng Chính sách thành viên Tuyển Dụng Liên Hệ Đăng Nhập Nhận tin khuyến mãi của Thức 1800 6230 info.thuccoffee247@gmail.com 1800 6230 Menu Chuyện của Thức Về chúng tôi Cửa hàng Chính sách thành viên Tuyển Dụng Liên Hệ Thức uống Tin tức Trang chủ Chuyện của Thức Không ngủ với Thức Coffee 26.06.2023 &#128227; ĐĂNG KÝ THÀNH VIÊN THỨC COFFEE - NHẬN NGAY ƯU ĐÃI 20% KHÔNG GIỚI HẠN &#128227; &#129488; Bạn đã là th","74",
"200","story-list-page","/chuyen-cua-thuc/t1p18/","http://www.thuccoffee.com.vn/chuyen-cua-thuc/t1p18/","Thức Coffee - Open 24/7 - Chuyện của Thức","H1: Không ngủ với Thức Coffee | H4: THỨC COFFEE - OPEN 24/7 Hotline: 1800 6230 | H4: © 2018. All Right Reserved. Thức Coffee","Thức Coffee - Open 24/7 - Chuyện của Thức Trang chủ Menu Chuyện của Thức Về chúng tôi Cửa hàng Chính sách thành viên Tuyển Dụng Liên Hệ Đăng Nhập Nhận tin khuyến mãi của Thức 1800 6230 info.thuccoffee247@gmail.com 1800 6230 Menu Chuyện của Thức Về chúng tôi Cửa hàng Chính sách thành viên Tuyển Dụng Liên Hệ Thức uống Tin tức Trang chủ Chuyện của Thức Không ngủ với Thức Coffee 11.03.2023 HAPPY WOMEN'S DAY 08/03/2023 QUÀ DỊU DÀNG CHỜ TRAO TAY NÀNG Xem Tiếp 11.03.2023 HAPPY WOMEN'S WEEK cùng COMBO M","74",
"200","story-list-page","/chuyen-cua-thuc/t1p19/","http://www.thuccoffee.com.vn/chuyen-cua-thuc/t1p19/","Thức Coffee - Open 24/7 - Chuyện của Thức","H1: Không ngủ với Thức Coffee | H4: THỨC COFFEE - OPEN 24/7 Hotline: 1800 6230 | H4: © 2018. All Right Reserved. Thức Coffee","Thức Coffee - Open 24/7 - Chuyện của Thức Trang chủ Menu Chuyện của Thức Về chúng tôi Cửa hàng Chính sách thành viên Tuyển Dụng Liên Hệ Đăng Nhập Nhận tin khuyến mãi của Thức 1800 6230 info.thuccoffee247@gmail.com 1800 6230 Menu Chuyện của Thức Về chúng tôi Cửa hàng Chính sách thành viên Tuyển Dụng Liên Hệ Thức uống Tin tức Trang chủ Chuyện của Thức Không ngủ với Thức Coffee 05.01.2023 VỊ TẾT ĐONG ĐẦY, SUM VẦY - SUNG TÚC Thức Coffee đã sẵn sàng để trình làng các bạn những sản phẩm TRÀ thanh mát ","74",
"200","story-list-page","/chuyen-cua-thuc/t1p2/","http://www.thuccoffee.com.vn/chuyen-cua-thuc/t1p2/","Thức Coffee - Open 24/7 - Chuyện của Thức","H1: Không ngủ với Thức Coffee | H4: THỨC COFFEE - OPEN 24/7 Hotline: 1800 6230 | H4: © 2018. All Right Reserved. Thức Coffee","Thức Coffee - Open 24/7 - Chuyện của Thức Trang chủ Menu Chuyện của Thức Về chúng tôi Cửa hàng Chính sách thành viên Tuyển Dụng Liên Hệ Đăng Nhập Nhận tin khuyến mãi của Thức 1800 6230 info.thuccoffee247@gmail.com 1800 6230 Menu Chuyện của Thức Về chúng tôi Cửa hàng Chính sách thành viên Tuyển Dụng Liên Hệ Thức uống Tin tức Trang chủ Chuyện của Thức Không ngủ với Thức Coffee 13.05.2026 &#127881; ĐỔI ĐIỂM TÍCH LUỸ - VUI HÈ HẾT Ý&#127881; ĐĂNG KÝ THÀNH VIÊN GIẢM LIỀN 20% TỔNG HOÁ ĐƠN Xem Tiếp 25.0","73",
"200","story-list-page","/chuyen-cua-thuc/t1p20/","http://www.thuccoffee.com.vn/chuyen-cua-thuc/t1p20/","Thức Coffee - Open 24/7 - Chuyện của Thức","H1: Không ngủ với Thức Coffee | H4: THỨC COFFEE - OPEN 24/7 Hotline: 1800 6230 | H4: © 2018. All Right Reserved. Thức Coffee","Thức Coffee - Open 24/7 - Chuyện của Thức Trang chủ Menu Chuyện của Thức Về chúng tôi Cửa hàng Chính sách thành viên Tuyển Dụng Liên Hệ Đăng Nhập Nhận tin khuyến mãi của Thức 1800 6230 info.thuccoffee247@gmail.com 1800 6230 Menu Chuyện của Thức Về chúng tôi Cửa hàng Chính sách thành viên Tuyển Dụng Liên Hệ Thức uống Tin tức Trang chủ Chuyện của Thức Không ngủ với Thức Coffee 19.10.2022 &#128520; Welcome to BLACK ISLAND!! &#128520; Xem Tiếp 17.10.2022 GIẢM 30% CHO KHÁCH HÀNG CÓ NGÀY SINH NHẬT TỪ ","74",
"200","story-list-page","/chuyen-cua-thuc/t1p21/","http://www.thuccoffee.com.vn/chuyen-cua-thuc/t1p21/","Thức Coffee - Open 24/7 - Chuyện của Thức","H1: Không ngủ với Thức Coffee | H4: THỨC COFFEE - OPEN 24/7 Hotline: 1800 6230 | H4: © 2018. All Right Reserved. Thức Coffee","Thức Coffee - Open 24/7 - Chuyện của Thức Trang chủ Menu Chuyện của Thức Về chúng tôi Cửa hàng Chính sách thành viên Tuyển Dụng Liên Hệ Đăng Nhập Nhận tin khuyến mãi của Thức 1800 6230 info.thuccoffee247@gmail.com 1800 6230 Menu Chuyện của Thức Về chúng tôi Cửa hàng Chính sách thành viên Tuyển Dụng Liên Hệ Thức uống Tin tức Trang chủ Chuyện của Thức Không ngủ với Thức Coffee 17.10.2022 NHÀ MỚI 44B LÝ TỰ TRỌNG CHÍNH THỨC HOẠT ĐỘNG 24H TỪ HÔM NAY Xem Tiếp 24.09.2022 &#129395; CHÀO NHÀ MỚI 44B LÝ T","74",
"200","story-list-page","/chuyen-cua-thuc/t1p22/","http://www.thuccoffee.com.vn/chuyen-cua-thuc/t1p22/","Thức Coffee - Open 24/7 - Chuyện của Thức","H1: Không ngủ với Thức Coffee | H4: THỨC COFFEE - OPEN 24/7 Hotline: 1800 6230 | H4: © 2018. All Right Reserved. Thức Coffee","Thức Coffee - Open 24/7 - Chuyện của Thức Trang chủ Menu Chuyện của Thức Về chúng tôi Cửa hàng Chính sách thành viên Tuyển Dụng Liên Hệ Đăng Nhập Nhận tin khuyến mãi của Thức 1800 6230 info.thuccoffee247@gmail.com 1800 6230 Menu Chuyện của Thức Về chúng tôi Cửa hàng Chính sách thành viên Tuyển Dụng Liên Hệ Thức uống Tin tức Trang chủ Chuyện của Thức Không ngủ với Thức Coffee 11.07.2022 Tạm biệt cửa hàng 22 Quang Trung với thật nhiều kỷ niệm! Thấm thoát đã 5 năm, nay cửa hàng 22 Quang Trung, P.10","74",
"200","story-list-page","/chuyen-cua-thuc/t1p23/","http://www.thuccoffee.com.vn/chuyen-cua-thuc/t1p23/","Thức Coffee - Open 24/7 - Chuyện của Thức","H1: Không ngủ với Thức Coffee | H4: THỨC COFFEE - OPEN 24/7 Hotline: 1800 6230 | H4: © 2018. All Right Reserved. Thức Coffee","Thức Coffee - Open 24/7 - Chuyện của Thức Trang chủ Menu Chuyện của Thức Về chúng tôi Cửa hàng Chính sách thành viên Tuyển Dụng Liên Hệ Đăng Nhập Nhận tin khuyến mãi của Thức 1800 6230 info.thuccoffee247@gmail.com 1800 6230 Menu Chuyện của Thức Về chúng tôi Cửa hàng Chính sách thành viên Tuyển Dụng Liên Hệ Thức uống Tin tức Trang chủ Chuyện của Thức Không ngủ với Thức Coffee 03.03.2022 THỨC COFFEE - 182 PASTEUR, Q.1 QUAY LẠI HOẠT ĐỘNG 24H &#127881; Chào tháng 3 với ""hot news"" cho cú đêm trung tâ","74",
"200","story-list-page","/chuyen-cua-thuc/t1p24/","http://www.thuccoffee.com.vn/chuyen-cua-thuc/t1p24/","Thức Coffee - Open 24/7 - Chuyện của Thức","H1: Không ngủ với Thức Coffee | H4: THỨC COFFEE - OPEN 24/7 Hotline: 1800 6230 | H4: © 2018. All Right Reserved. Thức Coffee","Thức Coffee - Open 24/7 - Chuyện của Thức Trang chủ Menu Chuyện của Thức Về chúng tôi Cửa hàng Chính sách thành viên Tuyển Dụng Liên Hệ Đăng Nhập Nhận tin khuyến mãi của Thức 1800 6230 info.thuccoffee247@gmail.com 1800 6230 Menu Chuyện của Thức Về chúng tôi Cửa hàng Chính sách thành viên Tuyển Dụng Liên Hệ Thức uống Tin tức Trang chủ Chuyện của Thức Không ngủ với Thức Coffee 12.02.2022 &#128174; Đón TẾT NHƯ Ý cùng COMBO TRÀ HOA TỨ QUÝ &#128174; &#128073; Gợi ý hay cho Tết thêm đủ đầy với các com","74",
"200","story-list-page","/chuyen-cua-thuc/t1p25/","http://www.thuccoffee.com.vn/chuyen-cua-thuc/t1p25/","Thức Coffee - Open 24/7 - Chuyện của Thức","H1: Không ngủ với Thức Coffee | H4: THỨC COFFEE - OPEN 24/7 Hotline: 1800 6230 | H4: © 2018. All Right Reserved. Thức Coffee","Thức Coffee - Open 24/7 - Chuyện của Thức Trang chủ Menu Chuyện của Thức Về chúng tôi Cửa hàng Chính sách thành viên Tuyển Dụng Liên Hệ Đăng Nhập Nhận tin khuyến mãi của Thức 1800 6230 info.thuccoffee247@gmail.com 1800 6230 Menu Chuyện của Thức Về chúng tôi Cửa hàng Chính sách thành viên Tuyển Dụng Liên Hệ Thức uống Tin tức Trang chủ Chuyện của Thức Không ngủ với Thức Coffee 31.12.2021 Thức Coffee x Momo - Deal siêu Hot Bạn ơi, đi đâu mà vội mà vàng, dừng chân ghé lại gian hàng MOMO &#128147; Xe","74",
"200","story-list-page","/chuyen-cua-thuc/t1p26/","http://www.thuccoffee.com.vn/chuyen-cua-thuc/t1p26/","Thức Coffee - Open 24/7 - Chuyện của Thức","H1: Không ngủ với Thức Coffee | H4: THỨC COFFEE - OPEN 24/7 Hotline: 1800 6230 | H4: © 2018. All Right Reserved. Thức Coffee","Thức Coffee - Open 24/7 - Chuyện của Thức Trang chủ Menu Chuyện của Thức Về chúng tôi Cửa hàng Chính sách thành viên Tuyển Dụng Liên Hệ Đăng Nhập Nhận tin khuyến mãi của Thức 1800 6230 info.thuccoffee247@gmail.com 1800 6230 Menu Chuyện của Thức Về chúng tôi Cửa hàng Chính sách thành viên Tuyển Dụng Liên Hệ Thức uống Tin tức Trang chủ Chuyện của Thức Không ngủ với Thức Coffee 01.11.2021 TRÀ BƯỞI HỒNG-CHANH DÂY chỉ 29.000Đ KHAI VỊ GU TRÀ THỜI BÌNH THƯỜNG MỚI với TRÀ BƯỞI HỒNG-CHANH DÂY chỉ 29.000Đ","74",
"200","story-list-page","/chuyen-cua-thuc/t1p27/","http://www.thuccoffee.com.vn/chuyen-cua-thuc/t1p27/","Thức Coffee - Open 24/7 - Chuyện của Thức","H1: Không ngủ với Thức Coffee | H4: THỨC COFFEE - OPEN 24/7 Hotline: 1800 6230 | H4: © 2018. All Right Reserved. Thức Coffee","Thức Coffee - Open 24/7 - Chuyện của Thức Trang chủ Menu Chuyện của Thức Về chúng tôi Cửa hàng Chính sách thành viên Tuyển Dụng Liên Hệ Đăng Nhập Nhận tin khuyến mãi của Thức 1800 6230 info.thuccoffee247@gmail.com 1800 6230 Menu Chuyện của Thức Về chúng tôi Cửa hàng Chính sách thành viên Tuyển Dụng Liên Hệ Thức uống Tin tức Trang chủ Chuyện của Thức Không ngủ với Thức Coffee 03.05.2021 [THÔNG BÁO] THAY ĐỔI ĐỊA ĐIỂM CỬA HÀNG Xem Tiếp 03.05.2021 &#127827;&#127819;&#127825; TROPICAL FRUIT BREEZE - ","74",
"200","story-list-page","/chuyen-cua-thuc/t1p28/","http://www.thuccoffee.com.vn/chuyen-cua-thuc/t1p28/","Thức Coffee - Open 24/7 - Chuyện của Thức","H1: Không ngủ với Thức Coffee | H4: THỨC COFFEE - OPEN 24/7 Hotline: 1800 6230 | H4: © 2018. All Right Reserved. Thức Coffee","Thức Coffee - Open 24/7 - Chuyện của Thức Trang chủ Menu Chuyện của Thức Về chúng tôi Cửa hàng Chính sách thành viên Tuyển Dụng Liên Hệ Đăng Nhập Nhận tin khuyến mãi của Thức 1800 6230 info.thuccoffee247@gmail.com 1800 6230 Menu Chuyện của Thức Về chúng tôi Cửa hàng Chính sách thành viên Tuyển Dụng Liên Hệ Thức uống Tin tức Trang chủ Chuyện của Thức Không ngủ với Thức Coffee 16.02.2021 &#128159; HAPPY VALENTINE 14.02.2021 &#128159; &#128073; Gợi ý thức uống cho ngày Valentine có đôi có cặp với T","74",
"200","story-list-page","/chuyen-cua-thuc/t1p29/","http://www.thuccoffee.com.vn/chuyen-cua-thuc/t1p29/","Thức Coffee - Open 24/7 - Chuyện của Thức","H1: Không ngủ với Thức Coffee | H4: THỨC COFFEE - OPEN 24/7 Hotline: 1800 6230 | H4: © 2018. All Right Reserved. Thức Coffee","Thức Coffee - Open 24/7 - Chuyện của Thức Trang chủ Menu Chuyện của Thức Về chúng tôi Cửa hàng Chính sách thành viên Tuyển Dụng Liên Hệ Đăng Nhập Nhận tin khuyến mãi của Thức 1800 6230 info.thuccoffee247@gmail.com 1800 6230 Menu Chuyện của Thức Về chúng tôi Cửa hàng Chính sách thành viên Tuyển Dụng Liên Hệ Thức uống Tin tức Trang chủ Chuyện của Thức Không ngủ với Thức Coffee 08.02.2021 &#127801; TRÀ HOA HỒNG PHÚC &#127801; Trà hoa hồng đó! Hương thơm gì quyến rũ quá à! à á à á à…. Xem Tiếp 03.02","74",
"200","story-list-page","/chuyen-cua-thuc/t1p3/","http://www.thuccoffee.com.vn/chuyen-cua-thuc/t1p3/","Thức Coffee - Open 24/7 - Chuyện của Thức","H1: Không ngủ với Thức Coffee | H4: THỨC COFFEE - OPEN 24/7 Hotline: 1800 6230 | H4: © 2018. All Right Reserved. Thức Coffee","Thức Coffee - Open 24/7 - Chuyện của Thức Trang chủ Menu Chuyện của Thức Về chúng tôi Cửa hàng Chính sách thành viên Tuyển Dụng Liên Hệ Đăng Nhập Nhận tin khuyến mãi của Thức 1800 6230 info.thuccoffee247@gmail.com 1800 6230 Menu Chuyện của Thức Về chúng tôi Cửa hàng Chính sách thành viên Tuyển Dụng Liên Hệ Thức uống Tin tức Trang chủ Chuyện của Thức Không ngủ với Thức Coffee 21.01.2026 &#129511; MUA CẶP – LỘC GẤP ĐÔI: TẾT NÀY PHẢI CÓ ĐÔI CÓ CẶP! &#129511; Xem Tiếp 21.01.2026 GHÉ THỨC SĂN “ MÃ “ ","74",
"200","story-list-page","/chuyen-cua-thuc/t1p30/","http://www.thuccoffee.com.vn/chuyen-cua-thuc/t1p30/","Thức Coffee - Open 24/7 - Chuyện của Thức","H1: Không ngủ với Thức Coffee | H4: THỨC COFFEE - OPEN 24/7 Hotline: 1800 6230 | H4: © 2018. All Right Reserved. Thức Coffee","Thức Coffee - Open 24/7 - Chuyện của Thức Trang chủ Menu Chuyện của Thức Về chúng tôi Cửa hàng Chính sách thành viên Tuyển Dụng Liên Hệ Đăng Nhập Nhận tin khuyến mãi của Thức 1800 6230 info.thuccoffee247@gmail.com 1800 6230 Menu Chuyện của Thức Về chúng tôi Cửa hàng Chính sách thành viên Tuyển Dụng Liên Hệ Thức uống Tin tức Trang chủ Chuyện của Thức Không ngủ với Thức Coffee 09.12.2020 &#127876; Tháng 12 luôn là tháng được yêu thích nhất trong năm. Vì sao ư? Xem Tiếp 09.12.2020 &#128073; THỨ BA ","74",
"200","story-list-page","/chuyen-cua-thuc/t1p31/","http://www.thuccoffee.com.vn/chuyen-cua-thuc/t1p31/","Thức Coffee - Open 24/7 - Chuyện của Thức","H1: Không ngủ với Thức Coffee | H4: THỨC COFFEE - OPEN 24/7 Hotline: 1800 6230 | H4: © 2018. All Right Reserved. Thức Coffee","Thức Coffee - Open 24/7 - Chuyện của Thức Trang chủ Menu Chuyện của Thức Về chúng tôi Cửa hàng Chính sách thành viên Tuyển Dụng Liên Hệ Đăng Nhập Nhận tin khuyến mãi của Thức 1800 6230 info.thuccoffee247@gmail.com 1800 6230 Menu Chuyện của Thức Về chúng tôi Cửa hàng Chính sách thành viên Tuyển Dụng Liên Hệ Thức uống Tin tức Trang chủ Chuyện của Thức Không ngủ với Thức Coffee 24.11.2020 &#128144; HAPPY TEACHER'S DAY “Nghề nhà giáo bao đời luôn là nghề cao quý và đáng kính trọng nhất” Xem Tiếp 10.","74",
"200","story-list-page","/chuyen-cua-thuc/t1p32/","http://www.thuccoffee.com.vn/chuyen-cua-thuc/t1p32/","Thức Coffee - Open 24/7 - Chuyện của Thức","H1: Không ngủ với Thức Coffee | H4: THỨC COFFEE - OPEN 24/7 Hotline: 1800 6230 | H4: © 2018. All Right Reserved. Thức Coffee","Thức Coffee - Open 24/7 - Chuyện của Thức Trang chủ Menu Chuyện của Thức Về chúng tôi Cửa hàng Chính sách thành viên Tuyển Dụng Liên Hệ Đăng Nhập Nhận tin khuyến mãi của Thức 1800 6230 info.thuccoffee247@gmail.com 1800 6230 Menu Chuyện của Thức Về chúng tôi Cửa hàng Chính sách thành viên Tuyển Dụng Liên Hệ Thức uống Tin tức Trang chủ Chuyện của Thức Không ngủ với Thức Coffee 24.10.2020 &#127875; Mùa lễ hội Halloween đã đến! Tận hưởng không khí lễ hội cuối tháng 10 với các món Thức Signature phiê","74",
"200","story-list-page","/chuyen-cua-thuc/t1p33/","http://www.thuccoffee.com.vn/chuyen-cua-thuc/t1p33/","Thức Coffee - Open 24/7 - Chuyện của Thức","H1: Không ngủ với Thức Coffee | H4: THỨC COFFEE - OPEN 24/7 Hotline: 1800 6230 | H4: © 2018. All Right Reserved. Thức Coffee","Thức Coffee - Open 24/7 - Chuyện của Thức Trang chủ Menu Chuyện của Thức Về chúng tôi Cửa hàng Chính sách thành viên Tuyển Dụng Liên Hệ Đăng Nhập Nhận tin khuyến mãi của Thức 1800 6230 info.thuccoffee247@gmail.com 1800 6230 Menu Chuyện của Thức Về chúng tôi Cửa hàng Chính sách thành viên Tuyển Dụng Liên Hệ Thức uống Tin tức Trang chủ Chuyện của Thức Không ngủ với Thức Coffee 19.09.2020 [SỰ KIỆN] MỪNG THỨC 8 TUỔI Mừng Thức lên 8, cùng khám phá vô vàn ""siêu ưu đãi"" &#129395; Xem Tiếp 15.09.2020 &#","74",
"200","story-list-page","/chuyen-cua-thuc/t1p34/","http://www.thuccoffee.com.vn/chuyen-cua-thuc/t1p34/","Thức Coffee - Open 24/7 - Chuyện của Thức","H1: Không ngủ với Thức Coffee | H4: THỨC COFFEE - OPEN 24/7 Hotline: 1800 6230 | H4: © 2018. All Right Reserved. Thức Coffee","Thức Coffee - Open 24/7 - Chuyện của Thức Trang chủ Menu Chuyện của Thức Về chúng tôi Cửa hàng Chính sách thành viên Tuyển Dụng Liên Hệ Đăng Nhập Nhận tin khuyến mãi của Thức 1800 6230 info.thuccoffee247@gmail.com 1800 6230 Menu Chuyện của Thức Về chúng tôi Cửa hàng Chính sách thành viên Tuyển Dụng Liên Hệ Thức uống Tin tức Trang chủ Chuyện của Thức Không ngủ với Thức Coffee 16.07.2020 TRUNG THU VẸN TRÒN - TÌNH THÂN GẮN KẾT &#127982; Không khí trung thu đã về đến các cửa hàng Thức Coffee rồi, bạ","74",
"200","story-list-page","/chuyen-cua-thuc/t1p35/","http://www.thuccoffee.com.vn/chuyen-cua-thuc/t1p35/","Thức Coffee - Open 24/7 - Chuyện của Thức","H1: Không ngủ với Thức Coffee | H4: THỨC COFFEE - OPEN 24/7 Hotline: 1800 6230 | H4: © 2018. All Right Reserved. Thức Coffee","Thức Coffee - Open 24/7 - Chuyện của Thức Trang chủ Menu Chuyện của Thức Về chúng tôi Cửa hàng Chính sách thành viên Tuyển Dụng Liên Hệ Đăng Nhập Nhận tin khuyến mãi của Thức 1800 6230 info.thuccoffee247@gmail.com 1800 6230 Menu Chuyện của Thức Về chúng tôi Cửa hàng Chính sách thành viên Tuyển Dụng Liên Hệ Thức uống Tin tức Trang chủ Chuyện của Thức Không ngủ với Thức Coffee 20.06.2020 Cười giòn tan, nhai rôm rả cho câu chuyện trọn vẹn ha! Mượn “mồi” gọi nước đẩy đưa câu chuyện, Thức ngay đó địn","74",
"200","story-list-page","/chuyen-cua-thuc/t1p36/","http://www.thuccoffee.com.vn/chuyen-cua-thuc/t1p36/","Thức Coffee - Open 24/7 - Chuyện của Thức","H1: Không ngủ với Thức Coffee | H4: THỨC COFFEE - OPEN 24/7 Hotline: 1800 6230 | H4: © 2018. All Right Reserved. Thức Coffee","Thức Coffee - Open 24/7 - Chuyện của Thức Trang chủ Menu Chuyện của Thức Về chúng tôi Cửa hàng Chính sách thành viên Tuyển Dụng Liên Hệ Đăng Nhập Nhận tin khuyến mãi của Thức 1800 6230 info.thuccoffee247@gmail.com 1800 6230 Menu Chuyện của Thức Về chúng tôi Cửa hàng Chính sách thành viên Tuyển Dụng Liên Hệ Thức uống Tin tức Trang chủ Chuyện của Thức Không ngủ với Thức Coffee 05.06.2020 &#128073; Bạn đã sẵn sàng chào đón “Cặp đôi thanh mát” đến từ dòng trà trái cây nhiệt đới đậm chất mùa hè của T","74",
"200","story-list-page","/chuyen-cua-thuc/t1p37/","http://www.thuccoffee.com.vn/chuyen-cua-thuc/t1p37/","Thức Coffee - Open 24/7 - Chuyện của Thức","H1: Không ngủ với Thức Coffee | H4: THỨC COFFEE - OPEN 24/7 Hotline: 1800 6230 | H4: © 2018. All Right Reserved. Thức Coffee","Thức Coffee - Open 24/7 - Chuyện của Thức Trang chủ Menu Chuyện của Thức Về chúng tôi Cửa hàng Chính sách thành viên Tuyển Dụng Liên Hệ Đăng Nhập Nhận tin khuyến mãi của Thức 1800 6230 info.thuccoffee247@gmail.com 1800 6230 Menu Chuyện của Thức Về chúng tôi Cửa hàng Chính sách thành viên Tuyển Dụng Liên Hệ Thức uống Tin tức Trang chủ Chuyện của Thức Không ngủ với Thức Coffee 20.05.2020 “Em không sai, chúng ta cũng không sai” &#128073; Vì chỉ có sự thật là đúng! Sự thật là gì? Là Thức đang &#1199","74",
"200","story-list-page","/chuyen-cua-thuc/t1p38/","http://www.thuccoffee.com.vn/chuyen-cua-thuc/t1p38/","Thức Coffee - Open 24/7 - Chuyện của Thức","H1: Không ngủ với Thức Coffee | H4: THỨC COFFEE - OPEN 24/7 Hotline: 1800 6230 | H4: © 2018. All Right Reserved. Thức Coffee","Thức Coffee - Open 24/7 - Chuyện của Thức Trang chủ Menu Chuyện của Thức Về chúng tôi Cửa hàng Chính sách thành viên Tuyển Dụng Liên Hệ Đăng Nhập Nhận tin khuyến mãi của Thức 1800 6230 info.thuccoffee247@gmail.com 1800 6230 Menu Chuyện của Thức Về chúng tôi Cửa hàng Chính sách thành viên Tuyển Dụng Liên Hệ Thức uống Tin tức Trang chủ Chuyện của Thức Không ngủ với Thức Coffee 08.05.2020 [THÔNG BÁO] Thay đổi thời gian giao hàng và chương trình “Giảm 20% - FREESHIP” Chương trình [Giảm 20% x FREESHI","74",
"200","story-list-page","/chuyen-cua-thuc/t1p39/","http://www.thuccoffee.com.vn/chuyen-cua-thuc/t1p39/","Thức Coffee - Open 24/7 - Chuyện của Thức","H1: Không ngủ với Thức Coffee | H4: THỨC COFFEE - OPEN 24/7 Hotline: 1800 6230 | H4: © 2018. All Right Reserved. Thức Coffee","Thức Coffee - Open 24/7 - Chuyện của Thức Trang chủ Menu Chuyện của Thức Về chúng tôi Cửa hàng Chính sách thành viên Tuyển Dụng Liên Hệ Đăng Nhập Nhận tin khuyến mãi của Thức 1800 6230 info.thuccoffee247@gmail.com 1800 6230 Menu Chuyện của Thức Về chúng tôi Cửa hàng Chính sách thành viên Tuyển Dụng Liên Hệ Thức uống Tin tức Trang chủ Chuyện của Thức Không ngủ với Thức Coffee 28.04.2020 Cà phê “xưa” và “nay” có gì khác? Xem Tiếp 27.04.2020 Người người nhà nhà sau mấy hôm ở nhà chống dịch trở nên ","74",
"200","story-list-page","/chuyen-cua-thuc/t1p4/","http://www.thuccoffee.com.vn/chuyen-cua-thuc/t1p4/","Thức Coffee - Open 24/7 - Chuyện của Thức","H1: Không ngủ với Thức Coffee | H4: THỨC COFFEE - OPEN 24/7 Hotline: 1800 6230 | H4: © 2018. All Right Reserved. Thức Coffee","Thức Coffee - Open 24/7 - Chuyện của Thức Trang chủ Menu Chuyện của Thức Về chúng tôi Cửa hàng Chính sách thành viên Tuyển Dụng Liên Hệ Đăng Nhập Nhận tin khuyến mãi của Thức 1800 6230 info.thuccoffee247@gmail.com 1800 6230 Menu Chuyện của Thức Về chúng tôi Cửa hàng Chính sách thành viên Tuyển Dụng Liên Hệ Thức uống Tin tức Trang chủ Chuyện của Thức Không ngủ với Thức Coffee 03.12.2025 &#127876; MÙA GIÁNG SINH VỀ, THỨC CÓ ĐIỀU MUỐN HÉ LỘ &#127876; Không khí se lạnh, đèn ấm đã lên… và Thức cũng k","74",
"200","story-list-page","/chuyen-cua-thuc/t1p40/","http://www.thuccoffee.com.vn/chuyen-cua-thuc/t1p40/","Thức Coffee - Open 24/7 - Chuyện của Thức","H1: Không ngủ với Thức Coffee | H4: THỨC COFFEE - OPEN 24/7 Hotline: 1800 6230 | H4: © 2018. All Right Reserved. Thức Coffee","Thức Coffee - Open 24/7 - Chuyện của Thức Trang chủ Menu Chuyện của Thức Về chúng tôi Cửa hàng Chính sách thành viên Tuyển Dụng Liên Hệ Đăng Nhập Nhận tin khuyến mãi của Thức 1800 6230 info.thuccoffee247@gmail.com 1800 6230 Menu Chuyện của Thức Về chúng tôi Cửa hàng Chính sách thành viên Tuyển Dụng Liên Hệ Thức uống Tin tức Trang chủ Chuyện của Thức Không ngủ với Thức Coffee 20.04.2020 “Xa” Thức là nhớ, “gần” anh shipper là cười! Nhật ký #stayhome của bạn đã viết đến chương nào rồi nhỉ? Xem Tiếp","74",
"200","story-list-page","/chuyen-cua-thuc/t1p41/","http://www.thuccoffee.com.vn/chuyen-cua-thuc/t1p41/","Thức Coffee - Open 24/7 - Chuyện của Thức","H1: Không ngủ với Thức Coffee | H4: THỨC COFFEE - OPEN 24/7 Hotline: 1800 6230 | H4: © 2018. All Right Reserved. Thức Coffee","Thức Coffee - Open 24/7 - Chuyện của Thức Trang chủ Menu Chuyện của Thức Về chúng tôi Cửa hàng Chính sách thành viên Tuyển Dụng Liên Hệ Đăng Nhập Nhận tin khuyến mãi của Thức 1800 6230 info.thuccoffee247@gmail.com 1800 6230 Menu Chuyện của Thức Về chúng tôi Cửa hàng Chính sách thành viên Tuyển Dụng Liên Hệ Thức uống Tin tức Trang chủ Chuyện của Thức Không ngủ với Thức Coffee 10.04.2020 &#127881;&#127881; Ưu đãi cuối tuần với deal đậm “MUA 2 TẶNG 1”&#127881;&#127881; &#129392; Ngày mai là cuối tu","74",
"200","story-list-page","/chuyen-cua-thuc/t1p42/","http://www.thuccoffee.com.vn/chuyen-cua-thuc/t1p42/","Thức Coffee - Open 24/7 - Chuyện của Thức","H1: Không ngủ với Thức Coffee | H4: THỨC COFFEE - OPEN 24/7 Hotline: 1800 6230 | H4: © 2018. All Right Reserved. Thức Coffee","Thức Coffee - Open 24/7 - Chuyện của Thức Trang chủ Menu Chuyện của Thức Về chúng tôi Cửa hàng Chính sách thành viên Tuyển Dụng Liên Hệ Đăng Nhập Nhận tin khuyến mãi của Thức 1800 6230 info.thuccoffee247@gmail.com 1800 6230 Menu Chuyện của Thức Về chúng tôi Cửa hàng Chính sách thành viên Tuyển Dụng Liên Hệ Thức uống Tin tức Trang chủ Chuyện của Thức Không ngủ với Thức Coffee 31.03.2020 &#128170;&#128170; Sống khỏe cùng Thức, vực dậy tinh thần, đánh bay “Cô Vi” &#128105;‍&#128187;&#128104;‍&#1281","74",
"200","story-list-page","/chuyen-cua-thuc/t1p43/","http://www.thuccoffee.com.vn/chuyen-cua-thuc/t1p43/","Thức Coffee - Open 24/7 - Chuyện của Thức","H1: Không ngủ với Thức Coffee | H4: THỨC COFFEE - OPEN 24/7 Hotline: 1800 6230 | H4: © 2018. All Right Reserved. Thức Coffee","Thức Coffee - Open 24/7 - Chuyện của Thức Trang chủ Menu Chuyện của Thức Về chúng tôi Cửa hàng Chính sách thành viên Tuyển Dụng Liên Hệ Đăng Nhập Nhận tin khuyến mãi của Thức 1800 6230 info.thuccoffee247@gmail.com 1800 6230 Menu Chuyện của Thức Về chúng tôi Cửa hàng Chính sách thành viên Tuyển Dụng Liên Hệ Thức uống Tin tức Trang chủ Chuyện của Thức Không ngủ với Thức Coffee 20.03.2020 ♨️♨️ CÀ PHÊ TẠI GIA - KHÔNG LO VỀ GIÁ ♨️♨️ &#128073; Tận dụng ngay ưu đãi giao hàng tại Thức Coffee để “Ngồi yê","74",
"200","story-list-page","/chuyen-cua-thuc/t1p44/","http://www.thuccoffee.com.vn/chuyen-cua-thuc/t1p44/","Thức Coffee - Open 24/7 - Chuyện của Thức","H1: Không ngủ với Thức Coffee | H4: THỨC COFFEE - OPEN 24/7 Hotline: 1800 6230 | H4: © 2018. All Right Reserved. Thức Coffee","Thức Coffee - Open 24/7 - Chuyện của Thức Trang chủ Menu Chuyện của Thức Về chúng tôi Cửa hàng Chính sách thành viên Tuyển Dụng Liên Hệ Đăng Nhập Nhận tin khuyến mãi của Thức 1800 6230 info.thuccoffee247@gmail.com 1800 6230 Menu Chuyện của Thức Về chúng tôi Cửa hàng Chính sách thành viên Tuyển Dụng Liên Hệ Thức uống Tin tức Trang chủ Chuyện của Thức Không ngủ với Thức Coffee 11.02.2020 DA SÁNG, DÁNG XINH, SỐNG KHỎE MÙA CORONA &#128073; Giữa tình hình dịch bệnh Corona đang hoành hành và diễn biến","74",
"200","story-list-page","/chuyen-cua-thuc/t1p45/","http://www.thuccoffee.com.vn/chuyen-cua-thuc/t1p45/","Thức Coffee - Open 24/7 - Chuyện của Thức","H1: Không ngủ với Thức Coffee | H4: THỨC COFFEE - OPEN 24/7 Hotline: 1800 6230 | H4: © 2018. All Right Reserved. Thức Coffee","Thức Coffee - Open 24/7 - Chuyện của Thức Trang chủ Menu Chuyện của Thức Về chúng tôi Cửa hàng Chính sách thành viên Tuyển Dụng Liên Hệ Đăng Nhập Nhận tin khuyến mãi của Thức 1800 6230 info.thuccoffee247@gmail.com 1800 6230 Menu Chuyện của Thức Về chúng tôi Cửa hàng Chính sách thành viên Tuyển Dụng Liên Hệ Thức uống Tin tức Trang chủ Chuyện của Thức Không ngủ với Thức Coffee 31.12.2019 &#127878; &#119815;&#119808;&#119823;&#119823;&#119832; &#119821;&#119812;&#119830; &#119832;&#119812;&#119808;","74",
"200","story-list-page","/chuyen-cua-thuc/t1p46/","http://www.thuccoffee.com.vn/chuyen-cua-thuc/t1p46/","Thức Coffee - Open 24/7 - Chuyện của Thức","H1: Không ngủ với Thức Coffee | H4: THỨC COFFEE - OPEN 24/7 Hotline: 1800 6230 | H4: © 2018. All Right Reserved. Thức Coffee","Thức Coffee - Open 24/7 - Chuyện của Thức Trang chủ Menu Chuyện của Thức Về chúng tôi Cửa hàng Chính sách thành viên Tuyển Dụng Liên Hệ Đăng Nhập Nhận tin khuyến mãi của Thức 1800 6230 info.thuccoffee247@gmail.com 1800 6230 Menu Chuyện của Thức Về chúng tôi Cửa hàng Chính sách thành viên Tuyển Dụng Liên Hệ Thức uống Tin tức Trang chủ Chuyện của Thức Không ngủ với Thức Coffee 11.11.2019 &#128147;&#128147;&#128147; SINGLE DAY &#128147;&#128147;&#128147; &#128073; Lễ độc thân nhưng đừng đi một mình","74",
"200","story-list-page","/chuyen-cua-thuc/t1p47/","http://www.thuccoffee.com.vn/chuyen-cua-thuc/t1p47/","Thức Coffee - Open 24/7 - Chuyện của Thức","H1: Không ngủ với Thức Coffee | H4: THỨC COFFEE - OPEN 24/7 Hotline: 1800 6230 | H4: © 2018. All Right Reserved. Thức Coffee","Thức Coffee - Open 24/7 - Chuyện của Thức Trang chủ Menu Chuyện của Thức Về chúng tôi Cửa hàng Chính sách thành viên Tuyển Dụng Liên Hệ Đăng Nhập Nhận tin khuyến mãi của Thức 1800 6230 info.thuccoffee247@gmail.com 1800 6230 Menu Chuyện của Thức Về chúng tôi Cửa hàng Chính sách thành viên Tuyển Dụng Liên Hệ Thức uống Tin tức Trang chủ Chuyện của Thức Không ngủ với Thức Coffee 07.12.2019 &#128077;Cơ hội chỉ có một, đừng bỏ lỡ ❗️❗️❗️ &#128522; Ấy ơi tớ hỏi nhỏ, ở Thức có gì hay &#129300; &#128073; ","74",
"200","story-list-page","/chuyen-cua-thuc/t1p48/","http://www.thuccoffee.com.vn/chuyen-cua-thuc/t1p48/","Thức Coffee - Open 24/7 - Chuyện của Thức","H1: Không ngủ với Thức Coffee | H4: THỨC COFFEE - OPEN 24/7 Hotline: 1800 6230 | H4: © 2018. All Right Reserved. Thức Coffee","Thức Coffee - Open 24/7 - Chuyện của Thức Trang chủ Menu Chuyện của Thức Về chúng tôi Cửa hàng Chính sách thành viên Tuyển Dụng Liên Hệ Đăng Nhập Nhận tin khuyến mãi của Thức 1800 6230 info.thuccoffee247@gmail.com 1800 6230 Menu Chuyện của Thức Về chúng tôi Cửa hàng Chính sách thành viên Tuyển Dụng Liên Hệ Thức uống Tin tức Trang chủ Chuyện của Thức Không ngủ với Thức Coffee 29.07.2019 Bạn đang tìm kiếm vị bánh trung thu ngon và an toàn cho sức khoẻ ?? ❤️ Thử ngay bánh trung thu “&#119945;&#1199","74",
"200","story-list-page","/chuyen-cua-thuc/t1p49/","http://www.thuccoffee.com.vn/chuyen-cua-thuc/t1p49/","Thức Coffee - Open 24/7 - Chuyện của Thức","H1: Không ngủ với Thức Coffee | H4: THỨC COFFEE - OPEN 24/7 Hotline: 1800 6230 | H4: © 2018. All Right Reserved. Thức Coffee","Thức Coffee - Open 24/7 - Chuyện của Thức Trang chủ Menu Chuyện của Thức Về chúng tôi Cửa hàng Chính sách thành viên Tuyển Dụng Liên Hệ Đăng Nhập Nhận tin khuyến mãi của Thức 1800 6230 info.thuccoffee247@gmail.com 1800 6230 Menu Chuyện của Thức Về chúng tôi Cửa hàng Chính sách thành viên Tuyển Dụng Liên Hệ Thức uống Tin tức Trang chủ Chuyện của Thức Không ngủ với Thức Coffee 09.07.2019 Voucher quyền lực tái xuất giang hồ Sở hữu ngay đi, còn đợi chờ chi ?? Xem Tiếp 26.06.2019 Ấn phẩm ""xịn xò"" từ ","74",
"200","story-list-page","/chuyen-cua-thuc/t1p5/","http://www.thuccoffee.com.vn/chuyen-cua-thuc/t1p5/","Thức Coffee - Open 24/7 - Chuyện của Thức","H1: Không ngủ với Thức Coffee | H4: THỨC COFFEE - OPEN 24/7 Hotline: 1800 6230 | H4: © 2018. All Right Reserved. Thức Coffee","Thức Coffee - Open 24/7 - Chuyện của Thức Trang chủ Menu Chuyện của Thức Về chúng tôi Cửa hàng Chính sách thành viên Tuyển Dụng Liên Hệ Đăng Nhập Nhận tin khuyến mãi của Thức 1800 6230 info.thuccoffee247@gmail.com 1800 6230 Menu Chuyện của Thức Về chúng tôi Cửa hàng Chính sách thành viên Tuyển Dụng Liên Hệ Thức uống Tin tức Trang chủ Chuyện của Thức Không ngủ với Thức Coffee 03.09.2025 &#127811; Đổi mới hương vị cùng Bộ đôi BANANA VIBES tại Thức Coffee. Mời bạn ghé cửa hàng trải nghiệm những sản","74",
"200","story-list-page","/chuyen-cua-thuc/t1p50/","http://www.thuccoffee.com.vn/chuyen-cua-thuc/t1p50/","Thức Coffee - Open 24/7 - Chuyện của Thức","H1: Không ngủ với Thức Coffee | H4: THỨC COFFEE - OPEN 24/7 Hotline: 1800 6230 | H4: © 2018. All Right Reserved. Thức Coffee","Thức Coffee - Open 24/7 - Chuyện của Thức Trang chủ Menu Chuyện của Thức Về chúng tôi Cửa hàng Chính sách thành viên Tuyển Dụng Liên Hệ Đăng Nhập Nhận tin khuyến mãi của Thức 1800 6230 info.thuccoffee247@gmail.com 1800 6230 Menu Chuyện của Thức Về chúng tôi Cửa hàng Chính sách thành viên Tuyển Dụng Liên Hệ Thức uống Tin tức Trang chủ Chuyện của Thức Không ngủ với Thức Coffee 03.06.2019 &#127796;&#127796;&#127796; Mùa hè này Thức có gì ?? Bộ sưu tập hè với tên gọi “Rộn ràng sắc hè” chính thức “sa","74",
"200","story-list-page","/chuyen-cua-thuc/t1p51/","http://www.thuccoffee.com.vn/chuyen-cua-thuc/t1p51/","Thức Coffee - Open 24/7 - Chuyện của Thức","H1: Không ngủ với Thức Coffee | H4: THỨC COFFEE - OPEN 24/7 Hotline: 1800 6230 | H4: © 2018. All Right Reserved. Thức Coffee","Thức Coffee - Open 24/7 - Chuyện của Thức Trang chủ Menu Chuyện của Thức Về chúng tôi Cửa hàng Chính sách thành viên Tuyển Dụng Liên Hệ Đăng Nhập Nhận tin khuyến mãi của Thức 1800 6230 info.thuccoffee247@gmail.com 1800 6230 Menu Chuyện của Thức Về chúng tôi Cửa hàng Chính sách thành viên Tuyển Dụng Liên Hệ Thức uống Tin tức Trang chủ Chuyện của Thức Không ngủ với Thức Coffee 30.03.2019 &#129309;&#129309; Đồng hành cùng sự kiện Giờ Trái Đất trên toàn thế giới &#127757;&#127758;&#127759; Xem Tiếp ","74",
"200","story-list-page","/chuyen-cua-thuc/t1p52/","http://www.thuccoffee.com.vn/chuyen-cua-thuc/t1p52/","Thức Coffee - Open 24/7 - Chuyện của Thức","H1: Không ngủ với Thức Coffee | H4: THỨC COFFEE - OPEN 24/7 Hotline: 1800 6230 | H4: © 2018. All Right Reserved. Thức Coffee","Thức Coffee - Open 24/7 - Chuyện của Thức Trang chủ Menu Chuyện của Thức Về chúng tôi Cửa hàng Chính sách thành viên Tuyển Dụng Liên Hệ Đăng Nhập Nhận tin khuyến mãi của Thức 1800 6230 info.thuccoffee247@gmail.com 1800 6230 Menu Chuyện của Thức Về chúng tôi Cửa hàng Chính sách thành viên Tuyển Dụng Liên Hệ Thức uống Tin tức Trang chủ Chuyện của Thức Không ngủ với Thức Coffee 19.12.2018 Bạn đã sẵn sàng trải nghiệm ""Cặp đôi Giáng Sinh"" đầy màu sắc của Thức chưa ?? Trà Dâu thanh dịu béo béo cùng Ch","74",
"200","story-list-page","/chuyen-cua-thuc/t1p53/","http://www.thuccoffee.com.vn/chuyen-cua-thuc/t1p53/","Thức Coffee - Open 24/7 - Chuyện của Thức","H1: Không ngủ với Thức Coffee | H4: THỨC COFFEE - OPEN 24/7 Hotline: 1800 6230 | H4: © 2018. All Right Reserved. Thức Coffee","Thức Coffee - Open 24/7 - Chuyện của Thức Trang chủ Menu Chuyện của Thức Về chúng tôi Cửa hàng Chính sách thành viên Tuyển Dụng Liên Hệ Đăng Nhập Nhận tin khuyến mãi của Thức 1800 6230 info.thuccoffee247@gmail.com 1800 6230 Menu Chuyện của Thức Về chúng tôi Cửa hàng Chính sách thành viên Tuyển Dụng Liên Hệ Thức uống Tin tức Trang chủ Chuyện của Thức Không ngủ với Thức Coffee 27.05.2018 TIÊU BAY QUÀ TỚI chứ còn gì nữa !!! 100 voucher 50% đang ""chống cằm"" chờ thiện xạ Xem Tiếp 27.05.2018 Khai trươ","74",
"200","story-list-page","/chuyen-cua-thuc/t1p54/","http://www.thuccoffee.com.vn/chuyen-cua-thuc/t1p54/","Thức Coffee - Open 24/7 - Chuyện của Thức","H1: Không ngủ với Thức Coffee | H4: THỨC COFFEE - OPEN 24/7 Hotline: 1800 6230 | H4: © 2018. All Right Reserved. Thức Coffee","Thức Coffee - Open 24/7 - Chuyện của Thức Trang chủ Menu Chuyện của Thức Về chúng tôi Cửa hàng Chính sách thành viên Tuyển Dụng Liên Hệ Đăng Nhập Nhận tin khuyến mãi của Thức 1800 6230 info.thuccoffee247@gmail.com 1800 6230 Menu Chuyện của Thức Về chúng tôi Cửa hàng Chính sách thành viên Tuyển Dụng Liên Hệ Thức uống Tin tức Trang chủ Chuyện của Thức Không ngủ với Thức Coffee 13.02.2019 ⚡️⚡️ GIẢM 20% - FREESHIP - FREECALL ⚡️⚡️ &#128222;&#128222; Gọi ngay Hotline 1800 6230 để đặt hàng nhanh chóng.","71",
"200","story-list-page","/chuyen-cua-thuc/t1p6/","http://www.thuccoffee.com.vn/chuyen-cua-thuc/t1p6/","Thức Coffee - Open 24/7 - Chuyện của Thức","H1: Không ngủ với Thức Coffee | H4: THỨC COFFEE - OPEN 24/7 Hotline: 1800 6230 | H4: © 2018. All Right Reserved. Thức Coffee","Thức Coffee - Open 24/7 - Chuyện của Thức Trang chủ Menu Chuyện của Thức Về chúng tôi Cửa hàng Chính sách thành viên Tuyển Dụng Liên Hệ Đăng Nhập Nhận tin khuyến mãi của Thức 1800 6230 info.thuccoffee247@gmail.com 1800 6230 Menu Chuyện của Thức Về chúng tôi Cửa hàng Chính sách thành viên Tuyển Dụng Liên Hệ Thức uống Tin tức Trang chủ Chuyện của Thức Không ngủ với Thức Coffee 24.01.2025 THÔNG BÁO LỊCH HOẠT ĐỘNG TẾT ẤT TỴ 2025 THỨC COFFEE HOẠT ĐỘNG XUYÊN TẾT Xem Tiếp 24.01.2025 SALE SÂU GIẢM ĐẬM Đ","74",
"200","story-list-page","/chuyen-cua-thuc/t1p7/","http://www.thuccoffee.com.vn/chuyen-cua-thuc/t1p7/","Thức Coffee - Open 24/7 - Chuyện của Thức","H1: Không ngủ với Thức Coffee | H4: THỨC COFFEE - OPEN 24/7 Hotline: 1800 6230 | H4: © 2018. All Right Reserved. Thức Coffee","Thức Coffee - Open 24/7 - Chuyện của Thức Trang chủ Menu Chuyện của Thức Về chúng tôi Cửa hàng Chính sách thành viên Tuyển Dụng Liên Hệ Đăng Nhập Nhận tin khuyến mãi của Thức 1800 6230 info.thuccoffee247@gmail.com 1800 6230 Menu Chuyện của Thức Về chúng tôi Cửa hàng Chính sách thành viên Tuyển Dụng Liên Hệ Thức uống Tin tức Trang chủ Chuyện của Thức Không ngủ với Thức Coffee 16.11.2024 &#128278; CHRISTMAS COLLECTION - GIÁ DÙNG THỬ CHỈ 49.000Đ Xem Tiếp 16.11.2024 &#127876; ĐÓN GIÁNG SINH CÙNG BỘ ","74",
"200","story-list-page","/chuyen-cua-thuc/t1p8/","http://www.thuccoffee.com.vn/chuyen-cua-thuc/t1p8/","Thức Coffee - Open 24/7 - Chuyện của Thức","H1: Không ngủ với Thức Coffee | H4: THỨC COFFEE - OPEN 24/7 Hotline: 1800 6230 | H4: © 2018. All Right Reserved. Thức Coffee","Thức Coffee - Open 24/7 - Chuyện của Thức Trang chủ Menu Chuyện của Thức Về chúng tôi Cửa hàng Chính sách thành viên Tuyển Dụng Liên Hệ Đăng Nhập Nhận tin khuyến mãi của Thức 1800 6230 info.thuccoffee247@gmail.com 1800 6230 Menu Chuyện của Thức Về chúng tôi Cửa hàng Chính sách thành viên Tuyển Dụng Liên Hệ Thức uống Tin tức Trang chủ Chuyện của Thức Không ngủ với Thức Coffee 19.09.2024 KAYA TOAST ĐÃ CÓ MẶT TẠI THỨC COFFEE NEW FOOD - NEW TOAST Xem Tiếp 09.09.2024 &#127769; KHUYA TỈNH TÁO - TRÀN N","74",
"200","story-list-page","/chuyen-cua-thuc/t1p9/","http://www.thuccoffee.com.vn/chuyen-cua-thuc/t1p9/","Thức Coffee - Open 24/7 - Chuyện của Thức","H1: Không ngủ với Thức Coffee | H4: THỨC COFFEE - OPEN 24/7 Hotline: 1800 6230 | H4: © 2018. All Right Reserved. Thức Coffee","Thức Coffee - Open 24/7 - Chuyện của Thức Trang chủ Menu Chuyện của Thức Về chúng tôi Cửa hàng Chính sách thành viên Tuyển Dụng Liên Hệ Đăng Nhập Nhận tin khuyến mãi của Thức 1800 6230 info.thuccoffee247@gmail.com 1800 6230 Menu Chuyện của Thức Về chúng tôi Cửa hàng Chính sách thành viên Tuyển Dụng Liên Hệ Thức uống Tin tức Trang chủ Chuyện của Thức Không ngủ với Thức Coffee 31.07.2024 MID-AUTUMN DRINKS 2024 Tiếp nối BST Bánh Trung Thu SONG HẠC ĐÓN TRĂNG, nay Thức Coffee chính thức ra mắt Bộ Đôi","74",
